team_size,avg_utilization,overdue_ratio,blocked_ratio,slip,remaining_ratio,done_ratio,days_to_due,delayed
18,0.0,0.0,0.194,0.561,0.0009,0.0027,98.6,0
13,0.0,0.0892,0.0,0.1196,10.0,0.0235,-5.5,1
20,0.9449,0.3815,0.0,0.0,0.4975,0.951,-19.3,1
7,0.4503,0.3919,0.261,0.5131,0.0049,0.285,88.5,1
6,0.0,0.0,0.0563,0.2086,0.027,0.7969,-9.2,1
5,1.6334,0.6899,0.0,0.2821,0.0114,0.0329,49.2,1
10,1.7197,0.2742,0.1182,0.0,0.0004,0.6594,37.0,0
17,0.2838,0.6247,0.0,0.2223,10.0,0.3494,-5.5,1
11,0.3762,0.0,0.038,0.3291,0.5493,0.3832,-24.8,1
2,0.8296,0.0851,0.0526,0.2509,0.0328,0.1674,97.9,0
12,1.6411,0.1244,0.0,0.4575,0.646,0.0866,12.9,0
7,1.3179,0.1019,0.0,0.2564,3.6456,0.2157,9.1,1
4,0.9953,0.0,0.2458,0.0,0.0055,0.9632,-9.0,1
13,1.538,0.2874,0.1289,0.0329,0.0386,0.3044,-28.5,1
4,0.0028,0.1835,0.0,0.0367,0.0186,0.904,95.1,0
11,0.7023,0.0,0.3079,0.4886,0.4075,0.2683,109.3,0
7,1.7274,0.0,0.0517,0.22,10.0,0.2286,-27.0,1
8,0.0523,0.0,0.0,0.4371,0.0296,0.5087,22.8,0
6,0.8031,0.4204,0.1601,0.0013,0.0585,0.5796,18.5,0
12,0.5026,0.0,0.175,0.1883,0.0197,0.5625,49.5,0
5,0.5075,0.1606,0.0,0.1077,0.8182,0.3678,-22.0,1
10,1.3718,0.2964,0.0,0.0,0.0166,0.7773,-21.5,1
11,0.2385,0.0,0.0575,0.1226,0.2459,0.7105,-12.3,1
6,1.047,0.0,0.1809,0.1629,0.1637,0.5697,14.4,0
5,0.0,0.3805,0.0,0.5229,0.025,0.1308,72.0,1
6,0.1026,0.4154,0.0,0.0,0.7095,0.4628,66.4,0
14,1.5606,0.3765,0.0,0.2946,0.0029,0.4235,23.1,0
9,0.8823,0.1703,0.0121,0.0,0.0603,0.3293,-4.1,1
19,1.607,0.1497,0.0293,0.0,0.0249,0.7817,103.2,0
7,0.1553,0.0,0.3756,0.5949,0.0162,0.357,96.4,0
13,0.8107,0.3943,0.1234,0.0,0.0025,0.2864,95.7,0
10,1.2583,0.0,0.3281,0.1674,0.3075,0.2222,100.3,0
19,0.5906,0.0,0.1459,0.0216,0.0004,0.4525,103.7,0
9,0.8194,0.0634,0.0,0.0399,0.0457,0.3922,41.9,0
13,0.6998,0.4865,0.0,0.5753,0.0325,0.4505,40.7,0
16,0.0,0.0,0.0646,0.0559,5.7557,0.4158,2.3,1
9,0.2619,0.0882,0.0,0.0009,0.7809,0.49,-3.2,1
18,0.3891,0.0,0.131,0.007,10.0,0.1848,-9.1,1
11,0.7435,0.5326,0.0725,0.257,0.1952,0.2217,49.9,0
13,1.198,0.1998,0.4029,0.0,0.0588,0.3992,52.7,1
12,1.9032,0.0284,0.0,0.3003,0.006,0.1721,28.6,0
14,0.7545,0.5038,0.0,0.592,0.3079,0.2407,1.3,0
14,0.4726,0.0,0.0839,0.0,0.0133,0.4292,95.0,0
4,1.2278,0.1663,0.0,0.0,0.0227,0.453,84.7,0
11,1.2196,0.0,0.2036,0.5236,0.0001,0.9767,40.6,0
15,0.0,0.2593,0.4411,0.3085,0.001,0.2919,80.8,0
17,0.5264,0.0739,0.5537,0.3618,0.0557,0.2759,99.2,0
16,0.0,0.3315,0.0775,0.3663,0.2327,0.742,-15.1,1
18,0.0,0.1247,0.3592,0.5237,0.0024,0.7676,103.4,0
2,1.6654,0.382,0.0806,0.466,6.3646,0.6254,24.4,1
7,1.5121,0.0,0.0,0.3256,0.1501,0.6268,35.5,0
17,0.8477,0.4336,0.0588,0.0,0.0076,0.0007,112.4,0
1,1.64,0.0,0.3772,0.3957,0.0116,0.7367,104.7,0
8,0.0641,0.1226,0.1598,0.0,0.0387,0.9606,16.5,0
18,1.0329,0.6211,0.0804,0.5332,0.1015,0.117,91.3,0
1,0.9734,0.3813,0.1348,0.4581,0.0901,0.3155,115.2,0
16,0.0546,0.0,0.1188,0.3084,0.0075,0.8269,12.7,0
15,1.8528,0.1056,0.0,0.0,0.0001,0.9581,96.0,0
14,1.5598,0.2672,0.0,0.5328,0.027,0.0629,114.0,0
6,1.5361,0.5195,0.0676,0.4062,1.0836,0.1436,77.8,1
16,1.3364,0.0,0.1335,0.3389,0.015,0.543,58.2,0
20,0.0,0.6297,0.2924,0.0,0.0002,0.9013,110.8,0
15,0.3312,0.1328,0.1511,0.4413,0.0007,0.8667,64.2,0
19,1.9901,0.3436,0.3779,0.0,0.0007,0.8014,55.1,0
20,1.143,0.1725,0.2332,0.0,5.5306,0.4408,-10.0,1
16,1.2152,0.258,0.4851,0.1006,3.6744,0.7816,-1.1,1
2,0.0406,0.0,0.0,0.5439,0.8508,0.528,55.5,0
10,1.3112,0.156,0.0845,0.2599,0.1471,0.4235,64.1,1
10,0.2123,0.0,0.1379,0.2727,0.0022,0.121,116.2,1
7,0.5334,0.2694,0.0,0.2711,0.2065,0.5301,59.6,0
7,0.72,0.0,0.2162,0.0758,0.3964,0.8044,10.4,0
11,0.8653,0.0,0.0,0.1053,0.9145,0.0,-18.0,1
20,0.5042,0.1359,0.322,0.3465,0.2751,0.2592,110.0,0
19,0.0296,0.2119,0.2564,0.0771,0.0038,0.6213,90.9,0
6,1.4704,0.4695,0.1299,0.1622,0.014,0.416,69.7,0
14,1.0447,0.1631,0.0,0.0,0.0245,0.422,-23.1,1
13,0.1861,0.0467,0.0,0.0,0.0005,0.7308,23.9,0
14,1.2903,0.5435,0.2188,0.2201,0.0006,0.2737,102.0,0
17,1.5613,0.2663,0.0,0.3878,0.0336,0.0,77.3,0
18,0.0,0.2767,0.041,0.3107,0.0031,0.1294,12.4,0
17,1.1355,0.2903,0.0,0.297,0.0086,0.7646,54.6,0
13,1.3317,0.3425,0.0,0.3448,0.1759,0.9113,-19.2,0
20,1.4472,0.0,0.2038,0.017,0.3897,0.0367,33.9,0
12,0.8461,0.0821,0.5011,0.2783,0.0304,0.1532,101.3,0
14,1.9593,0.4139,0.1076,0.0,0.0352,0.213,16.4,0
2,1.6339,0.0498,0.0,0.2777,10.0,0.1083,-24.1,1
5,0.0,0.2108,0.096,0.0,0.0208,0.808,100.0,0
18,0.6821,0.1757,0.3475,0.0,1.775,0.5252,-15.8,1
3,1.4976,0.0,0.0059,0.2672,0.0911,0.1782,55.8,0
16,1.8476,0.0,0.0546,0.0,0.002,0.8992,115.5,0
7,1.66,0.2443,0.023,0.3731,0.0061,0.5281,47.5,0
18,0.6827,0.0,0.0351,0.0,0.0112,0.8687,98.9,0
14,0.02,0.0,0.1934,0.3678,0.0014,0.7739,111.2,0
18,0.0,0.0,0.0,0.0,0.0395,0.1109,53.2,1
13,0.9109,0.0031,0.0578,0.1276,0.2849,0.0835,51.0,0
8,1.9201,0.8126,0.0,0.3917,0.0367,0.8309,-8.9,1
8,1.2426,0.2129,0.0,0.3458,0.0675,0.1465,49.9,0
13,0.5238,0.3717,0.0,0.0,0.0171,0.5499,101.7,0
17,0.0,0.2652,0.0398,0.0822,0.1652,0.615,12.9,0
20,1.6665,0.1421,0.0,0.0628,0.0072,0.4737,3.5,0
13,1.6976,0.0,0.122,0.5844,0.0752,0.4134,-29.3,0
19,1.6848,0.3003,0.145,0.0052,0.629,0.2347,-24.2,1
2,1.3954,0.3217,0.0591,0.1567,0.0028,0.5902,118.0,0
11,1.2359,0.091,0.0945,0.32,0.0006,0.9426,119.3,0
16,0.5299,0.093,0.1985,0.0731,0.1665,0.0734,80.0,0
1,0.4792,0.0531,0.117,0.0,10.0,0.0,56.4,1
12,1.864,0.0,0.0,0.0541,0.0004,0.9624,118.6,0
15,1.9528,0.0341,0.0,0.0,0.0308,0.9457,82.5,0
9,0.1204,0.0,0.0647,0.0,0.002,0.3565,89.8,0
11,1.9866,0.2317,0.1052,0.0,0.0557,0.8614,36.5,0
20,1.3659,0.783,0.352,0.1409,0.2881,0.0,57.9,0
3,1.5496,0.0,0.0,0.0,0.0956,0.7939,36.2,0
14,0.0,0.2408,0.0,0.4495,0.0472,0.0,93.8,0
2,0.4075,0.3721,0.0,0.138,0.0184,0.6798,46.2,0
2,0.1287,0.0153,0.0,0.235,0.0877,0.0638,101.9,0
4,0.6181,0.0738,0.5241,0.0,2.1701,0.1468,63.4,1
1,1.2853,0.0,0.4703,0.3714,1.8469,0.717,-21.8,1
12,1.8347,0.2461,0.4273,0.581,0.0023,0.0822,92.6,0
2,1.7738,0.0476,0.2271,0.0,4.0979,0.0,67.8,1
15,0.4042,0.0,0.2164,0.3289,0.0258,0.5323,46.6,0
9,0.8657,0.0877,0.3215,0.5368,10.0,0.0827,-11.4,1
6,0.0,0.0,0.1438,0.1858,0.3072,0.1666,61.9,0
20,0.812,0.1775,0.2869,0.3489,0.0197,0.1179,101.9,0
18,0.1599,0.0969,0.4361,0.0,0.2017,0.5869,9.6,0
16,0.2424,0.1611,0.0,0.4319,0.0185,0.0,80.8,0
6,0.8593,0.2474,0.0375,0.0,10.0,0.0,12.6,1
17,1.6771,0.2912,0.0811,0.2477,0.0006,0.462,51.9,1
15,1.0238,0.0,0.1796,0.0,0.0001,0.9662,99.9,0
15,1.2902,0.0,0.0,0.1105,0.0008,0.5773,50.8,0
20,0.5111,0.3166,0.4496,0.1986,0.2055,0.0,59.3,0
20,0.2312,0.5735,0.0564,0.0,0.0116,0.2944,50.3,0
12,0.2188,0.3392,0.0,0.0,0.0105,0.9105,79.7,0
9,0.0,0.3882,0.1353,0.1577,0.0022,0.3258,91.0,0
14,0.3553,0.0,0.4083,0.0,0.0006,0.7081,109.7,1
7,0.5606,0.4482,0.1588,0.1763,0.5527,0.0,69.6,0
15,1.2248,0.1389,0.4889,0.0,0.0005,0.0,86.7,1
11,0.0,0.2355,0.0,0.1829,1.8584,0.5674,35.1,1
17,0.9289,0.1912,0.0645,0.0,0.0075,0.3067,59.7,0
1,0.3625,0.1353,0.1356,0.2951,10.0,0.6747,-0.5,1
9,0.2921,0.3131,0.2041,0.0571,0.0061,0.9603,54.7,0
19,0.7993,0.0713,0.0926,0.148,0.2663,0.8391,-28.9,1
11,1.7993,0.5484,0.1132,0.0,0.1361,0.4115,47.8,0
18,0.032,0.0,0.4621,0.0,0.0049,0.0727,72.6,0
13,1.3391,0.4053,0.0,0.3194,0.0016,0.1631,108.1,0
4,1.3291,0.0,0.0295,0.5539,0.0008,0.9625,113.3,0
20,1.7043,0.2478,0.046,0.1724,0.0173,0.1054,90.3,0
5,1.0273,0.0,0.0,0.4019,0.1506,0.738,-29.3,1
13,1.0802,0.1567,0.3187,0.4872,0.0004,0.7583,88.6,0
17,1.6155,0.0,0.0,0.0,0.02,0.6234,79.5,0
16,0.9993,0.0,0.1905,0.0,0.0024,0.1159,76.5,0
10,0.8536,0.182,0.2022,0.4656,0.0047,0.0652,71.1,0
3,0.4769,0.4901,0.0,0.0,0.0015,0.3425,105.8,0
14,0.9429,0.4411,0.0,0.2751,9.9292,0.531,-8.1,1
8,0.9141,0.5773,0.0499,0.0,0.0033,0.2635,93.4,0
14,1.775,0.1431,0.0,0.4304,2.9975,0.8302,-4.8,1
4,0.0,0.3588,0.1043,0.1467,10.0,0.673,0.3,1
1,0.7714,0.2449,0.281,0.2612,0.5181,0.8156,99.9,0
1,1.1801,0.0,0.137,0.3433,5.3592,0.5904,7.8,1
18,0.9103,0.403,0.0111,0.0056,0.0166,0.0537,72.9,0
2,0.0,0.0,0.0,0.4644,10.0,0.0,-0.1,1
15,0.1261,0.3286,0.178,0.0323,0.0069,0.2988,67.6,0
17,0.3482,0.2465,0.0333,0.0,0.0186,0.0,62.9,0
13,0.4618,0.0,0.0037,0.0,0.0206,0.6304,29.8,0
2,0.751,0.1177,0.1452,0.0,0.0186,0.0585,118.0,0
12,1.8726,0.4634,0.0898,0.3735,0.2503,0.2467,104.1,0
7,1.9696,0.1218,0.1303,0.5437,1.1029,0.3444,-10.2,1
4,0.7133,0.6036,0.0,0.0,0.019,0.0,82.0,0
3,0.8795,0.0,0.1685,0.0644,0.0188,0.0,30.0,0
19,0.0,0.0891,0.4118,0.4403,0.006,0.5605,63.3,0
7,1.2564,0.2607,0.1874,0.0,0.0173,0.8507,13.9,0
13,0.4294,0.0,0.0381,0.0,0.0012,0.2139,48.6,0
7,0.5189,0.0,0.0545,0.5011,0.0019,0.8645,69.1,0
18,0.5191,0.2228,0.0,0.2128,0.0004,0.5732,105.1,0
8,1.5155,0.499,0.1155,0.0,0.1742,0.4302,-22.0,1
11,0.0,0.0,0.0047,0.0324,0.0841,0.7583,92.7,0
17,0.6949,0.0,0.0188,0.3172,0.0006,0.7959,106.3,0
9,1.8131,0.4076,0.0,0.5082,2.378,0.1767,4.0,1
18,1.0665,0.2946,0.0,0.0,0.0417,0.6353,65.5,0
11,0.0,0.0,0.2482,0.5354,8.5436,0.4906,-25.8,1
1,0.4846,0.3888,0.0557,0.5554,0.234,0.8837,116.2,0
15,1.9437,0.6771,0.0325,0.2533,0.0121,0.1222,35.5,0
16,0.1028,0.1176,0.1367,0.1425,0.1084,0.2375,31.5,0
9,0.052,0.0,0.0,0.2595,0.3284,0.3286,27.7,0
4,0.6155,0.2149,0.0,0.3472,0.008,0.1341,109.0,0
6,1.0301,0.5072,0.0048,0.0,0.0098,0.3514,67.7,0
5,0.3337,0.0,0.0,0.0,0.152,0.042,78.8,0
8,0.4701,0.1176,0.1807,0.545,0.162,0.1143,14.6,0
10,1.7105,0.2177,0.0586,0.4901,0.0055,0.154,40.5,0
13,0.8392,0.0,0.0952,0.0,0.1649,0.2205,20.3,0
19,1.7735,0.299,0.0,0.0603,0.0249,0.4685,21.8,0
8,0.2156,0.2981,0.0319,0.0,0.0027,0.8877,11.6,0
9,0.6096,0.1552,0.0,0.0,0.1186,0.0436,116.1,0
4,1.2718,0.1509,0.0781,0.5326,0.0009,0.9345,67.0,0
13,0.5836,0.4846,0.0,0.2217,0.0085,0.613,80.6,0
1,0.0856,0.1532,0.0,0.4678,3.0058,0.0,5.5,1
7,1.6464,0.289,0.0,0.3889,0.002,0.0552,59.4,0
7,0.7531,0.0,0.0,0.0035,0.0793,0.1368,59.3,0
18,1.4103,0.1438,0.0036,0.0843,1.2556,0.0,7.8,1
15,1.1176,0.3487,0.1006,0.0,0.0163,0.8837,55.9,0
8,1.9616,0.0,0.1767,0.3377,10.0,0.0589,-24.4,1
8,1.8538,0.2529,0.0276,0.4606,0.0544,0.0,62.8,0
17,1.6329,0.0,0.0,0.0,0.0679,0.7916,55.9,0
14,0.2183,0.4066,0.0,0.0552,5.8195,0.9153,-1.8,1
2,1.7907,0.3225,0.0168,0.4487,1.394,0.8712,-29.8,1
17,1.1613,0.4051,0.0,0.0,0.0042,0.3275,63.9,0
19,0.8189,0.2689,0.0897,0.1673,0.001,0.4284,76.6,0
7,0.54,0.2346,0.4755,0.3265,0.5883,0.6004,-2.0,1
2,0.7258,0.2208,0.0654,0.5529,0.2266,0.3941,44.2,0
16,1.6345,0.3379,0.1597,0.4199,0.0852,0.2276,12.6,1
17,0.1827,0.599,0.2606,0.4374,0.0042,0.0,21.7,0
9,1.8086,0.0904,0.0931,0.0,0.0182,0.6945,119.5,0
17,0.7304,0.0,0.1785,0.049,0.004,0.6589,56.5,0
14,1.5706,0.3232,0.0756,0.3503,10.0,0.0326,-14.0,1
6,1.4857,0.0854,0.0625,0.0,0.2343,0.396,-8.0,1
2,0.7449,0.0,0.0258,0.2905,0.0285,0.1864,78.1,0
4,1.8114,0.2898,0.0,0.3886,0.0351,0.3329,55.2,0
3,0.3998,0.2674,0.3906,0.1624,3.6421,0.0,106.2,1
3,0.0996,0.3425,0.0,0.3986,0.0093,0.9665,68.5,0
16,1.2477,0.1409,0.0,0.3381,0.5494,0.6817,14.0,0
6,1.5335,0.0,0.3,0.5998,0.1539,0.0,112.1,0
12,1.5656,0.0,0.0,0.0,0.0151,0.717,-25.6,1
7,0.0,0.3877,0.1801,0.0,0.015,0.8669,39.7,0
4,0.5693,0.1628,0.1593,0.1741,0.0042,0.3706,108.4,0
13,0.1536,0.3092,0.0759,0.0,0.0025,0.1301,69.9,0
3,0.123,0.2239,0.3215,0.1113,0.0062,0.037,84.8,0
8,0.5007,0.3268,0.7208,0.0,0.0232,0.9539,-10.6,1
3,0.0,0.0,0.0,0.2885,0.0448,0.2572,72.9,0
12,0.2078,0.6437,0.0883,0.0774,4.5103,0.175,21.0,1
19,1.2242,0.4324,0.4032,0.3917,0.5324,0.0,-21.4,1
2,1.7214,0.1601,0.0662,0.5566,10.0,0.6927,-10.4,0
5,1.139,0.0244,0.1035,0.1114,0.0726,0.0839,92.0,0
3,0.6187,0.0,0.0,0.1027,0.0166,0.5713,87.5,0
13,0.696,0.0,0.2581,0.0,1.437,0.7405,-17.6,1
4,0.0,0.1211,0.0,0.5565,0.1901,0.0,11.2,0
1,1.3335,0.2817,0.2992,0.2457,10.0,0.0,-20.6,1
3,1.0123,0.073,0.1493,0.2093,0.1182,0.5501,31.7,0
16,0.5871,0.0,0.0,0.5485,0.4576,0.7196,-10.4,0
5,1.9403,0.0843,0.0,0.0,0.0219,0.3221,47.4,0
13,1.8227,0.0,0.0,0.0522,0.1355,0.2344,48.5,0
4,1.0373,0.2753,0.4569,0.3653,0.0181,0.5603,97.9,0
11,0.682,0.2627,0.0,0.2705,0.0617,0.9071,90.8,0
11,0.2013,0.3736,0.108,0.3198,0.001,0.0,65.7,0
12,1.9291,0.0,0.1855,0.4212,0.8858,0.3909,-24.2,1
10,1.5966,0.0,0.0,0.0614,0.0505,0.1759,86.7,0
7,1.3558,0.0,0.0518,0.4515,0.1811,0.3629,32.6,0
14,1.2173,0.5159,0.0,0.0854,0.0268,0.6238,-21.3,1
10,0.0,0.0,0.2601,0.2953,0.0353,0.5441,-26.6,1
13,0.5851,0.0549,0.0,0.0,0.7247,0.31,106.9,0
9,1.1047,0.0,0.0694,0.0841,0.0425,0.3749,-26.6,1
1,0.2875,0.1198,0.0,0.0,0.1623,0.7913,14.8,0
13,1.8592,0.0,0.0,0.5704,0.023,0.0,55.0,0
1,1.5175,0.1352,0.0058,0.0,1.8379,0.5019,0.5,1
2,0.8811,0.0,0.0,0.0,1.2922,0.0,109.1,1
4,0.0,0.6756,0.2804,0.1349,0.0018,0.8593,18.4,0
10,0.8469,0.0,0.0,0.5732,0.983,0.331,78.2,0
5,1.5976,0.0,0.0016,0.0,0.1089,0.0,104.6,0
16,1.1446,0.1533,0.1361,0.0,0.0042,0.5085,54.6,0
11,1.0415,0.0416,0.0429,0.1307,0.0025,0.0758,44.6,0
8,0.4916,0.0,0.0,0.0,0.0004,0.5866,59.2,0
2,0.0515,0.1198,0.031,0.4545,10.0,0.0,-23.5,1
5,0.5043,0.0,0.1467,0.0521,0.1053,0.6964,-26.9,1
10,0.7057,0.0505,0.0,0.0,0.0145,0.091,79.2,0
1,1.2552,0.0,0.0,0.3881,0.9927,0.4464,35.1,1
18,1.5395,0.1196,0.314,0.0,0.0869,0.102,45.3,0
14,0.6095,0.0037,0.0,0.2325,0.0605,0.8368,38.1,0
5,0.0,0.2879,0.0,0.0,2.1565,0.0945,-22.6,1
3,0.0,0.0,0.0731,0.5969,0.0045,0.4735,88.6,0
12,1.271,0.0,0.0,0.0,0.0007,0.8024,79.0,0
12,1.8538,0.1322,0.1474,0.1435,0.7306,0.4653,45.0,1
20,1.8368,0.0,0.0284,0.0,0.1144,0.1503,68.6,0
19,0.0,0.2641,0.0,0.0,0.0007,0.0072,113.7,0
6,1.4971,0.0,0.0763,0.0,0.2836,0.7117,62.1,0
13,0.3104,0.2001,0.1854,0.5513,0.1084,0.2284,103.1,0
15,0.5013,0.2229,0.0148,0.0,8.5947,0.1555,-7.8,1
13,1.56,0.0,0.0071,0.0,0.4273,0.1088,103.9,0
8,1.0665,0.1101,0.0,0.0,0.004,0.6388,92.5,0
4,1.9762,0.0,0.6471,0.0905,0.1094,0.2686,75.2,0
16,1.1533,0.0,0.3876,0.3495,0.0213,0.795,30.0,0
4,0.0,0.1658,0.4505,0.4658,0.0135,0.7106,78.9,0
20,1.7074,0.1762,0.103,0.0,10.0,0.1888,-1.5,1
2,0.5001,0.071,0.0,0.0,1.6107,0.3668,98.1,1
19,1.6046,0.4371,0.0,0.4882,0.0026,0.0,24.2,0
12,0.9327,0.1789,0.1117,0.4814,0.0004,0.8199,117.1,0
20,0.9631,0.44,0.1379,0.0,0.0002,0.0,116.1,0
14,0.1083,0.1171,0.4975,0.2718,5.3812,0.8506,-24.0,1
6,0.313,0.3664,0.0,0.592,0.383,0.4123,-29.6,1
12,0.0003,0.1474,0.0,0.2118,0.0006,0.3824,112.9,0
18,1.4882,0.1054,0.0,0.4805,0.0328,0.8435,69.4,0
15,0.0,0.0,0.0,0.0,0.0024,0.8444,11.7,0
2,0.424,0.0,0.1103,0.0,10.0,0.5332,1.7,1
9,0.1551,0.0,0.0,0.0969,0.0508,0.6235,16.4,0
14,1.3425,0.4419,0.1012,0.4877,0.6793,0.0927,69.1,0
14,1.2971,0.6249,0.0,0.1479,0.1471,0.3594,41.5,0
5,1.748,0.3974,0.4071,0.0,0.5519,0.2612,-20.4,1
1,0.7499,0.0,0.0,0.0385,3.3627,0.3083,3.2,1
9,1.2782,0.0828,0.2555,0.2265,0.0052,0.6775,51.7,0
20,0.7192,0.3034,0.0,0.1377,0.0862,0.2035,-28.2,1
19,1.4995,0.0,0.0,0.1058,10.0,0.0559,-25.6,1
18,0.6043,0.0301,0.535,0.4625,0.7436,0.6324,-15.4,1
6,0.1885,0.0199,0.0,0.5926,0.0207,0.9514,108.8,0
7,0.4674,0.5733,0.0,0.5234,0.0019,0.0638,115.9,0
7,0.9317,0.1019,0.192,0.2862,0.2825,0.3226,57.3,0
11,0.0703,0.6161,0.2591,0.4984,0.0593,0.5588,50.0,0
16,0.1759,0.5157,0.0241,0.0141,0.5311,0.3328,-20.9,1
15,1.2939,0.0,0.2037,0.5202,0.0069,0.2602,33.0,0
8,1.9297,0.2041,0.0,0.0389,0.018,0.6403,89.0,0
17,1.1761,0.0,0.3502,0.0,0.0004,0.8623,75.8,0
14,1.9467,0.342,0.497,0.3275,0.0116,0.0,68.7,0
20,0.1412,0.1417,0.288,0.0376,0.4766,0.224,19.0,0
8,0.6189,0.1478,0.1579,0.3752,0.2525,0.7468,-27.1,1
18,1.4953,0.3048,0.0451,0.0,0.0009,0.7277,55.0,0
4,0.2232,0.0,0.0,0.0364,0.0155,0.0,23.1,0
3,0.0,0.343,0.2716,0.5608,0.1591,0.4565,3.9,0
5,1.9087,0.0,0.2954,0.2147,0.0247,0.0,112.6,0
19,0.7307,0.0,0.0,0.394,0.0572,0.8065,-23.2,1
5,1.5408,0.0,0.0704,0.0,0.0022,0.1675,76.4,0
6,0.1062,0.084,0.0,0.1169,0.0026,0.0,97.1,0
14,1.7456,0.1729,0.2785,0.1005,0.1046,0.638,58.8,1
14,0.4492,0.1108,0.0,0.0,0.0768,0.0,65.9,0
9,0.8273,0.2848,0.0,0.5523,0.0493,0.5742,-13.7,1
19,1.7729,0.2819,0.0,0.0,0.0006,0.6889,111.9,1
12,0.8208,0.3105,0.0055,0.3866,2.1343,0.0,18.8,1
20,1.5135,0.5819,0.0,0.061,10.0,0.0912,-20.6,0
16,0.6289,0.3377,0.1212,0.1407,0.4959,0.7416,-5.5,1
7,1.2182,0.101,0.2387,0.2568,0.1194,0.3718,70.4,0
19,0.5172,0.1593,0.3631,0.3642,0.4416,0.0,65.4,0
19,1.4879,0.0,0.4855,0.0,0.0002,0.6485,60.4,0
2,0.0,0.2751,0.3949,0.1234,0.1444,0.9452,119.6,0
4,0.2893,0.3628,0.0,0.1917,0.0129,0.6381,99.0,0
13,1.6916,0.0896,0.4088,0.4238,0.0024,0.7991,28.2,0
7,0.9031,0.1931,0.3118,0.284,1.7361,0.0,-10.7,1
20,0.7207,0.1974,0.0,0.2308,0.0112,0.4304,34.6,0
1,0.9415,0.0,0.1233,0.0,0.0004,0.9561,100.2,0
15,0.2311,0.0122,0.0,0.5189,0.1322,0.0415,-15.5,1
18,1.6612,0.2827,0.0287,0.1512,0.0002,0.8461,47.4,0
11,1.5627,0.5156,0.1742,0.2478,0.0132,0.1889,7.5,0
19,0.0,0.0,0.023,0.2693,0.1977,0.3557,37.9,1
9,1.8155,0.0,0.1021,0.0,0.0046,0.0,42.1,0
5,1.1969,0.6412,0.0,0.0,0.0565,0.6301,30.3,0
15,1.4606,0.0,0.0,0.5337,0.1615,0.02,105.6,0
20,0.2325,0.3216,0.5438,0.0,0.0054,0.196,29.7,0
1,0.9943,0.3002,0.3158,0.2999,3.6639,0.0,-25.6,1
1,0.9963,0.0,0.0215,0.0,2.2241,0.4388,12.9,1
2,0.1916,0.0,0.489,0.3375,0.0296,0.0,42.1,0
6,0.9879,0.0,0.5939,0.0,0.1033,0.7127,-22.2,1
1,1.6256,0.0361,0.0514,0.5468,3.3098,0.344,-24.2,1
17,0.4212,0.0,0.5409,0.0416,10.0,0.0698,-17.0,1
18,0.3652,0.0,0.0108,0.3775,0.0008,0.0924,70.6,0
12,0.0385,0.6256,0.1134,0.0,1.7119,0.2761,15.5,1
8,0.8803,0.0,0.1212,0.0,0.0915,0.2807,10.9,0
19,1.3,0.3691,0.5397,0.0,0.2475,0.5437,27.3,0
11,0.1054,0.2694,0.0628,0.0,0.0032,0.0,28.0,0
7,1.101,0.4362,0.0,0.0,0.0254,0.0018,80.4,1
13,0.3709,0.0,0.1656,0.0,0.4639,0.5792,42.0,0
10,1.9934,0.2068,0.0234,0.0,0.0039,0.5774,88.0,0
17,1.2246,0.0,0.3306,0.3975,0.0024,0.4292,111.1,0
7,0.7695,0.1004,0.6033,0.4609,0.7495,0.0263,1.2,0
15,1.5278,0.3035,0.2014,0.0,0.0015,0.5265,93.5,0
14,1.7818,0.0968,0.0656,0.0,0.0044,0.6685,112.5,0
4,0.6702,0.2179,0.0,0.3741,1.1689,0.3295,86.4,1
16,1.4479,0.0,0.393,0.0164,0.0044,0.9078,81.8,0
12,1.4993,0.5206,0.0127,0.4081,0.3227,0.9108,0.3,1
20,0.8828,0.3054,0.5564,0.5011,0.1594,0.3073,15.0,0
15,0.6305,0.0,0.1774,0.5753,0.1324,0.0555,26.5,0
14,1.2864,0.1238,0.2497,0.3729,0.1004,0.8645,44.0,0
3,0.9993,0.1603,0.0044,0.2737,0.0749,0.0,91.6,0
15,1.8619,0.4671,0.0,0.0,0.0598,0.8261,117.1,0
17,0.0737,0.0,0.0,0.0,0.0004,0.5305,85.1,0
18,1.0806,0.1581,0.0,0.5514,2.4857,0.266,-15.4,1
19,1.4475,0.3782,0.067,0.0,0.0522,0.7373,86.5,0
11,1.3101,0.0,0.3863,0.1598,0.4618,0.4708,53.4,0
14,1.2526,0.0,0.0,0.035,1.5845,0.1096,-17.9,1
20,0.8988,0.0,0.1401,0.1744,0.024,0.4634,-14.9,1
4,0.7182,0.0483,0.0,0.5776,2.7898,0.1968,103.4,1
10,0.5241,0.0,0.0,0.4961,0.0105,0.0249,43.4,0
2,0.1841,0.1249,0.1486,0.371,0.067,0.1663,74.0,0
15,0.8862,0.2948,0.1204,0.3664,0.0008,0.4763,108.6,1
15,0.0,0.0,0.4323,0.0,4.4057,0.1144,5.6,1
13,1.5974,0.2545,0.2697,0.0,0.0314,0.7503,-11.1,1
12,1.1914,0.151,0.0,0.1427,0.013,0.3544,33.4,0
10,1.2995,0.5513,0.197,0.0,0.8875,0.2124,63.6,1
2,1.3986,0.0,0.0,0.0972,1.2344,0.1789,94.6,1
17,0.0,0.2195,0.0813,0.4252,0.0432,0.4999,65.7,0
7,1.0196,0.5799,0.2976,0.0,0.054,0.484,33.9,0
11,0.0,0.0747,0.2161,0.3776,0.0403,0.5451,80.2,0
17,0.0,0.3854,0.3872,0.2757,1.2799,0.0287,6.8,0
1,0.0,0.5864,0.1926,0.0,0.5538,0.5228,7.0,0
17,1.0617,0.0,0.0752,0.5248,0.2217,0.5322,71.3,0
10,1.6553,0.2861,0.1365,0.131,0.0342,0.1648,7.3,0
17,1.4452,0.0815,0.3004,0.2367,1.0893,0.5872,-15.2,1
10,0.117,0.0,0.0,0.0646,0.0654,0.4802,35.8,0
15,0.0,0.5629,0.0249,0.0821,0.1394,0.6326,6.0,0
5,1.8645,0.4245,0.3905,0.0465,5.2305,0.0,-25.3,1
3,0.5054,0.0676,0.0825,0.0,0.3225,0.5358,99.0,0
3,0.0,0.53,0.0,0.208,0.049,0.7579,87.5,0
7,0.0973,0.1536,0.3451,0.0,0.0015,0.7991,110.5,0
18,0.5744,0.225,0.1634,0.382,0.2837,0.2166,-1.2,1
19,1.8301,0.6868,0.0687,0.1456,0.5632,0.1945,51.9,1
18,0.0,0.0294,0.3867,0.2651,0.0434,0.6198,50.2,0
8,1.3044,0.1653,0.0,0.0,0.0019,0.4252,114.2,0
2,0.6512,0.0,0.283,0.0,0.2578,0.7377,24.3,0
16,0.0,0.0367,0.001,0.3886,0.0445,0.1195,86.3,0
17,1.0842,0.2891,0.3366,0.4077,0.0259,0.6837,66.2,0
1,0.0,0.0,0.0182,0.0467,10.0,0.5482,-9.8,1
19,0.0,0.1514,0.0353,0.5725,0.0037,0.7558,5.3,0
10,1.5273,0.1437,0.0,0.054,0.1814,0.4812,-24.9,1
20,0.8931,0.0,0.6126,0.5155,0.4242,0.4744,26.6,0
15,0.3071,0.2348,0.0,0.1967,1.2836,0.0,18.3,1
13,0.2404,0.4816,0.0,0.3579,4.8833,0.5141,4.7,1
8,0.6873,0.2648,0.0,0.0078,0.0018,0.6619,18.4,0
12,0.0984,0.5136,0.0,0.0,0.0002,0.9435,18.2,0
14,0.4984,0.2273,0.1316,0.4467,0.0017,0.9712,91.0,0
7,1.383,0.0,0.0,0.4569,0.0623,0.5885,103.7,0
20,1.7816,0.0,0.0,0.077,0.0143,0.1614,92.7,0
16,1.8547,0.0115,0.3219,0.0834,10.0,0.0,-29.3,1
4,1.1768,0.3198,0.0,0.4972,0.0136,0.0645,44.3,0
8,0.968,0.0,0.13,0.0,0.1267,0.9223,13.9,0
4,0.0668,0.6114,0.0,0.1909,0.0848,0.2056,68.3,0
16,0.1887,0.2667,0.0,0.1683,0.008,0.9787,2.8,0
16,1.6325,0.5775,0.0,0.5107,0.0226,0.0451,113.0,0
18,1.674,0.4484,0.1918,0.0,0.4094,0.3494,1.3,0
15,1.9335,0.2104,0.1676,0.0,0.0003,0.7307,85.0,0
10,0.0104,0.0,0.1401,0.0,2.7024,0.9381,-24.6,1
2,0.9167,0.0,0.0,0.4923,0.0102,0.8612,75.5,0
12,0.9563,0.3068,0.3763,0.0193,0.0056,0.8909,22.1,0
8,1.4714,0.6187,0.0,0.0,10.0,0.2372,-10.9,1
16,0.0006,0.1551,0.0,0.0959,0.0062,0.7475,93.6,0
5,0.7898,0.0,0.0,0.0,3.7519,0.8126,-15.6,1
2,0.417,0.5325,0.1036,0.5957,0.0148,0.2654,41.9,0
2,0.4476,0.0,0.0,0.5731,4.4728,0.6661,39.2,1
18,0.8328,0.216,0.0,0.0,0.0003,0.6082,86.3,0
15,0.4167,0.0662,0.0232,0.0,0.0163,0.2813,79.3,0
17,1.0943,0.0,0.0082,0.0,0.0172,0.0996,82.5,0
10,1.2845,0.0,0.0,0.3323,1.0672,0.054,98.0,1
3,0.8761,0.0,0.0,0.0,1.326,0.0,-18.5,1
13,1.2066,0.1586,0.1066,0.0,0.5773,0.1527,85.3,0
3,0.5566,0.065,0.4133,0.0,0.162,0.3056,58.5,0
3,0.2067,0.0,0.2234,0.0,1.7812,0.4027,-17.0,1
2,1.8187,0.1968,0.2501,0.4617,0.1046,0.8449,97.5,0
11,0.2347,0.1632,0.0,0.0,0.0032,0.7717,92.5,0
6,1.2703,0.0403,0.0341,0.0,0.0045,0.7604,62.2,0
12,1.9211,0.0,0.1819,0.0,0.159,0.7594,-2.7,1
3,1.8223,0.0,0.1991,0.2656,0.2873,0.5847,-26.4,1
7,0.8064,0.4628,0.0,0.1916,0.0039,0.2603,75.9,0
2,0.9245,0.7025,0.0,0.0524,0.6811,0.0,40.8,0
1,1.4986,0.0,0.0,0.0163,0.578,0.0297,58.3,0
8,0.9938,0.0,0.1427,0.0,0.1986,0.4749,110.4,0
13,1.0692,0.161,0.0793,0.0877,0.668,0.964,-14.4,1
14,0.5938,0.0,0.2266,0.5625,0.0047,0.5819,11.9,0
18,1.6192,0.7496,0.0,0.5525,0.0125,0.5095,77.5,0
4,1.1088,0.4874,0.208,0.0,0.033,0.4119,34.5,0
7,1.5318,0.1817,0.0,0.0,0.6029,0.1053,-5.6,1
16,0.4648,0.0,0.2967,0.5,0.0045,0.4308,42.6,0
17,1.5889,0.2378,0.3339,0.3623,0.0038,0.0,80.1,0
2,0.0,0.0,0.213,0.0895,0.0953,0.2079,101.7,0
16,1.9807,0.4175,0.0848,0.4934,0.0082,0.3527,92.9,0
10,1.886,0.3789,0.0,0.5364,10.0,0.1282,4.8,1
1,0.9163,0.4068,0.0,0.0,0.2532,0.0,52.2,0
14,1.0853,0.0,0.0563,0.5035,10.0,0.0874,-20.5,1
7,1.3853,0.6197,0.0,0.4207,2.5917,0.8565,-22.3,0
5,1.1138,0.0,0.0047,0.3492,0.0951,0.3642,13.9,0
2,1.4752,0.2158,0.0176,0.5866,0.1806,0.1067,52.8,0
5,0.4031,0.2505,0.2852,0.3967,0.6977,0.8326,75.1,0
7,0.3971,0.1521,0.0,0.0,0.0114,0.4768,15.8,1
20,0.1385,0.2858,0.0,0.0,0.8189,0.0,55.7,1
9,1.376,0.0,0.1211,0.0,0.0813,0.3287,-20.9,1
7,1.9362,0.5501,0.0,0.43,0.0019,0.2276,87.6,0
3,0.6459,0.0,0.0939,0.5075,0.1695,0.3168,79.5,0
20,1.371,0.0,0.1757,0.4902,0.0012,0.813,73.4,0
19,0.0,0.1482,0.0,0.2356,0.1876,0.5261,11.9,0
16,1.8117,0.0876,0.0107,0.4158,1.4321,0.4857,-28.5,1
14,0.574,0.0,0.5501,0.3931,0.198,0.6635,-26.4,1
3,0.0,0.1054,0.0779,0.0,0.072,0.1391,118.7,0
2,0.7113,0.1222,0.2449,0.234,0.0866,0.5251,74.6,0
17,0.9131,0.1834,0.3677,0.4177,0.0006,0.9473,93.9,0
3,0.8088,0.3199,0.0,0.0,0.0028,0.1167,105.0,0
14,0.2408,0.1143,0.2503,0.471,0.0047,0.776,34.1,0
14,1.9849,0.4994,0.0,0.0,0.1357,0.5623,72.5,0
15,0.9989,0.0698,0.199,0.1482,0.0038,0.8005,109.0,0
11,1.3656,0.0,0.1824,0.2668,0.0004,0.7979,97.3,0
15,0.6327,0.0968,0.0086,0.0663,0.1306,0.2121,14.9,0
11,1.7164,0.1791,0.0703,0.5073,0.0877,0.608,35.9,0
20,0.9774,0.1382,0.225,0.0,0.1155,0.6889,-28.5,0
12,0.3941,0.0,0.1569,0.5564,0.0044,0.1819,106.7,0
18,0.9744,0.0,0.0,0.5745,0.3381,0.2786,12.3,0
19,0.0897,0.6789,0.0,0.2288,0.2464,0.8667,9.7,0
8,1.4131,0.0,0.0655,0.0,0.0329,0.2346,4.4,0
2,0.0,0.1642,0.0086,0.1816,0.0528,0.8114,37.4,0
5,1.3487,0.1733,0.0,0.0,1.4499,0.0714,27.2,0
10,1.1423,0.3007,0.0,0.0,0.0252,0.7013,-29.2,1
9,0.602,0.2908,0.1422,0.161,0.001,0.7833,32.1,0
14,0.6428,0.0,0.0645,0.2325,0.0191,0.8927,58.8,0
14,1.4691,0.2886,0.0,0.1808,6.5685,0.4409,7.5,1
2,0.493,0.0,0.2039,0.5708,0.7124,0.0227,-29.6,1
19,0.0,0.1435,0.0,0.0,0.2817,0.0,-16.5,1
16,0.6584,0.0,0.0599,0.0285,0.1098,0.4177,9.6,0
1,1.5947,0.2528,0.0,0.2078,0.0584,0.9113,-26.5,1
5,1.2181,0.0,0.0173,0.0,0.001,0.075,106.2,1
3,0.0,0.2134,0.1416,0.5791,0.3464,0.0,110.6,0
5,0.6542,0.299,0.0,0.0,0.3381,0.0,15.1,0
17,1.0478,0.5089,0.6621,0.1177,0.0294,0.5148,8.0,0
15,0.0,0.1641,0.134,0.0,0.0009,0.5973,35.1,0
5,1.8251,0.1496,0.1872,0.4381,0.0039,0.9369,86.8,0
10,0.3864,0.5274,0.0,0.0,0.0019,0.7377,53.4,0
16,0.8926,0.0,0.727,0.5741,1.2397,0.556,37.8,0
10,1.9148,0.2574,0.0,0.0,0.1314,0.3905,-13.7,1
18,0.1142,0.171,0.0788,0.2346,0.0007,0.0,74.3,0
18,0.648,0.0,0.1203,0.5127,0.003,0.1608,86.3,0
3,1.1167,0.0,0.0,0.0288,0.0027,0.7902,76.7,0
11,0.7145,0.3422,0.0168,0.0,0.0098,0.6657,3.0,0
16,1.6893,0.0,0.0,0.0699,0.0881,0.3139,118.5,0
1,0.7669,0.4232,0.5904,0.1774,0.0169,0.4401,57.2,1
10,1.5757,0.7342,0.0112,0.0,0.0014,0.0171,114.0,0
10,1.5845,0.3333,0.1387,0.3516,0.0008,0.4883,106.7,0
15,0.1647,0.0,0.2774,0.0,0.0093,0.5375,39.4,0
6,1.0197,0.0315,0.0,0.2197,1.8494,0.1195,28.5,1
15,1.5987,0.2651,0.3625,0.0,0.0129,0.8741,8.3,0
9,0.1363,0.0687,0.0738,0.4599,0.8398,0.6488,-25.2,1
3,0.1555,0.0,0.3189,0.1861,0.0847,0.942,-25.7,1
1,1.7221,0.1425,0.0,0.2903,10.0,0.2172,-29.1,0
15,1.9835,0.0,0.1402,0.0,0.007,0.9691,23.4,0
6,1.2903,0.0,0.0,0.0,9.3802,0.7878,-22.7,1
4,1.3646,0.6103,0.0388,0.0,0.1321,0.1812,37.2,0
13,1.7314,0.1567,0.1833,0.0388,0.0001,0.968,77.4,0
8,1.6705,0.0,0.5952,0.5964,0.0235,0.0,50.3,0
3,1.1916,0.1861,0.0,0.0,0.0215,0.9416,81.3,0
11,0.62,0.4711,0.5432,0.0168,0.0003,0.3864,118.1,1
17,0.952,0.5185,0.0,0.0,0.0219,0.0,53.5,0
11,0.0,0.3389,0.3753,0.3762,0.5031,0.0167,-9.7,1
11,1.0177,0.026,0.0,0.0385,0.0506,0.7564,53.0,0
20,1.5207,0.1557,0.0821,0.0,0.0091,0.057,106.3,0
10,0.8739,0.0,0.1154,0.5063,0.0057,0.4804,51.6,0
20,0.0987,0.0151,0.0,0.3215,0.0029,0.3855,94.8,0
12,0.5896,0.0854,0.0,0.2234,0.0011,0.9715,98.4,0
6,1.9311,0.6632,0.0607,0.35,0.0076,0.4613,100.6,0
10,1.2818,0.5118,0.1239,0.2508,0.0209,0.757,57.7,0
15,0.6909,0.1382,0.2866,0.5601,0.0383,0.301,74.7,0
3,0.6548,0.0,0.0,0.0,0.0711,0.2865,57.0,0
14,1.8521,0.0,0.0016,0.023,0.1151,0.5604,92.5,0
17,1.3218,0.0,0.0,0.0,0.0749,0.0,-0.7,1
7,0.3492,0.1849,0.0209,0.3629,0.0719,0.6147,91.7,0
14,0.0368,0.0,0.0002,0.0,0.0122,0.966,72.6,0
3,1.2914,0.0,0.0,0.5803,0.3201,0.8189,74.0,0
1,1.8369,0.0,0.5792,0.0,10.0,0.8519,-10.5,1
2,0.9403,0.0,0.0,0.0,0.0848,0.0057,112.1,0
9,0.9123,0.0,0.3385,0.0396,0.0676,0.8041,42.0,1
3,0.5616,0.4558,0.0,0.0,10.0,0.6699,-29.9,1
7,0.1494,0.2753,0.0,0.592,0.0448,0.2107,100.3,0
20,1.4268,0.0,0.247,0.4137,0.6272,0.2593,21.6,0
7,0.5548,0.3816,0.4326,0.2087,1.6348,0.6035,-6.6,1
16,1.8885,0.0772,0.0596,0.0,0.8347,0.8511,-9.3,1
16,0.0,0.0,0.0,0.545,0.0053,0.0036,40.8,0
13,1.9109,0.2171,0.6162,0.4118,0.0207,0.0,27.0,0
6,1.4897,0.0,0.1317,0.3189,0.3963,0.8008,15.8,0
5,1.9096,0.0,0.1093,0.0,0.0692,0.781,28.1,0
7,0.0,0.7971,0.0,0.5585,0.0047,0.9263,90.7,0
11,1.5993,0.0,0.0,0.0,0.0021,0.7337,65.2,0
17,1.6386,0.0,0.3411,0.1622,0.0016,0.8396,30.2,0
11,1.1638,0.1195,0.0633,0.2653,0.0036,0.1504,55.4,0
5,1.7891,0.0737,0.0749,0.3606,0.0044,0.4413,108.8,0
5,0.0,0.0127,0.1112,0.3385,0.0025,0.7428,61.7,0
17,1.377,0.5604,0.0,0.2275,0.5678,0.0322,60.3,0
18,0.2428,0.6281,0.1539,0.5802,0.013,0.0,8.4,0
20,1.1366,0.0,0.0,0.0,0.0017,0.5206,82.8,0
13,1.6533,0.0,0.0745,0.186,0.005,0.4443,113.2,0
1,0.3158,0.7761,0.0,0.0,9.3614,0.7101,1.0,1
6,1.2441,0.0,0.0282,0.0,0.0535,0.2028,79.4,0
2,1.0494,0.6403,0.0,0.2816,1.7458,0.1077,20.6,1
7,0.6677,0.1317,0.0559,0.0,1.7204,0.4447,2.9,1
11,0.3732,0.0,0.0,0.5023,0.0074,0.8423,31.2,0
16,0.818,0.224,0.2509,0.0,0.0,0.9747,64.3,0
10,0.1296,0.0112,0.4791,0.0,6.3421,0.5636,-18.0,1
11,1.2405,0.0,0.0052,0.5383,4.8859,0.8485,-18.5,1
14,0.7812,0.2202,0.0,0.0,0.0227,0.5445,101.3,0
19,1.0967,0.3544,0.0051,0.0,0.0261,0.3247,28.6,1
4,0.7226,0.0088,0.4835,0.1386,0.0101,0.9651,33.3,0
16,1.5887,0.0,0.4288,0.0598,0.0206,0.6525,26.0,0
17,1.9222,0.0,0.1571,0.0,1.5956,0.4837,2.1,1
15,0.0,0.0,0.0,0.3761,0.6183,0.0084,10.3,0
13,0.0226,0.0,0.0,0.3596,0.0109,0.124,117.9,0
4,0.8237,0.5408,0.2986,0.5247,10.0,0.0,4.3,1
17,1.3302,0.5265,0.0,0.3389,0.0009,0.6658,113.6,0
16,1.6566,0.0,0.3544,0.1782,0.001,0.6846,57.9,1
3,1.3968,0.0,0.1141,0.1944,0.0031,0.0,116.6,0
19,1.4552,0.082,0.0,0.5143,0.5872,0.1642,9.9,0
4,0.6651,0.0,0.0,0.3429,3.9248,0.311,-6.5,1
7,1.6789,0.1078,0.4681,0.365,0.1745,0.5958,76.8,1
12,0.2315,0.0,0.016,0.1343,0.0051,0.7634,18.4,0
18,0.5681,0.0702,0.0,0.058,0.1571,0.0,-5.6,1
18,1.2185,0.0398,0.0,0.1039,0.0003,0.8648,48.7,0
4,1.2422,0.4241,0.0136,0.4336,0.0165,0.4846,47.9,0
1,0.0,0.2265,0.0893,0.0,0.0409,0.0,48.3,0
2,1.9124,0.4738,0.0,0.4977,0.0543,0.219,71.9,0
20,0.7437,0.5479,0.084,0.0,0.0052,0.4233,46.4,0
11,0.0,0.3096,0.0,0.0,0.0105,0.2728,22.8,0
17,1.2492,0.0,0.1372,0.0,0.0594,0.8555,28.3,0
9,1.1327,0.5537,0.0397,0.5422,0.0949,0.9431,64.4,0
16,0.5861,0.2603,0.0,0.2063,0.171,0.5076,-21.7,1
1,0.0,0.2346,0.1281,0.0,0.0235,0.7179,84.7,0
11,0.211,0.3959,0.1959,0.2598,0.0386,0.6713,-1.8,1
12,1.8774,0.2616,0.0,0.025,1.2917,0.6357,0.2,1
12,1.138,0.243,0.3753,0.037,0.0383,0.0,17.1,0
14,0.3972,0.0,0.1006,0.3825,0.007,0.5687,65.6,0
20,0.9551,0.1227,0.0297,0.2937,0.0634,0.8976,21.2,0
1,1.7993,0.4226,0.0696,0.5349,1.3727,0.216,71.9,1
12,1.3031,0.3876,0.0,0.0906,0.0176,0.9629,112.3,0
12,0.0,0.2329,0.3155,0.0,0.0078,0.0,32.2,0
4,1.2517,0.0027,0.1101,0.5049,0.0442,0.0876,85.0,0
7,0.3049,0.1685,0.2146,0.0,9.106,0.0266,-8.0,1
12,0.8748,0.0,0.0379,0.0,10.0,0.4301,-9.1,1
19,0.1766,0.2844,0.1213,0.0,0.0049,0.7485,97.9,0
10,1.1698,0.0,0.0,0.5557,0.1024,0.0,60.5,0
3,0.1173,0.103,0.0429,0.0,0.8886,0.7327,5.2,1
20,0.0,0.4031,0.0033,0.3284,0.057,0.946,-4.9,1
9,0.6096,0.0,0.0,0.3814,0.0011,0.654,90.8,0
2,0.7292,0.0,0.0819,0.2393,0.0632,0.3781,35.1,0
12,1.7427,0.2853,0.3055,0.0,0.0082,0.5811,43.3,0
12,0.5328,0.077,0.1141,0.0,0.0001,0.862,91.9,0
4,0.1273,0.3707,0.0,0.0,7.1303,0.0,31.2,1
10,1.4489,0.0,0.2336,0.1277,0.0566,0.1868,90.3,0
16,0.8126,0.2989,0.0,0.0,0.028,0.7681,-24.5,1
1,0.5598,0.0,0.08,0.0,3.3691,0.4553,116.9,1
20,0.5101,0.0,0.1987,0.3683,0.0043,0.1766,113.3,0
10,1.1426,0.0,0.0861,0.2994,0.0026,0.5965,100.7,0
11,0.4184,0.2773,0.0,0.1821,0.0005,0.8714,82.0,0
15,1.5615,0.0,0.2405,0.0,0.001,0.2214,84.5,0
15,1.4045,0.0698,0.0,0.0,0.0014,0.2409,58.1,0
17,0.1991,0.0,0.0,0.2488,0.009,0.0007,42.3,0
13,1.6972,0.2517,0.4517,0.5398,1.8551,0.6885,9.5,1
20,1.0576,0.4306,0.0,0.0,0.0003,0.1684,92.9,0
19,0.9348,0.049,0.0653,0.0787,8.9837,0.0,-11.5,1
5,0.6424,0.0,0.0,0.0772,0.0134,0.001,68.4,0
1,0.0003,0.1507,0.0,0.511,0.0128,0.0251,102.3,0
19,0.4054,0.0,0.4165,0.0,0.0011,0.0205,55.8,0
5,1.4167,0.205,0.0,0.4523,0.0161,0.0747,33.0,0
15,1.1205,0.1096,0.2061,0.1486,0.0007,0.6299,27.8,0
16,1.1845,0.2794,0.0351,0.4726,0.0201,0.7384,53.1,0
11,0.0,0.0797,0.2063,0.0,0.0017,0.3166,113.6,0
17,0.1381,0.1736,0.0194,0.2343,0.1161,0.7705,111.7,0
6,1.1327,0.0,0.0,0.4834,0.4954,0.0,34.5,0
20,0.4799,0.191,0.3633,0.4557,0.0009,0.0881,108.8,0
16,0.5668,0.2879,0.3785,0.0,0.0028,0.7133,52.6,0
4,0.7886,0.1304,0.331,0.564,0.0109,0.2867,36.6,0
10,0.0,0.286,0.0827,0.0,0.0003,0.8423,28.8,0
1,1.124,0.1806,0.0343,0.0,1.0136,0.554,86.5,1
7,1.4978,0.0,0.3835,0.0719,0.0,0.9713,86.2,0
11,1.4177,0.1619,0.2216,0.0,0.0004,0.5961,50.3,0
14,0.2186,0.0625,0.4739,0.2533,0.0069,0.0033,25.9,0
8,1.5249,0.0,0.1653,0.0,0.1571,0.4005,47.9,0
10,1.1549,0.2653,0.3917,0.347,0.0682,0.8423,97.2,0
15,0.0,0.5626,0.3044,0.2099,2.3135,0.0519,60.7,1
7,0.0,0.0,0.069,0.1346,0.0046,0.9222,16.2,0
14,0.8242,0.3209,0.2652,0.0,0.2558,0.6305,117.4,0
17,1.5124,0.0,0.0,0.0,0.0068,0.899,91.3,0
13,1.0596,0.4765,0.0,0.0,0.2014,0.4838,36.7,1
2,0.1701,0.0,0.0866,0.1317,0.2096,0.8063,88.1,0
20,0.5239,0.1593,0.1881,0.368,0.0176,0.6921,82.4,0
20,0.0692,0.0304,0.0048,0.0,0.0448,0.79,76.9,0
15,0.849,0.0826,0.5473,0.0,0.0667,0.7462,-16.0,1
20,0.923,0.0851,0.4447,0.4002,0.265,0.6061,55.5,1
3,0.0,0.2143,0.0,0.099,0.0019,0.605,81.5,0
19,0.6645,0.0,0.0267,0.3388,0.1247,0.4804,90.7,0
10,0.4287,0.0922,0.0,0.2094,0.0016,0.491,108.4,0
11,0.6244,0.1353,0.1052,0.3048,0.0317,0.6816,112.7,0
13,0.7624,0.0,0.2409,0.1396,0.0843,0.856,48.2,0
9,0.8131,0.5137,0.317,0.0,0.0789,0.0292,62.8,1
15,0.0732,0.2708,0.0,0.1024,0.0006,0.8686,48.7,0
6,0.0,0.0,0.0,0.0115,0.243,0.0,56.9,0
19,0.0,0.2236,0.7567,0.0,0.0385,0.6396,93.0,0
20,0.0376,0.0586,0.274,0.4844,0.252,0.0135,-22.9,1
12,1.8157,0.0234,0.327,0.0,0.0224,0.0733,48.5,0
3,0.0,0.1856,0.4453,0.369,0.772,0.7805,28.7,1
2,0.4498,0.5596,0.0258,0.24,0.0884,0.6287,101.3,0
11,0.7527,0.1559,0.4362,0.0,0.6545,0.0,40.5,0
15,0.0,0.1146,0.0,0.0,0.0036,0.0282,42.9,1
4,1.863,0.0,0.4073,0.0,0.8247,0.7135,65.7,1
9,0.3825,0.3344,0.0382,0.2674,0.004,0.3225,43.2,0
10,0.0,0.0,0.052,0.0,0.0005,0.936,39.6,0
10,0.3036,0.0,0.0,0.0,0.032,0.8638,47.3,0
2,1.4806,0.0,0.2346,0.1346,1.2881,0.4178,101.5,1
10,1.06,0.1556,0.4564,0.4989,0.151,0.0384,70.4,0
12,0.3849,0.3237,0.2903,0.1928,0.0357,0.8139,-14.1,1
10,1.3735,0.0,0.0306,0.1384,0.0832,0.7785,104.5,0
10,0.182,0.3608,0.3524,0.0,0.0004,0.9135,57.1,0
1,0.572,0.0,0.0,0.4388,4.2426,0.0149,2.1,1
13,1.4704,0.2352,0.0571,0.2748,0.0696,0.5577,27.1,0
5,1.4527,0.0,0.2001,0.0,0.4081,0.7848,5.2,0
10,1.478,0.6697,0.431,0.4267,0.0095,0.1484,9.7,0
12,0.104,0.2302,0.0,0.4387,0.0024,0.4742,57.7,0
13,0.082,0.0,0.116,0.502,0.0046,0.661,109.4,0
2,0.6408,0.6801,0.1441,0.421,2.7243,0.3363,19.4,1
11,1.6192,0.5236,0.4055,0.0,0.002,0.0,73.7,0
15,0.1899,0.0,0.0,0.4507,0.1497,0.3081,9.6,0
8,0.5651,0.0,0.1353,0.4224,0.0236,0.158,92.4,0
1,1.604,0.1886,0.1015,0.0213,0.0629,0.0,51.0,0
17,0.6164,0.0,0.1151,0.2304,0.0066,0.7547,3.9,0
12,0.8206,0.3387,0.1179,0.0,0.0087,0.3365,20.2,0
15,0.6678,0.0,0.044,0.3574,0.1549,0.7992,2.7,0
10,0.3862,0.5205,0.0,0.0,0.0007,0.1736,113.9,0
2,0.4945,0.468,0.0,0.0,3.7844,0.0,11.6,1
15,0.4589,0.0,0.0,0.2599,0.2728,0.5253,9.4,0
8,0.0271,0.0,0.0,0.3373,0.0037,0.2432,32.7,0
1,1.1644,0.0336,0.0,0.4851,0.0081,0.3986,75.8,0
5,0.0,0.0775,0.0,0.0,1.2078,0.7074,37.1,0
13,0.0,0.0,0.2729,0.0,0.0013,0.6187,110.6,0
3,0.0,0.4026,0.0498,0.2956,0.9543,0.1681,0.3,1
15,1.7849,0.0,0.0169,0.0,0.0041,0.0,113.2,0
10,0.8144,0.212,0.082,0.021,0.1632,0.0,-2.9,1
6,0.0,0.5758,0.0,0.5134,0.0188,0.4019,36.4,0
15,0.7652,0.3593,0.6194,0.2673,0.0036,0.8788,13.0,0
1,0.2805,0.2146,0.0767,0.0,2.8012,0.3727,85.5,1
9,0.5644,0.0,0.0,0.1521,2.3791,0.2459,20.8,1
9,0.8018,0.2214,0.0,0.3357,0.0218,0.1198,24.8,0
10,1.7731,0.6,0.0931,0.0,2.0171,0.2071,10.3,1
7,1.3268,0.4179,0.0,0.3685,0.1809,0.7856,-29.6,1
9,0.9301,0.0,0.1697,0.0222,0.1797,0.5433,96.9,0
20,0.5792,0.2917,0.1368,0.5157,0.0047,0.0376,84.6,0
20,1.867,0.0,0.0,0.1552,0.0044,0.7175,51.4,0
11,0.4219,0.1209,0.0,0.0,0.0296,0.9255,113.6,0
18,1.9568,0.1837,0.2697,0.3659,0.0809,0.6632,4.4,0
4,1.0873,0.183,0.0318,0.0885,0.0081,0.2997,87.0,0
8,0.4754,0.5403,0.1041,0.4406,0.0047,0.7672,99.7,0
6,0.9776,0.6216,0.0376,0.4041,0.1434,0.4273,46.9,0
16,0.377,0.0,0.0148,0.3961,0.0021,0.3803,83.5,0
7,1.9798,0.0,0.1543,0.0,0.0115,0.2804,84.9,0
18,0.839,0.2602,0.0,0.0728,0.4325,0.0,57.0,0
18,1.3277,0.4691,0.0,0.0,0.1467,0.3512,71.5,0
8,0.9619,0.2399,0.0,0.0,0.0011,0.0116,64.1,0
12,1.6465,0.0,0.0,0.0,0.1665,0.7959,-18.4,1
5,0.3835,0.3696,0.2315,0.4561,0.0116,0.2861,54.7,0
10,1.0363,0.3318,0.0,0.0,0.0041,0.1836,75.2,0
4,1.8764,0.1898,0.3176,0.5081,0.4018,0.0,-18.4,1
3,1.9409,0.0719,0.0409,0.0,0.0354,0.7218,12.7,0
13,1.9425,0.3409,0.0,0.4204,0.9006,0.0063,53.9,1
8,0.0254,0.0,0.399,0.5475,0.5264,0.1852,66.0,0
3,0.9441,0.3227,0.0,0.0118,0.7479,0.2687,-18.5,1
2,1.5153,0.0,0.3152,0.3414,4.0793,0.7379,4.5,1
11,1.9636,0.2821,0.0,0.1217,2.4616,0.0,31.4,1
15,0.699,0.1577,0.0,0.3951,0.4251,0.0734,7.4,0
15,0.924,0.009,0.0,0.5079,0.2085,0.1901,26.0,0
11,0.5275,0.1982,0.0,0.3208,0.0086,0.0,56.8,0
16,1.8318,0.0,0.0,0.0,0.0148,0.4412,100.2,0
12,1.1112,0.0,0.1474,0.0401,0.0676,0.8055,69.5,0
9,1.2651,0.146,0.0568,0.5731,10.0,0.0,-0.6,1
9,0.0,0.0288,0.1014,0.3708,0.1369,0.1349,-22.5,1
3,1.5749,0.0953,0.159,0.5249,5.4169,0.0,0.7,1
8,0.9632,0.5842,0.0436,0.0096,0.033,0.8714,87.3,1
3,0.0,0.0,0.0,0.0,0.0035,0.9174,40.8,0
12,1.2607,0.3392,0.0,0.0,0.0089,0.8924,39.0,0
10,1.0594,0.0,0.0,0.0,0.0,0.9694,73.9,0
5,1.395,0.5586,0.2576,0.2847,0.021,0.4097,50.3,0
7,0.8596,0.0,0.0,0.1686,0.0011,0.1759,86.4,0
7,0.6598,0.451,0.0,0.3869,0.02,0.1348,48.2,0
2,0.3195,0.0,0.0,0.5661,3.0371,0.7864,-13.2,0
9,1.7557,0.1791,0.4178,0.0,1.1037,0.5787,21.7,1
19,1.5683,0.2248,0.3564,0.0056,0.0101,0.8503,80.4,0
12,0.8903,0.0,0.0582,0.4888,0.0111,0.8431,85.7,0
2,0.6412,0.0,0.2629,0.1617,10.0,0.0356,21.6,1
9,0.9456,0.0,0.0,0.4196,0.0781,0.8423,103.5,0
7,0.234,0.2176,0.0857,0.0,0.0021,0.3911,56.4,0
9,1.4475,0.0,0.1806,0.1801,0.0002,0.8828,72.0,0
17,0.8316,0.6068,0.0,0.0,0.1523,0.6885,10.8,0
19,0.4349,0.2264,0.0,0.0531,0.0026,0.0247,92.7,0
17,0.3794,0.0,0.0,0.0,0.051,0.0262,79.5,0
16,1.5301,0.0,0.2315,0.5967,8.4616,0.2765,5.4,1
7,0.0838,0.0,0.2356,0.1152,0.002,0.2822,43.5,0
8,0.9201,0.2485,0.0154,0.2477,0.0256,0.747,4.1,0
18,0.8701,0.1405,0.0,0.5617,0.5746,0.0,-27.8,1
15,1.6905,0.5204,0.0707,0.0,0.0003,0.6332,106.3,0
11,0.5134,0.8194,0.0,0.0465,0.0927,0.8184,-20.3,1
5,0.0029,0.3773,0.6616,0.2319,0.0104,0.7128,106.2,0
3,1.8502,0.2312,0.114,0.2376,0.0663,0.7509,85.8,0
20,1.2791,0.6595,0.2558,0.2598,0.0,0.9783,79.6,1
16,0.6505,0.0,0.1833,0.0,0.0183,0.6527,11.0,0
12,1.4939,0.0,0.0,0.0,0.3306,0.3521,13.3,0
12,0.7815,0.0488,0.0,0.3759,3.9359,0.0,-24.1,1
19,1.2316,0.0,0.0,0.1441,0.5169,0.7528,3.7,0
17,0.0069,0.2522,0.0636,0.0,0.0131,0.0,87.6,0
16,1.952,0.0,0.0,0.5133,0.1352,0.0012,23.2,0
14,0.7631,0.0476,0.1707,0.4582,0.0081,0.0,106.9,0
17,1.513,0.0,0.0,0.5865,0.0069,0.979,10.6,0
6,1.4378,0.0,0.0,0.3944,1.7016,0.0,32.3,1
12,1.0369,0.3465,0.0,0.0,10.0,0.175,0.9,1
9,1.8791,0.0,0.0319,0.0,0.0374,0.2272,100.4,0
14,0.7806,0.1969,0.0,0.1374,0.0127,0.2757,115.3,0
10,1.4315,0.4677,0.3077,0.5612,0.425,0.0,44.2,0
6,0.8325,0.5277,0.0,0.1475,0.029,0.1856,23.8,0
5,1.5534,0.2313,0.1289,0.0,0.0532,0.4799,-2.5,1
6,0.2406,0.3941,0.0,0.0,10.0,0.0206,10.1,1
9,0.2477,0.408,0.1677,0.0,0.1817,0.5913,66.1,0
9,1.7557,0.1874,0.0,0.2404,0.0088,0.8747,100.3,0
11,0.6426,0.0,0.0,0.1402,0.2879,0.2237,71.7,0
18,1.5636,0.7622,0.4193,0.255,0.0196,0.2557,100.4,0
7,0.6011,0.1529,0.0,0.5583,0.0976,0.25,108.8,1
8,0.0,0.4578,0.2701,0.362,0.002,0.4778,101.6,1
17,1.8662,0.2779,0.1011,0.2569,0.001,0.0,68.0,1
7,0.0,0.3759,0.0858,0.0,0.0006,0.7646,105.7,0
7,0.0,0.0,0.1841,0.4713,0.005,0.5574,78.9,0
6,1.8425,0.0074,0.3401,0.0828,0.0036,0.1046,55.1,0
5,1.7395,0.0,0.0687,0.2695,0.0026,0.7816,59.4,0
6,1.524,0.0,0.0744,0.5164,0.4685,0.6501,48.1,0
3,0.3679,0.0,0.0,0.5013,10.0,0.0454,-1.3,1
13,0.1871,0.3466,0.0,0.2839,0.0075,0.2024,96.1,0
2,1.3631,0.0,0.3906,0.533,3.1172,0.0,-23.7,1
16,0.4859,0.351,0.278,0.0934,1.6662,0.4871,-11.7,1
16,0.1553,0.6542,0.0024,0.2352,0.0011,0.6997,59.1,0
10,1.5849,0.3131,0.2114,0.0,0.0647,0.3686,33.6,0
20,0.6465,0.2996,0.0136,0.0666,0.5323,0.0721,-8.2,1
13,1.9494,0.0,0.0,0.5469,0.012,0.738,31.6,0
10,0.9352,0.3162,0.2257,0.5892,0.0492,0.1604,25.8,0
17,1.4913,0.0127,0.0,0.0791,0.0204,0.9193,-25.5,0
19,0.7655,0.0,0.0742,0.3443,0.0291,0.6955,-5.1,1
6,0.0,0.163,0.1607,0.0,0.0712,0.0,1.6,0
6,0.6827,0.0,0.2644,0.1596,10.0,0.5446,0.7,1
4,1.5768,0.5676,0.6446,0.0,0.262,0.0,35.7,0
1,1.9122,0.0,0.2929,0.1399,10.0,0.0591,-5.6,1
7,1.7246,0.0251,0.0,0.5963,1.3467,0.1204,96.2,1
4,1.192,0.0,0.3666,0.467,0.1896,0.0425,51.8,0
7,0.4548,0.0222,0.2691,0.0,0.0057,0.6665,93.3,0
12,0.0,0.4797,0.5016,0.0,1.3687,0.2592,-16.0,1
7,0.4687,0.3558,0.3735,0.0,1.2403,0.5062,47.2,1
19,0.7067,0.0,0.0429,0.0,0.0664,0.6204,39.9,0
12,0.0,0.6231,0.0,0.0,0.0015,0.6276,76.2,0
4,0.6831,0.2736,0.0,0.4452,0.0022,0.5773,86.5,0
9,0.174,0.1254,0.0617,0.0626,4.1341,0.4391,1.9,1
11,1.7175,0.2839,0.0,0.3817,0.0289,0.0,14.8,0
11,0.0,0.0,0.3264,0.0,0.0208,0.8805,98.7,0
9,0.946,0.0,0.0,0.4381,0.5835,0.0,55.7,0
19,1.0347,0.2676,0.0,0.483,0.0072,0.3741,17.8,0
12,0.6104,0.1347,0.0696,0.3128,0.0058,0.8851,60.2,0
14,0.5041,0.0,0.0126,0.2413,0.0472,0.8228,54.5,0
16,1.4312,0.0,0.143,0.0,0.1228,0.7553,114.4,0
2,0.0226,0.0,0.0,0.3033,5.1637,0.1123,58.1,1
16,0.194,0.0333,0.0,0.0,0.0144,0.7129,4.8,0
11,1.0507,0.3896,0.2879,0.1703,0.0022,0.1694,61.8,1
9,0.4215,0.0,0.16,0.4525,0.0115,0.6357,59.5,1
2,0.1408,0.2488,0.0398,0.5011,0.2169,0.8653,56.7,0
12,0.0,0.3086,0.0,0.5224,0.0002,0.9205,99.0,0
2,0.1609,0.0,0.3535,0.2195,0.9358,0.4417,63.8,1
19,1.9081,0.261,0.0207,0.1312,10.0,0.0,-13.8,1
9,0.3094,0.0566,0.055,0.0,0.0166,0.1474,17.0,0
4,0.9457,0.3973,0.1787,0.0,0.0023,0.8495,101.0,0
11,1.1704,0.2011,0.5104,0.2291,0.6937,0.6826,-3.5,1
14,0.2932,0.0567,0.0,0.1745,0.005,0.528,7.3,0
2,0.6289,0.4526,0.2355,0.0,0.0101,0.536,73.4,0
6,1.9296,0.0917,0.0,0.0,0.4701,0.6563,50.5,0
3,0.2301,0.6663,0.3937,0.4358,0.9018,0.4078,18.4,0
14,1.3391,0.0,0.4465,0.2192,0.0011,0.9062,5.5,0
18,1.9643,0.1039,0.0,0.0,0.0264,0.0,90.6,0
5,0.1603,0.1086,0.0,0.0,0.0036,0.2342,38.1,0
14,0.6699,0.185,0.0,0.0,0.0507,0.0,-14.5,1
6,0.3812,0.5532,0.2515,0.0,0.028,0.4223,31.0,1
4,0.4233,0.0,0.3379,0.4318,0.862,0.0,-4.8,1
5,0.5893,0.1386,0.0897,0.234,0.3013,0.5992,61.5,1
14,0.2624,0.1541,0.6751,0.187,0.0308,0.6377,-19.8,1
6,1.5398,0.2822,0.0,0.4486,0.7941,0.1606,28.2,1
13,0.6062,0.359,0.4216,0.0891,8.1937,0.634,-29.6,1
20,0.0,0.1888,0.063,0.2192,0.0178,0.6121,91.4,0
15,1.5595,0.5594,0.0753,0.0,0.0012,0.7831,62.4,0
3,0.0881,0.2923,0.0,0.0498,0.3051,0.0,100.5,0
4,0.7293,0.2793,0.1856,0.0,0.0532,0.7849,72.0,0
14,0.7732,0.3775,0.0,0.4052,0.0117,0.1374,64.4,1
1,0.0,0.4371,0.1393,0.4696,0.0265,0.4337,39.8,0
17,1.1832,0.3765,0.0,0.2339,0.0005,0.9609,65.4,0
16,0.773,0.0,0.0,0.0048,0.0035,0.3412,76.0,0
15,0.0,0.3258,0.0,0.3775,0.041,0.4753,-2.2,1
8,1.4489,0.338,0.1316,0.0184,0.6466,0.2949,-17.7,1
8,1.254,0.1465,0.0,0.0,0.0346,0.6363,21.8,0
13,1.8024,0.1511,0.3826,0.0,0.0596,0.044,97.0,1
19,1.2052,0.0,0.0,0.3161,0.029,0.8239,82.4,0
4,0.835,0.0,0.0951,0.0,0.2294,0.1243,-15.2,1
17,0.0,0.1789,0.0758,0.5993,0.2789,0.3446,111.2,0
8,0.0,0.0,0.0,0.15,0.1856,0.6998,67.8,0
9,1.035,0.2661,0.234,0.0464,0.0004,0.9754,10.4,1
14,0.3229,0.0,0.0482,0.0642,0.0029,0.7906,52.5,0
4,1.0163,0.6534,0.0,0.0,0.5249,0.0488,81.9,0
20,0.0,0.0793,0.0,0.36,0.1643,0.1,-1.3,1
2,1.896,0.0405,0.0626,0.0,0.0012,0.6545,89.4,0
12,1.4669,0.0,0.0,0.2179,0.3127,0.3487,119.0,0
15,0.42,0.1851,0.0,0.4591,10.0,0.0,-16.6,1
10,1.0145,0.0,0.2551,0.1224,0.192,0.4107,12.5,1
16,1.987,0.169,0.0,0.0,0.0129,0.1981,35.0,0
5,0.0,0.0343,0.5098,0.0,0.0052,0.9182,52.6,0
7,0.0,0.4687,0.0,0.0499,0.0588,0.2189,7.3,0
14,0.1336,0.4966,0.147,0.0,0.0134,0.0,22.5,1
5,0.3801,0.0,0.2735,0.1238,0.111,0.3396,119.6,0
3,0.894,0.0,0.0312,0.0,0.0027,0.4645,105.9,0
8,0.0,0.0,0.0,0.2625,0.0252,0.9796,59.0,0
17,1.6022,0.074,0.0,0.0,0.0299,0.12,24.3,0
2,1.3,0.305,0.6506,0.0,0.0059,0.6944,68.3,0
12,1.6547,0.0,0.0601,0.2456,0.0809,0.4109,18.7,0
12,0.5493,0.0,0.0,0.0,0.0056,0.6923,10.9,1
6,0.3475,0.4351,0.1737,0.4564,0.1956,0.4398,-12.7,1
15,1.2577,0.4384,0.0,0.0493,0.0001,0.9487,101.0,0
20,1.0232,0.2535,0.2221,0.0801,0.0139,0.6124,60.0,0
13,1.6572,0.0,0.0,0.4823,0.1196,0.0,70.5,0
15,1.1292,0.0,0.0,0.0,0.0016,0.9332,15.5,0
6,1.2942,0.0,0.0,0.4557,0.0008,0.6229,119.6,0
13,0.3348,0.0429,0.6027,0.5838,0.0014,0.407,31.8,0
15,0.159,0.0,0.0536,0.1813,0.0014,0.0,73.2,0
17,0.997,0.0,0.2178,0.0,0.5294,0.3975,40.3,0
19,0.8431,0.0246,0.0,0.1867,0.0146,0.7482,3.7,0
5,1.904,0.0477,0.0,0.0,0.0586,0.1182,76.8,0
5,0.6043,0.0,0.0,0.3342,3.666,0.2329,-28.3,1
13,1.5526,0.5038,0.0,0.1687,0.2518,0.2735,22.6,0
6,0.8242,0.0,0.0,0.5292,2.2112,0.3963,53.1,1
20,1.71,0.0,0.1409,0.0,0.0019,0.9659,62.3,0
11,0.1066,0.1803,0.0741,0.0,0.0012,0.9419,83.1,0
20,0.0,0.5432,0.0,0.2918,0.0058,0.0184,22.2,0
10,1.75,0.3436,0.1545,0.0,0.1527,0.3398,18.7,0
20,1.0275,0.4349,0.2096,0.2724,0.3354,0.399,10.5,1
5,0.0419,0.0883,0.1091,0.2353,0.0099,0.0178,103.0,0
16,0.9273,0.0333,0.3279,0.5187,0.1301,0.2056,-15.9,1
19,1.6746,0.187,0.0,0.0,0.001,0.1801,110.7,0
19,1.678,0.0,0.0793,0.0,0.4807,0.3329,28.7,0
10,0.9261,0.423,0.0,0.2503,0.0131,0.9033,62.5,0
12,0.0,0.1346,0.402,0.1958,0.0015,0.5356,38.2,0
3,0.8005,0.3464,0.0483,0.047,0.8833,0.1327,12.4,1
19,1.6631,0.0,0.0,0.0,0.0365,0.8073,30.1,0
8,1.0946,0.2269,0.0584,0.0,0.0319,0.0724,57.1,1
3,0.1086,0.2059,0.0792,0.0,6.4506,0.43,-8.8,1
5,1.4957,0.1661,0.2789,0.4777,0.013,0.5207,102.7,1
15,0.0,0.0,0.0,0.325,0.0032,0.2285,54.4,0
16,0.9391,0.5004,0.2246,0.0,0.0022,0.3721,92.2,0
9,1.2737,0.0,0.0,0.4349,0.0029,0.54,81.3,0
8,1.2704,0.0,0.0,0.0,0.5672,0.7922,-6.3,1
4,1.5864,0.0,0.1486,0.0236,0.548,0.6608,35.1,0
19,1.3711,0.5892,0.0,0.4739,0.0021,0.9313,52.4,0
15,0.0,0.0328,0.1428,0.2118,0.0356,0.5508,17.6,0
8,1.3908,0.0,0.0,0.0,0.0096,0.6734,41.9,0
16,1.3309,0.109,0.1079,0.0,0.0082,0.7771,104.9,0
17,0.0267,0.0,0.0616,0.0737,0.0004,0.4749,53.5,0
6,1.7364,0.0,0.0,0.4727,1.5594,0.0,65.1,1
12,0.7603,0.0,0.0955,0.0,0.005,0.6092,29.6,0
6,0.8136,0.0,0.1363,0.0,0.316,0.2772,58.9,1
18,0.735,0.5957,0.0,0.0,0.2634,0.9068,8.8,0
5,1.0616,0.1029,0.189,0.1953,0.5637,0.5469,-10.5,1
19,0.0,0.1191,0.2425,0.0,0.0034,0.72,8.9,0
20,1.3385,0.0,0.484,0.434,0.4464,0.4729,13.7,0
13,0.5748,0.7346,0.4767,0.0,0.0035,0.7303,31.7,1
10,1.378,0.3235,0.2595,0.0,1.1306,0.4303,-27.0,1
19,1.8242,0.0,0.2432,0.3032,0.0994,0.5229,103.7,0
10,0.9192,0.0,0.1221,0.5113,10.0,0.5002,-0.4,1
15,1.5752,0.1114,0.0,0.0642,0.1202,0.2633,35.7,0
12,1.5867,0.348,0.3385,0.2498,10.0,0.766,-29.8,1
15,1.6375,0.0274,0.0234,0.3963,0.0167,0.3317,100.0,0
14,1.8466,0.0,0.2147,0.0,0.0014,0.3879,75.7,0
5,0.9986,0.6073,0.0314,0.199,4.1664,0.0,54.4,1
15,0.5367,0.3364,0.3418,0.0,0.5052,0.1786,-13.8,1
1,0.4103,0.0,0.1001,0.2249,0.1182,0.0,99.2,0
1,1.4361,0.2747,0.24,0.0,1.767,0.8277,40.3,1
13,0.0353,0.3354,0.192,0.0,9.839,0.0,-0.5,1
13,1.6401,0.0,0.0388,0.0,0.0828,0.5113,93.5,0
8,0.0,0.0,0.0,0.4631,0.0391,0.3903,79.1,0
9,1.4403,0.0,0.0,0.1776,0.3404,0.2996,75.1,0
1,1.9927,0.0083,0.1531,0.5561,0.8918,0.2785,114.4,1
19,0.7146,0.0,0.0466,0.4617,0.4476,0.0,116.5,0
6,1.3763,0.2949,0.0,0.0,1.576,0.0649,75.9,1
18,0.7907,0.0,0.2764,0.0,0.2061,0.3089,66.1,0
11,0.9503,0.0,0.0,0.4332,0.0786,0.0,40.1,0
6,1.0881,0.0,0.066,0.0,0.0801,0.3251,29.2,0
9,0.1351,0.2248,0.1261,0.199,1.1052,0.869,-28.6,1
1,0.8461,0.0,0.0,0.1313,0.03,0.5782,79.9,0
9,0.0378,0.325,0.0,0.2785,0.0541,0.8307,-17.8,1
15,1.1246,0.1337,0.0,0.0,0.0132,0.0,33.1,0
10,0.7612,0.3146,0.3115,0.0,0.0349,0.3482,28.0,0
15,0.3712,0.0,0.0929,0.5598,0.4124,0.0119,-20.8,0
8,0.0665,0.0,0.0459,0.0,0.5831,0.3402,38.4,0
16,1.0321,0.1018,0.0314,0.0,0.151,0.5052,-4.7,1
20,0.2689,0.0,0.2993,0.1745,10.0,0.132,-27.6,1
18,0.4527,0.096,0.0303,0.0448,1.1813,0.7854,-12.7,1
7,0.0249,0.3412,0.0043,0.5613,0.9836,0.1542,30.7,1
15,1.1732,0.0,0.6193,0.1035,2.6736,0.0,8.9,1
5,0.3488,0.221,0.5116,0.2955,0.0057,0.9674,30.7,0
16,1.5352,0.0,0.0,0.0138,0.0008,0.3194,68.9,0
10,1.2504,0.0694,0.3048,0.0,0.0533,0.954,25.0,0
14,1.9263,0.0,0.262,0.3836,0.5972,0.0,107.9,0
8,0.657,0.0482,0.0087,0.0,0.0082,0.8368,24.8,0
9,1.0866,0.1946,0.0868,0.1721,0.0731,0.3535,81.1,0
8,0.0581,0.0,0.0,0.1039,0.1359,0.9191,6.3,0
14,0.9894,0.0,0.5309,0.2855,0.0008,0.4384,72.5,0
5,0.7563,0.2243,0.0302,0.5806,0.2561,0.1317,76.2,0
10,0.1388,0.3083,0.3585,0.5684,0.0074,0.1708,110.1,0
17,1.1132,0.4361,0.1011,0.0,1.9758,0.4861,-10.4,1
4,1.8367,0.0896,0.3696,0.2516,10.0,0.5314,-25.6,1
13,0.2033,0.4006,0.0,0.1626,0.4006,0.296,38.2,0
1,0.741,0.132,0.0,0.0,0.8763,0.0717,68.9,0
18,1.8862,0.5873,0.0,0.0,0.0064,0.0146,20.1,0
10,0.6488,0.1527,0.036,0.3613,0.0538,0.0,102.8,0
19,1.3514,0.3634,0.2479,0.0,0.0095,0.4647,60.0,0
12,0.1287,0.0,0.0,0.0,0.0279,0.0,101.1,0
11,0.6828,0.2083,0.3635,0.5794,0.0757,0.7814,34.6,0
3,1.8762,0.1062,0.0,0.0,3.8747,0.2379,-17.3,1
4,1.5012,0.0,0.1021,0.0,0.0135,0.8371,7.2,0
9,0.8759,0.035,0.0927,0.4283,1.2,0.2619,39.0,0
10,0.5805,0.1158,0.1107,0.0,0.0192,0.2996,90.5,0
10,1.5058,0.4794,0.0846,0.1998,0.7938,0.0,17.8,1
19,0.6246,0.0,0.0,0.0,0.0023,0.1278,93.7,0
20,0.0,0.2274,0.1718,0.516,10.0,0.5988,-23.6,1
19,0.0,0.1365,0.1661,0.1434,8.3073,0.2064,4.0,1
9,0.9207,0.1297,0.0017,0.2555,0.0097,0.9781,93.5,0
19,0.0,0.1564,0.2621,0.2476,1.7486,0.1701,-5.2,1
4,1.3636,0.0,0.1953,0.0,0.0012,0.6295,47.8,1
20,0.0719,0.1277,0.5496,0.567,0.012,0.9285,73.8,0
6,1.7587,0.1839,0.0,0.0,0.2254,0.5525,-3.1,1
20,0.365,0.0,0.2572,0.0,0.0051,0.0,113.1,0
10,0.0,0.1266,0.1013,0.0,0.0132,0.7932,28.3,0
12,0.311,0.4477,0.4745,0.4885,3.125,0.2026,0.5,1
11,0.675,0.0,0.4641,0.5147,2.8756,0.5834,-17.4,1
9,0.4474,0.0,0.0,0.0,0.0013,0.8069,79.9,0
15,0.0542,0.2825,0.0507,0.0,0.0,0.925,99.3,0
5,0.864,0.1791,0.0,0.0,0.4684,0.1929,-10.5,1
5,1.4763,0.0857,0.1668,0.0,0.0591,0.2323,20.6,0
16,1.9186,0.0822,0.1285,0.0,0.108,0.4958,47.7,0
20,0.1165,0.1446,0.0235,0.1398,0.0013,0.4074,19.9,0
14,0.1676,0.207,0.446,0.1418,0.0002,0.9693,82.4,0
7,1.6341,0.0,0.0441,0.1797,0.0014,0.906,82.8,0
7,1.6802,0.4587,0.2183,0.0,0.0226,0.3763,104.9,0
12,0.301,0.2652,0.4156,0.5168,0.0733,0.8181,90.3,0
5,1.7669,0.0,0.0,0.1514,0.0088,0.0311,91.2,0
1,0.7359,0.2168,0.0,0.0,0.0234,0.7522,87.2,0
18,0.3806,0.3556,0.4841,0.382,0.0301,0.3842,83.2,0
1,1.7186,0.1428,0.332,0.0345,0.007,0.61,83.0,0
12,0.4983,0.2815,0.0,0.1352,0.0063,0.0025,13.7,0
6,0.8169,0.1328,0.0989,0.4211,0.0002,0.9043,99.7,1
17,1.596,0.1728,0.0846,0.4776,10.0,0.0,-29.8,1
20,0.2285,0.2723,0.0,0.0,0.0008,0.0568,34.9,0
13,0.2275,0.0,0.0,0.4411,0.0079,0.0176,63.1,0
10,0.1117,0.0,0.0,0.2955,0.075,0.0,54.4,0
9,0.718,0.0546,0.2619,0.4416,0.0714,0.2448,107.4,0
12,0.1516,0.1023,0.2909,0.3638,0.0098,0.3037,33.2,0
8,0.0,0.3782,0.0,0.0,0.0007,0.659,64.3,0
12,0.5818,0.0,0.0677,0.1229,0.1388,0.2501,37.7,1
15,1.7093,0.3858,0.0142,0.5888,0.0008,0.2429,89.3,1
17,1.6017,0.0943,0.005,0.0,0.0016,0.0,43.8,0
13,1.3217,0.0,0.0462,0.0,0.0167,0.7442,27.8,0
19,1.7764,0.4441,0.0952,0.0,0.0847,0.1224,35.0,0
4,1.7458,0.2354,0.0,0.2676,0.1073,0.3736,98.3,0
16,1.5069,0.0,0.0833,0.0,0.0024,0.6986,81.0,0
18,0.7668,0.2493,0.1258,0.3762,0.0633,0.8201,108.3,0
13,1.2674,0.2802,0.3765,0.1754,0.0015,0.7966,24.1,0
14,0.3917,0.6952,0.3868,0.0,0.0079,0.0,46.3,0
18,1.0323,0.0,0.0567,0.1553,0.0502,0.8325,88.3,0
1,0.8486,0.2263,0.1039,0.3233,0.0093,0.2531,56.8,0
11,0.0,0.0937,0.0,0.2684,0.1085,0.3742,107.4,0
4,1.6939,0.654,0.3051,0.1217,2.0475,0.3097,-28.8,1
7,0.9407,0.0,0.1524,0.495,0.0203,0.0029,111.4,0
9,1.7331,0.0,0.0,0.2702,0.0156,0.5555,32.0,0
6,0.5109,0.0846,0.6437,0.3264,7.7563,0.4596,-26.5,1
13,0.6002,0.0,0.0451,0.4564,1.4924,0.0,80.1,1
6,0.0,0.4262,0.0,0.5677,0.1026,0.3932,16.1,1
6,0.0,0.0,0.0,0.0,0.0164,0.654,37.2,0
16,1.0856,0.0,0.3285,0.0,0.0118,0.6554,16.3,0
10,1.6948,0.0,0.0031,0.0691,0.017,0.73,44.1,1
3,0.4904,0.0,0.1135,0.0,0.1204,0.6427,113.5,0
15,1.3063,0.3342,0.6122,0.3451,0.199,0.2737,67.1,0
19,0.1108,0.0412,0.1549,0.0,0.0023,0.3901,112.5,0
5,0.7061,0.0,0.0508,0.2151,1.3945,0.0762,-2.0,1
9,0.6374,0.0,0.0028,0.0,0.0057,0.0129,104.8,1
13,1.7992,0.0,0.3651,0.0054,0.0013,0.8804,76.9,0
12,0.0449,0.1456,0.0631,0.4708,0.0019,0.281,86.4,0
9,0.1527,0.4541,0.5146,0.5152,10.0,0.2252,4.8,1
6,1.0844,0.0883,0.0628,0.129,0.0013,0.707,110.4,0
17,1.9629,0.0343,0.0,0.4238,1.5796,0.1969,-18.4,1
8,1.4351,0.0,0.0,0.1444,0.6959,0.2478,35.4,1
12,0.6088,0.1361,0.0,0.2759,0.0607,0.6915,-25.0,1
2,0.8173,0.0,0.1393,0.461,0.196,0.2689,70.6,0
20,1.2816,0.0,0.1076,0.0,0.0002,0.509,79.7,0
11,0.0531,0.2275,0.186,0.0,0.0051,0.7725,115.4,1
4,1.09,0.0,0.0184,0.0493,0.2581,0.0,117.5,0
4,0.4223,0.3647,0.0,0.0027,4.4387,0.057,3.9,1
14,0.9116,0.2785,0.0428,0.5459,0.0097,0.3505,119.9,0
7,0.7605,0.0518,0.3559,0.323,0.0075,0.3733,86.0,0
2,0.0,0.0,0.0,0.0,10.0,0.8043,-5.5,1
10,1.2448,0.8892,0.0688,0.0,0.3346,0.4821,22.6,0
4,1.8661,0.0,0.0,0.2108,0.0026,0.1653,113.8,0
5,0.3755,0.0,0.3499,0.0,0.0949,0.9042,92.8,0
17,1.5959,0.3535,0.2093,0.516,0.0458,0.3897,46.2,1
14,0.2496,0.4021,0.0,0.5378,0.6798,0.5207,64.6,0
9,0.0,0.0429,0.4566,0.0,0.2605,0.7208,77.1,0
6,1.8775,0.0809,0.0,0.0,0.0045,0.7672,82.6,0
6,1.785,0.4227,0.0392,0.589,1.5106,0.4342,64.8,1
13,0.0,0.3357,0.007,0.0,0.0543,0.4013,27.0,0
11,0.0,0.3219,0.0,0.3142,1.9688,0.0,26.9,1
14,1.2612,0.3129,0.0,0.0,0.0856,0.2016,117.8,0
12,0.1022,0.142,0.4146,0.2751,0.0076,0.0,106.3,0
4,0.3735,0.1837,0.0669,0.324,0.0368,0.1502,94.0,0
12,1.9054,0.0,0.4342,0.4169,0.1201,0.2327,42.9,0
19,0.7782,0.2242,0.0,0.2931,10.0,0.2095,-11.9,1
1,0.0,0.0,0.192,0.5036,9.1879,0.9309,-30.0,1
19,1.4753,0.2736,0.0,0.2569,0.0009,0.0,78.4,0
2,0.0,0.2828,0.7279,0.0079,0.0066,0.0,70.6,0
9,0.0,0.0,0.141,0.0,2.6997,0.6033,-2.7,1
10,0.4876,0.1455,0.0189,0.195,0.0008,0.2658,112.0,0
19,1.1479,0.0,0.0002,0.4423,0.0278,0.0,94.7,0
2,0.9305,0.083,0.1441,0.0325,0.0123,0.1222,89.7,0
8,1.62,0.091,0.0,0.0813,0.1353,0.4467,-28.9,1
5,0.5981,0.5764,0.5407,0.0,1.1199,0.6904,-16.9,1
7,0.0,0.3212,0.1167,0.4437,0.0091,0.5117,113.4,0
1,0.0,0.2269,0.4405,0.3847,10.0,0.0,24.3,1
17,0.0,0.4303,0.0803,0.062,0.0039,0.3315,94.6,0
4,0.4326,0.1028,0.0,0.2439,0.0189,0.2771,15.5,0
17,0.0226,0.2531,0.2671,0.0,0.0528,0.308,37.2,0
6,0.6341,0.0,0.0325,0.178,0.0015,0.5676,96.8,0
9,0.8125,0.0553,0.4538,0.0,0.0263,0.6923,14.0,0
6,0.0,0.1902,0.0,0.0,0.1044,0.015,91.5,0
4,1.2505,0.5512,0.0,0.373,0.0279,0.2628,90.7,0
11,0.4219,0.0,0.1864,0.0499,0.0141,0.7296,118.5,0
18,0.3334,0.3504,0.0867,0.4216,0.0061,0.4468,113.8,0
18,0.6404,0.1066,0.5857,0.0,0.0649,0.1027,48.2,1
20,0.2174,0.1099,0.0,0.386,2.158,0.2244,-21.5,1
12,1.3345,0.0596,0.0,0.0,0.0016,0.9108,74.5,0
15,0.1071,0.1849,0.0,0.1638,0.001,0.8809,4.9,0
2,1.1451,0.2387,0.0553,0.0673,10.0,0.5324,-22.6,1
6,1.5209,0.5031,0.0,0.556,0.0019,0.8863,102.0,0
12,0.2427,0.1475,0.0,0.5021,10.0,0.0,-25.4,1
3,0.0,0.0979,0.0227,0.0,0.7173,0.5228,77.3,0
8,0.0,0.197,0.0,0.4663,0.0405,0.1666,106.7,0
20,0.6687,0.0,0.2532,0.5526,0.3658,0.7086,52.0,0
19,0.4735,0.0,0.0872,0.2928,0.0007,0.5466,25.4,0
4,0.1514,0.0916,0.0678,0.0441,0.0604,0.2758,62.0,0
16,0.5462,0.2888,0.0,0.0,0.045,0.8769,86.0,0
10,0.1147,0.0,0.2217,0.4819,0.1198,0.5784,-23.1,1
5,1.112,0.0,0.0972,0.0,0.0013,0.4764,64.6,0
3,0.3458,0.1925,0.0695,0.2682,0.008,0.0,105.4,0
12,0.4227,0.4438,0.0,0.0,0.7766,0.2821,-17.7,1
14,1.4319,0.2135,0.0611,0.3791,0.7106,0.3477,34.8,0
11,0.1062,0.0,0.0,0.0,0.0362,0.0101,103.3,0
12,0.2587,0.5275,0.0966,0.2477,0.0115,0.3697,55.5,0
15,1.8856,0.0824,0.0,0.0,0.7541,0.9068,-11.7,1
6,0.9803,0.0221,0.0,0.0756,2.8973,0.0359,21.5,1
20,1.8327,0.0138,0.0812,0.0,0.1356,0.5324,32.9,0
18,1.1217,0.0,0.0,0.0,0.0183,0.6973,69.1,0
7,0.4695,0.0172,0.0,0.5498,0.1361,0.0798,30.0,0
20,0.1304,0.5169,0.623,0.2842,0.0009,0.0,48.5,0
15,1.0188,0.0819,0.093,0.0,0.0013,0.6083,53.1,0
17,0.5035,0.0,0.0,0.0,3.0117,0.3362,8.8,1
6,0.6813,0.2157,0.0,0.146,10.0,0.3923,-15.9,1
15,1.3385,0.2382,0.0,0.0236,0.0337,0.8855,49.0,0
13,1.6006,0.2634,0.0,0.0,0.093,0.3693,69.7,0
6,1.9405,0.4808,0.4643,0.0,0.3062,0.3178,29.8,0
17,0.7985,0.0,0.4149,0.4669,0.001,0.6487,62.4,0
10,0.0138,0.0,0.0,0.2601,0.63,0.3828,11.9,0
17,0.4537,0.0,0.0,0.0,0.1592,0.0,50.6,0
4,0.5282,0.3129,0.2415,0.0,0.195,0.6177,99.7,0
4,1.8032,0.0,0.0,0.2504,0.2406,0.1126,97.8,0
15,0.2353,0.0,0.5049,0.5654,0.2793,0.3089,-12.6,0
16,1.9684,0.4773,0.4727,0.5699,0.1554,0.7968,112.1,0
5,1.0433,0.0427,0.0317,0.5338,0.0014,0.6536,49.8,0
14,1.9324,0.5715,0.1814,0.4943,9.4644,0.2682,-13.3,1
6,0.4395,0.0,0.0395,0.0,0.1389,0.0,52.8,0
3,1.5708,0.3158,0.054,0.0,0.0044,0.0,72.8,0
11,1.8096,0.0677,0.0538,0.0,5.0093,0.6315,-10.6,1
11,0.7297,0.2306,0.1487,0.5153,0.0238,0.0,40.0,0
1,1.0087,0.0,0.1254,0.2845,0.8754,0.9369,51.0,0
11,0.2778,0.4447,0.2131,0.0,0.9382,0.1924,44.0,1
17,1.2989,0.3823,0.278,0.3475,0.0004,0.242,110.2,0
12,0.0,0.4883,0.3612,0.0,0.0003,0.6892,104.9,1
18,0.0105,0.0,0.2111,0.5236,0.0133,0.3581,38.1,0
5,1.2341,0.1955,0.5365,0.1203,10.0,0.0,-6.1,1
6,1.3905,0.0,0.3921,0.3393,0.1266,0.7398,-24.8,1
1,0.1699,0.0217,0.0,0.0713,0.0075,0.0,64.1,0
15,0.7465,0.0631,0.3051,0.043,0.0006,0.6395,40.9,0
8,0.5267,0.2682,0.029,0.0,0.1542,0.1873,113.7,0
12,0.0,0.0,0.1143,0.0092,0.3087,0.1354,101.0,0
7,0.5418,0.1509,0.3221,0.0,0.0067,0.1526,66.6,0
20,0.2701,0.0,0.0,0.3865,0.008,0.8972,6.4,0
5,0.0,0.5617,0.1641,0.0,0.0126,0.5067,21.5,0
9,0.0764,0.494,0.0174,0.0075,0.8537,0.3178,-23.6,1
15,0.2831,0.2587,0.0,0.3243,0.0133,0.8221,79.8,0
6,1.3153,0.0719,0.0,0.2219,0.0042,0.3783,21.0,0
12,1.6406,0.0,0.0276,0.0,0.0251,0.5099,71.6,0
11,1.9358,0.1155,0.2604,0.2432,0.717,0.1385,-11.2,1
4,1.1015,0.189,0.5056,0.4478,0.5101,0.4554,27.9,0
2,0.6292,0.144,0.3292,0.1226,10.0,0.5785,45.5,1
14,0.4397,0.3635,0.4717,0.5169,0.0076,0.4015,118.4,0
17,0.034,0.0,0.0329,0.385,0.8485,0.3949,27.8,0
2,1.7871,0.3303,0.0,0.315,2.7141,0.3637,86.5,1
4,1.0006,0.106,0.0,0.3357,0.0346,0.187,28.9,1
17,0.3162,0.0,0.1315,0.4217,0.0993,0.2087,8.8,0
7,0.0,0.0,0.0,0.0,0.0089,0.5166,62.7,0
10,0.0,0.2942,0.0243,0.0,10.0,0.1209,-29.2,0
4,1.0295,0.0,0.1856,0.0,0.4638,0.4808,61.5,0
1,0.6992,0.4722,0.1178,0.0,0.0073,0.2616,117.3,0
6,1.9206,0.0,0.0,0.0,0.0086,0.063,16.1,0
4,1.1841,0.0621,0.0,0.0,3.8453,0.7331,-2.2,1
7,0.3841,0.0932,0.0,0.0,0.0019,0.737,79.6,0
7,0.2695,0.0757,0.1119,0.0,0.3037,0.3366,70.8,0
13,1.8059,0.0,0.1392,0.0,0.3716,0.6727,34.5,0
18,1.7904,0.0,0.0599,0.4626,0.0626,0.4504,99.8,0
16,0.4284,0.6405,0.2585,0.5557,0.0751,0.7636,81.3,0
17,0.0,0.0,0.0521,0.0,0.1602,0.37,46.8,0
13,0.7072,0.0,0.0,0.4135,0.021,0.5216,21.9,0
11,0.3561,0.0,0.0,0.5867,0.0256,0.6914,117.3,0
9,1.9385,0.0,0.0945,0.5742,0.0364,0.2215,14.0,0
16,0.0567,0.0,0.028,0.4002,0.0009,0.4084,66.3,0
6,1.6941,0.0,0.0258,0.0676,0.631,0.4907,95.5,0
9,0.308,0.6286,0.3308,0.5048,0.0024,0.9384,75.0,0
11,0.628,0.3002,0.0,0.0,0.0047,0.8517,8.4,0
9,1.6801,0.0,0.1667,0.1454,0.0232,0.0705,105.9,1
20,1.7049,0.0,0.1286,0.0,0.0003,0.0839,119.3,0
6,0.029,0.204,0.1332,0.0,0.011,0.413,60.6,0
20,1.5624,0.1839,0.0527,0.0,0.0394,0.6078,-9.0,1
17,0.852,0.0,0.2939,0.0,0.0046,0.8117,101.4,0
11,0.0,0.0,0.1297,0.0,0.561,0.4515,8.3,0
13,0.534,0.0,0.0,0.0,0.0049,0.0535,88.2,0
11,1.1819,0.0,0.3752,0.5266,0.1164,0.7349,117.8,0
11,1.5955,0.1418,0.0,0.1186,0.295,0.5705,43.3,0
7,1.1998,0.0,0.0,0.0,2.7157,0.9321,-15.0,1
11,0.2541,0.3484,0.01,0.0,0.8901,0.3796,-21.7,1
14,1.3534,0.1513,0.1771,0.2115,0.0009,0.8614,24.2,0
1,0.8165,0.0,0.0616,0.0,0.0061,0.5786,110.8,0
7,0.3725,0.0,0.0315,0.0,0.0502,0.7934,-10.7,1
3,0.0,0.1616,0.1395,0.5671,0.0027,0.7182,86.0,0
17,0.7337,0.2471,0.0444,0.0,0.0353,0.0,81.8,0
4,0.6877,0.1255,0.149,0.2484,10.0,0.0,-4.0,1
6,1.4663,0.0,0.0192,0.0,1.6432,0.2388,-8.9,1
10,0.7368,0.5066,0.1439,0.3705,0.6028,0.5089,41.0,1
8,0.1431,0.0,0.1277,0.1827,0.067,0.3791,40.1,0
3,1.5943,0.7001,0.0942,0.0,0.0468,0.7077,-27.1,1
6,1.8588,0.1302,0.0,0.0,0.075,0.9542,5.5,0
15,1.2995,0.0,0.5967,0.2546,0.002,0.7486,61.8,0
13,0.0,0.0,0.0907,0.0,0.002,0.9288,72.1,0
14,1.7954,0.1822,0.0274,0.1699,0.0504,0.3873,95.9,0
7,0.0,0.3943,0.0604,0.0,0.0152,0.7814,57.8,0
5,0.5078,0.0,0.1199,0.5823,0.1254,0.3589,30.9,0
16,0.0,0.0,0.4305,0.0,1.0061,0.7685,23.1,1
8,1.3327,0.0,0.0,0.1226,0.0047,0.0,22.2,0
16,0.8607,0.3374,0.1651,0.314,0.0031,0.4476,98.4,0
17,0.6877,0.0345,0.1855,0.3759,0.0067,0.9493,-0.9,1
17,1.1224,0.5409,0.0296,0.0556,9.5326,0.0,-15.9,1
15,1.1831,0.0,0.0597,0.0,1.0748,0.2192,22.9,1
4,0.0,0.4179,0.053,0.0737,0.122,0.2998,-13.2,1
5,1.621,0.3083,0.3106,0.5081,0.0151,0.3688,59.4,0
5,0.2996,0.6152,0.0667,0.0,0.0616,0.165,89.8,0
7,0.9933,0.1685,0.5423,0.2376,0.0005,0.6585,91.8,1
11,1.5218,0.0,0.3894,0.2723,5.7887,0.0,7.3,1
15,0.9144,0.0,0.3002,0.3963,0.0012,0.9732,3.8,0
7,0.0,0.1462,0.1673,0.4126,0.0074,0.6293,115.7,0
8,1.0039,0.0623,0.437,0.0,0.6799,0.7164,41.7,0
13,1.8546,0.2721,0.0,0.0333,0.0002,0.8548,33.2,0
7,0.1542,0.3064,0.0724,0.1053,2.2672,0.4864,-18.0,1
5,0.1877,0.0,0.0081,0.0,0.1334,0.7901,-27.9,1
8,1.7561,0.0,0.1427,0.0,0.0119,0.182,55.3,0
1,0.7169,0.2367,0.0,0.3924,0.2471,0.9181,4.7,0
16,0.3981,0.159,0.0761,0.0,0.3374,0.8339,-12.3,1
13,0.6551,0.0,0.016,0.0,0.1734,0.5576,87.7,0
6,0.874,0.2129,0.6839,0.0,0.1666,0.3832,47.9,0
19,1.6258,0.0,0.0195,0.0,0.3328,0.0476,80.1,1
18,0.7208,0.0,0.1486,0.0081,0.8166,0.0,66.1,0
19,1.2966,0.1644,0.3517,0.3102,0.0077,0.8019,116.3,0
12,0.0,0.1273,0.0533,0.2751,10.0,0.5302,-18.5,1
14,1.3279,0.3114,0.454,0.5347,0.0003,0.8177,108.2,0
1,0.3336,0.0,0.3032,0.0,6.0092,0.8764,-28.5,1
19,0.4908,0.354,0.11,0.2286,0.0176,0.2431,26.9,0
11,0.8536,0.0,0.1656,0.0,2.0338,0.3853,32.4,1
2,1.9797,0.1106,0.1595,0.0,0.0562,0.1709,86.6,0
5,0.2339,0.1917,0.0667,0.2498,0.0031,0.506,107.6,1
18,1.1245,0.1423,0.0,0.0255,0.0027,0.9347,98.2,0
5,0.0,0.0,0.0,0.0,0.4883,0.0788,52.1,0
7,1.7518,0.4847,0.04,0.5173,0.002,0.735,115.0,0
19,0.3302,0.3818,0.0202,0.0221,0.0095,0.0943,46.5,0
13,1.8708,0.0,0.0,0.0,0.0153,0.1332,48.9,0
10,1.7623,0.2145,0.0,0.518,0.1103,0.2789,-23.2,1
5,0.7111,0.0,0.307,0.3587,1.9634,0.4478,42.5,1
20,1.5463,0.1242,0.2311,0.2441,0.0004,0.9728,18.3,1
2,0.0255,0.268,0.0169,0.202,0.0026,0.7963,30.9,0
7,0.4389,0.4555,0.0,0.1621,0.0005,0.7918,84.2,0
15,1.3288,0.0,0.6312,0.0262,0.011,0.2172,28.3,0
9,0.8837,0.2379,0.0,0.0,0.5464,0.2859,4.2,0
18,0.7128,0.0,0.1312,0.0,0.3659,0.0,98.9,0
8,0.0168,0.0,0.1505,0.2131,0.0009,0.2098,86.8,1
13,0.0545,0.0,0.2304,0.0606,10.0,0.6125,-4.3,1
16,1.8159,0.1719,0.0708,0.5296,10.0,0.2843,0.9,1
20,1.0626,0.3293,0.0,0.0,0.0038,0.8455,67.0,0
13,0.0,0.0,0.0401,0.0,0.2821,0.4353,17.3,0
16,1.3223,0.3375,0.0,0.542,0.0188,0.0033,70.0,0
18,0.0,0.1386,0.0,0.2479,10.0,0.2479,-0.3,1
16,1.0742,0.0,0.0,0.0,0.0144,0.4451,74.7,0
15,0.7427,0.3242,0.0734,0.2411,0.0001,0.9118,114.3,0
13,1.4112,0.4893,0.4075,0.2577,0.2403,0.4293,118.9,0
1,0.0,0.3506,0.261,0.0985,0.0013,0.823,81.5,0
18,1.7667,0.0,0.0651,0.0166,0.0897,0.3653,104.2,0
2,0.0922,0.0,0.1608,0.0,10.0,0.2512,-25.3,1
10,1.8327,0.0,0.2047,0.0,0.001,0.404,45.5,0
4,1.767,0.0,0.0681,0.0,0.0159,0.1414,57.8,0
3,0.1148,0.0323,0.0,0.5983,0.0996,0.9048,49.6,0
18,0.5101,0.0,0.0,0.0,0.0021,0.9549,-5.2,1
18,0.2082,0.0058,0.1045,0.0371,0.0055,0.4858,76.8,0
5,1.4486,0.1694,0.4307,0.0,3.2349,0.0,6.7,1
1,1.166,0.0527,0.0622,0.1647,0.0098,0.4257,66.8,0
20,0.4431,0.0,0.2636,0.1021,0.0176,0.147,42.2,0
17,0.3962,0.1754,0.0339,0.0,0.0033,0.4321,119.8,0
2,1.4261,0.3057,0.3728,0.02,0.1929,0.7311,51.9,0
17,1.2098,0.0,0.0,0.0195,0.7789,0.4109,-23.4,1
2,1.7134,0.0554,0.1155,0.5461,1.6949,0.426,55.8,1
4,1.5551,0.4366,0.0,0.1274,0.0038,0.5948,33.6,0
8,1.4774,0.0,0.3657,0.0,0.0084,0.6488,100.1,0
18,1.7216,0.0,0.1596,0.0,0.0672,0.8731,36.5,0
18,1.6421,0.0,0.2392,0.3812,0.0059,0.1473,91.2,0
7,1.3389,0.2397,0.371,0.5559,2.1392,0.261,-22.3,1
7,0.3323,0.0364,0.0437,0.1637,0.0136,0.3323,80.8,0
13,0.8243,0.0,0.4677,0.0,10.0,0.0,-17.3,1
19,0.4942,0.0503,0.2967,0.146,0.0029,0.1366,75.4,0
11,1.843,0.3393,0.4612,0.3819,0.0075,0.5381,20.2,0
4,1.6833,0.0617,0.0951,0.238,0.1468,0.3161,114.1,0
20,0.0,0.6205,0.0448,0.4008,0.0137,0.9389,44.4,0
3,1.2223,0.0,0.6276,0.3643,0.0032,0.8985,49.1,0
4,0.0,0.0,0.0882,0.2969,0.145,0.0843,25.2,0
8,0.2526,0.2197,0.0,0.241,0.0726,0.8651,16.9,0
1,0.0,0.0,0.0,0.3117,0.0642,0.0097,69.9,0
17,0.0,0.3035,0.0,0.2204,0.0012,0.1239,110.5,0
6,0.1292,0.0,0.05,0.0,0.0779,0.0354,67.2,0
4,1.1168,0.0,0.0052,0.5052,0.4594,0.5237,11.9,0
20,0.2419,0.0,0.5614,0.3976,0.0009,0.2533,58.1,0
19,1.6723,0.4593,0.3258,0.2719,0.0011,0.0545,65.0,0
17,1.0641,0.1251,0.3507,0.3413,0.0001,0.9505,62.9,0
19,1.2841,0.2946,0.0,0.0,0.0139,0.6917,23.1,0
14,1.2142,0.0,0.1491,0.0,0.0052,0.8924,29.7,0
17,0.0,0.0,0.2282,0.0,0.1526,0.6211,-27.0,1
20,1.7491,0.0,0.0,0.1107,0.0889,0.1772,-10.8,0
15,1.5113,0.3237,0.0246,0.2208,0.0009,0.4232,57.4,0
11,0.2536,0.2459,0.1434,0.017,0.2159,0.2635,-26.2,1
5,1.2707,0.121,0.0,0.1654,0.1924,0.4557,33.8,0
4,0.9363,0.1714,0.0,0.0,10.0,0.4217,-19.3,1
4,1.0837,0.0,0.4945,0.085,0.1683,0.6033,4.6,1
16,1.007,0.0,0.1788,0.2633,0.0286,0.0,69.8,0
9,0.2986,0.3686,0.0,0.0,0.0412,0.0465,42.8,0
19,1.923,0.5307,0.2503,0.3822,0.0223,0.7806,21.3,0
19,0.5426,0.1308,0.0553,0.4145,0.0512,0.4113,34.1,0
18,1.6653,0.0,0.0,0.0,0.0957,0.0979,48.6,0
19,0.4553,0.0209,0.1987,0.3579,0.0097,0.9643,15.3,0
18,0.4859,0.0,0.1193,0.0,0.0302,0.0,100.1,0
7,0.519,0.2327,0.1582,0.1757,0.2602,0.4996,13.6,0
8,1.5603,0.0,0.2664,0.2035,0.0523,0.0,42.2,0
3,0.8454,0.0896,0.173,0.3756,0.5462,0.2288,97.9,0
18,0.7963,0.481,0.0,0.4085,0.0055,0.2216,52.7,0
10,0.962,0.4566,0.1398,0.0,0.0118,0.6903,105.5,0
17,1.8701,0.3803,0.0,0.008,0.008,0.3241,118.6,1
15,1.0475,0.3924,0.1183,0.0,0.0015,0.6822,89.9,0
13,0.0,0.0214,0.324,0.2087,0.0011,0.8198,117.2,1
11,1.2501,0.23,0.0,0.0,1.5829,0.0,10.1,1
6,0.7519,0.3258,0.3837,0.5779,10.0,0.0,1.7,1
1,0.5329,0.0,0.0674,0.0,1.188,0.0766,58.1,1
2,1.8578,0.2182,0.0873,0.0,10.0,0.5091,-2.5,1
6,0.0968,0.0409,0.1218,0.0217,0.0939,0.8418,17.9,0
3,0.0,0.0,0.164,0.4934,0.0931,0.937,76.0,0
1,1.8537,0.4625,0.3894,0.0463,1.1174,0.5421,50.7,1
13,1.6229,0.0,0.0577,0.0,0.1485,0.2817,-23.7,1
20,0.5217,0.0,0.1423,0.0,0.0145,0.3837,99.9,0
5,0.2034,0.0,0.022,0.0,10.0,0.2092,-13.4,1
13,1.5086,0.0576,0.0837,0.0,0.0256,0.7121,14.3,0
7,1.1792,0.6019,0.0,0.0856,0.3211,0.3194,63.9,0
5,1.3626,0.0,0.0,0.0,0.0043,0.4573,15.2,0
8,1.7538,0.2875,0.0,0.0,0.0047,0.8434,73.1,0
13,1.4541,0.0,0.2131,0.1769,0.4109,0.324,-5.0,1
11,0.0,0.4434,0.0525,0.3333,1.8037,0.0,56.0,1
10,0.0785,0.1706,0.0507,0.0749,0.2394,0.9238,-19.2,1
2,1.5369,0.2198,0.0,0.0386,0.0208,0.0142,46.3,0
1,0.8039,0.0,0.0624,0.0,0.0042,0.5915,104.4,0
1,0.4424,0.3687,0.0443,0.0203,0.0254,0.0412,32.2,0
7,0.5187,0.0477,0.0998,0.0,0.004,0.5626,36.4,0
2,1.394,0.1762,0.2478,0.2762,0.0318,0.9719,73.6,0
19,0.4238,0.2703,0.0,0.5827,0.0023,0.6335,99.2,0
13,0.0,0.4281,0.0,0.2551,0.0006,0.5973,73.9,0
12,1.8102,0.4131,0.0,0.1039,0.0154,0.8168,90.0,0
20,1.4854,0.2023,0.0,0.5387,3.2232,0.2009,-2.2,1
14,1.3074,0.4916,0.3294,0.0,0.0028,0.2912,63.2,0
10,0.5724,0.0,0.0564,0.0,0.0723,0.5811,21.3,0
3,1.2297,0.1584,0.0136,0.1724,0.0584,0.5177,16.5,1
14,0.0046,0.0,0.0,0.0,0.0016,0.4281,81.0,0
20,1.6116,0.0,0.0,0.4608,0.0861,0.9306,29.7,0
4,1.5607,0.1047,0.0,0.0,0.0033,0.6011,94.2,0
15,0.9549,0.5847,0.4165,0.0,0.4372,0.0795,12.7,0
14,1.7643,0.5718,0.0,0.0,0.0017,0.0165,29.9,0
18,1.2309,0.0986,0.0441,0.1838,10.0,0.3927,-28.1,1
3,1.9136,0.0834,0.0,0.0656,0.56,0.6532,88.6,0
10,1.3494,0.1925,0.3934,0.5082,0.0046,0.8113,88.2,0
20,1.5778,0.3032,0.0,0.4745,0.0043,0.9307,1.6,0
14,0.607,0.0,0.0378,0.5836,5.1065,0.0,22.0,1
11,0.7937,0.1123,0.0684,0.11,0.1012,0.3835,9.4,0
17,1.9517,0.1034,0.2667,0.0,0.0012,0.2944,59.5,0
15,1.7261,0.0,0.008,0.5324,1.0178,0.0717,40.9,1
17,1.0802,0.0326,0.0,0.3656,0.0119,0.4539,42.5,0
5,0.259,0.0,0.0,0.3179,0.0049,0.5297,96.8,0
6,1.1162,0.0,0.0,0.5787,0.0954,0.7025,54.8,0
19,0.2588,0.0,0.1668,0.416,0.0013,0.6818,61.5,1
1,0.0,0.0,0.0,0.093,0.6348,0.5638,36.9,0
4,0.965,0.0,0.0,0.0,0.0175,0.0924,104.5,0
9,0.6063,0.2448,0.0982,0.3758,1.3844,0.4816,-11.8,1
6,1.646,0.3301,0.0,0.0,0.2277,0.5131,-19.5,0
19,0.7651,0.1884,0.0,0.2898,0.0017,0.4367,53.9,0
15,1.4188,0.1928,0.0554,0.4793,0.0202,0.4287,112.7,1
15,0.1801,0.0,0.1646,0.0,0.0095,0.0,99.7,0
15,1.862,0.0498,0.0,0.4987,0.0007,0.9179,18.6,0
17,1.6352,0.0462,0.0,0.5164,0.3574,0.4145,93.5,1
3,1.0436,0.4451,0.4204,0.4104,1.5163,0.5385,29.1,1
11,0.7953,0.2005,0.172,0.3862,0.004,0.6919,97.6,1
2,1.6771,0.4058,0.0,0.5759,0.6209,0.8088,55.6,0
9,0.5009,0.0,0.0221,0.0,0.5818,0.7886,-26.0,1
2,1.6894,0.369,0.2268,0.3446,0.0172,0.9096,43.0,0
14,0.3771,0.2162,0.077,0.0,0.0017,0.1082,106.8,0
11,1.5127,0.3627,0.0648,0.1696,0.0014,0.0,78.8,1
14,1.9802,0.1857,0.0,0.0,0.3609,0.1294,113.3,0
18,1.2178,0.2746,0.0,0.0,0.0798,0.4706,108.9,0
15,0.4341,0.0238,0.0208,0.336,0.5435,0.8681,-11.3,1
7,0.8084,0.0,0.4847,0.0471,0.0027,0.7565,39.5,0
16,1.8607,0.2977,0.0,0.3437,7.5753,0.6934,-14.3,1
7,1.8991,0.3448,0.0,0.0837,0.0026,0.2277,98.5,0
7,0.2201,0.0,0.1908,0.0,9.8894,0.527,-17.6,1
1,1.311,0.4063,0.0,0.5344,1.1228,0.1616,62.7,1
3,0.4382,0.8256,0.2066,0.5908,2.837,0.0962,95.5,1
3,0.3047,0.4198,0.0,0.2798,0.0115,0.0837,96.8,0
11,0.2372,0.2276,0.0,0.1377,2.3008,0.0209,-17.4,1
7,0.0,0.7053,0.0814,0.0456,1.6732,0.0,9.4,0
5,1.8377,0.7075,0.0549,0.0,0.0102,0.3255,22.8,0
9,1.3858,0.0,0.3105,0.0,0.0082,0.8743,13.1,0
11,0.0153,0.2868,0.0819,0.0,0.0069,0.465,103.3,0
7,1.305,0.0374,0.2888,0.2458,1.1247,0.4434,-5.2,1
13,0.4676,0.3182,0.0,0.0,0.0004,0.9296,51.6,0
8,0.2585,0.3778,0.0,0.5329,0.0516,0.7102,62.7,0
18,0.8505,0.2867,0.0582,0.3707,0.0025,0.052,38.2,0
9,1.4505,0.0,0.2236,0.0,0.0008,0.4457,87.1,0
17,0.1347,0.6546,0.1229,0.2507,0.0041,0.0099,71.4,0
4,1.4944,0.0,0.0,0.0,0.152,0.5815,26.3,1
9,1.4097,0.1438,0.0,0.2659,0.0207,0.7164,75.4,0
15,1.2359,0.2235,0.0,0.4918,0.5692,0.4204,54.7,0
10,1.9491,0.4302,0.0899,0.0,0.115,0.3407,113.3,0
4,0.6244,0.0739,0.2343,0.2568,0.0154,0.5204,52.5,0
7,0.3959,0.562,0.1469,0.3551,1.7961,0.9304,7.8,1
7,0.4519,0.0438,0.0,0.3222,0.1568,0.3186,35.9,0
7,0.4374,0.0,0.0,0.1843,0.0775,0.7537,117.5,0
19,0.0,0.0,0.0,0.0,1.4692,0.02,-9.2,1
13,1.6016,0.1724,0.0,0.0,0.0019,0.2877,26.4,0
11,0.3812,0.0,0.7562,0.5585,0.2321,0.9681,11.7,0
20,1.9892,0.0,0.2899,0.4493,0.8519,0.1326,28.0,1
11,0.8343,0.5349,0.0,0.1877,0.0207,0.186,60.0,0
1,1.7498,0.2361,0.0373,0.0,0.0032,0.6253,87.5,0
9,0.0387,0.1487,0.0,0.0,0.0116,0.9444,74.2,0
12,1.9492,0.2765,0.1434,0.0,0.041,0.2696,54.0,0
7,0.0237,0.0,0.3264,0.1021,0.8448,0.348,-1.9,1
17,0.0073,0.0,0.1165,0.0,0.002,0.2705,102.0,0
16,0.7629,0.4834,0.0,0.0,0.0009,0.5636,68.4,0
5,0.3951,0.0,0.4567,0.4388,0.0043,0.6876,97.9,1
13,0.2308,0.331,0.0294,0.2437,0.4557,0.4071,4.0,0
15,1.3602,0.0117,0.1436,0.0,0.2074,0.1096,59.5,1
9,0.6826,0.092,0.0,0.3876,10.0,0.5681,-22.2,1
6,1.3766,0.0,0.036,0.3085,10.0,0.0693,-28.0,1
7,0.5208,0.0,0.0,0.0,3.533,0.1966,-23.6,1
6,0.6129,0.2192,0.0596,0.019,8.2813,0.8554,-24.2,1
13,0.6842,0.271,0.239,0.0836,0.4007,0.5106,103.2,0
5,0.4734,0.4904,0.0564,0.3722,0.0359,0.1073,75.6,0
9,0.6054,0.2705,0.0,0.14,0.6847,0.8251,15.8,0
4,1.3188,0.4089,0.0023,0.0878,9.6721,0.5047,-5.8,1
10,0.2383,0.0,0.2074,0.0,0.0304,0.8795,-23.8,1
14,0.8294,0.0,0.0819,0.5571,0.0024,0.5297,42.8,0
6,0.0345,0.1068,0.0,0.4539,0.1287,0.548,26.0,0
7,0.8263,0.0,0.5331,0.0,0.2838,0.6202,40.4,0
7,0.69,0.0,0.1065,0.0597,1.085,0.465,-3.3,1
17,0.0,0.0,0.0375,0.5872,0.6301,0.253,57.7,0
3,0.8331,0.0549,0.1387,0.0,0.97,0.059,-23.9,1
6,1.7585,0.0,0.0,0.4878,0.0261,0.1012,7.4,0
10,0.7654,0.0,0.3871,0.0131,0.0003,0.9245,23.3,0
14,1.6765,0.1559,0.0,0.0,0.1589,0.053,-1.1,1
14,0.976,0.4823,0.3738,0.0,0.0689,0.2172,36.2,0
3,0.0867,0.7705,0.0,0.5217,0.176,0.0,31.4,0
12,0.6019,0.2948,0.113,0.3617,0.003,0.4931,18.1,0
19,0.3371,0.4665,0.092,0.0,0.0182,0.6608,9.2,0
12,1.8563,0.0,0.0,0.0,0.0381,0.5031,-23.8,1
12,0.0,0.1118,0.0598,0.0546,0.1855,0.0561,109.4,0
13,1.9007,0.6552,0.1869,0.3289,0.0114,0.7425,77.1,0
14,0.3794,0.1108,0.4529,0.0,0.0123,0.7555,-26.4,1
2,1.795,0.0,0.2706,0.0,0.0684,0.8924,-25.0,1
14,0.0,0.3345,0.2124,0.4716,0.0709,0.2239,65.8,0
17,1.7698,0.2654,0.2579,0.499,0.0092,0.8355,104.4,0
9,0.9758,0.3133,0.0,0.0,0.2678,0.16,84.0,0
11,0.134,0.0127,0.5165,0.4378,0.0126,0.9195,39.0,0
20,0.6955,0.1388,0.0,0.034,1.0071,0.0,64.2,1
3,0.4263,0.1205,0.3027,0.1044,0.0421,0.401,86.9,0
14,1.1013,0.0,0.0324,0.0,0.3094,0.0,-22.2,1
3,0.3906,0.1592,0.0,0.5428,0.0278,0.8635,117.2,0
6,0.8953,0.3399,0.3958,0.0,0.0027,0.6599,41.3,0
9,0.1038,0.2761,0.1777,0.0,0.4432,0.3876,88.7,0
19,0.0,0.1076,0.1362,0.2856,0.0097,0.6118,112.2,0
16,0.0,0.2928,0.0,0.4561,0.5036,0.0,73.4,0
19,1.3558,0.0962,0.0825,0.0,0.0068,0.5849,85.2,0
5,0.0,0.3084,0.0,0.0557,2.0944,0.0,68.8,1
5,0.7428,0.0,0.0,0.1014,0.1582,0.8094,-4.8,1
12,1.4987,0.0,0.2327,0.1689,0.0004,0.6852,95.7,0
13,0.0,0.0,0.552,0.355,0.0008,0.7071,82.9,0
12,0.2209,0.4218,0.0,0.0906,0.0172,0.9325,-19.9,1
15,0.0,0.0,0.0,0.0,0.0543,0.3719,62.3,0
2,1.8436,0.6064,0.5394,0.5844,0.5222,0.9701,38.1,1
1,0.4297,0.2257,0.135,0.0,0.0078,0.5875,105.0,0
9,1.5956,0.3323,0.0,0.1166,0.1138,0.5457,-22.2,1
15,1.3607,0.0,0.0,0.249,0.0057,0.6084,84.4,0
8,0.0717,0.2016,0.0,0.4428,0.0064,0.4397,32.9,0
16,1.8176,0.0271,0.1721,0.1378,0.5978,0.2387,15.1,0
16,0.7451,0.0,0.0,0.0,0.0216,0.585,21.3,0
17,0.7804,0.1769,0.2063,0.0,0.0235,0.3381,-15.8,1
7,0.0532,0.0,0.0,0.3386,0.0569,0.5623,111.1,0
13,1.5326,0.0,0.1984,0.4543,0.0397,0.7724,85.5,0
10,1.7981,0.2324,0.2404,0.2429,0.2384,0.3676,46.6,0
3,1.1331,0.1838,0.5036,0.2243,2.2871,0.0595,77.3,1
13,0.0,0.2317,0.0,0.0999,10.0,0.055,0.6,1
13,1.6313,0.1636,0.2459,0.1279,0.0057,0.7718,117.3,0
12,1.537,0.393,0.3667,0.0562,0.1312,0.0,67.0,0
5,1.4053,0.2215,0.0071,0.4876,1.1897,0.7314,21.6,1
8,1.8591,0.4125,0.0282,0.2656,0.0191,0.3435,51.2,0
9,0.6957,0.0,0.0,0.5418,0.0029,0.4028,62.6,0
10,0.1097,0.2906,0.3227,0.2804,0.0053,0.4356,74.3,1
1,0.4381,0.247,0.0,0.0,2.0827,0.0,107.4,1
16,1.2891,0.2195,0.2436,0.0,0.9895,0.1834,-16.5,1
14,0.5201,0.0,0.0,0.5734,0.221,0.5449,108.3,0
16,0.1915,0.2448,0.583,0.0923,2.1675,0.0141,33.2,1
5,1.1339,0.3086,0.0341,0.0042,2.1325,0.1511,82.4,1
12,0.0,0.2901,0.0,0.3309,0.0711,0.1899,31.0,0
16,0.0,0.4113,0.0,0.515,0.5533,0.7638,-14.4,1
5,0.0,0.0,0.2156,0.0349,0.1971,0.6741,42.3,1
6,1.1546,0.2819,0.0647,0.4848,0.1837,0.7449,-19.0,1
20,1.8914,0.0,0.0,0.1515,10.0,0.6254,-16.5,1
18,0.0,0.2365,0.4186,0.5295,0.0054,0.8304,35.6,0
4,1.0791,0.0823,0.0,0.4993,0.3609,0.4519,114.0,0
3,1.1886,0.5814,0.0442,0.0,0.0068,0.1136,111.3,0
12,0.3933,0.0,0.6678,0.3085,0.0004,0.7036,95.9,0
15,0.0,0.0089,0.0,0.2809,0.0323,0.7346,39.1,0
1,1.7234,0.0,0.0291,0.379,10.0,0.9154,-17.1,1
10,1.559,0.3646,0.0533,0.0,8.2631,0.495,5.3,1
18,1.781,0.0633,0.1067,0.1449,0.358,0.1675,57.8,0
4,1.1304,0.2926,0.0,0.3641,0.0068,0.638,99.7,0
20,0.0,0.0,0.0,0.2805,0.563,0.9532,-19.2,1
1,1.5481,0.1937,0.0,0.5238,0.0182,0.0,106.9,0
5,0.0,0.254,0.1102,0.3689,0.0296,0.5793,28.5,0
8,0.3489,0.0,0.0275,0.1729,0.0765,0.6768,82.3,0
10,0.1216,0.4508,0.3579,0.0049,0.5146,0.2285,57.7,0
10,1.2638,0.3624,0.1003,0.459,0.0209,0.3396,117.3,0
13,1.333,0.0,0.0,0.4173,0.0359,0.3824,23.7,0
18,1.2772,0.0502,0.2982,0.0,0.0046,0.9161,107.1,0
11,0.3933,0.238,0.1154,0.4116,0.0632,0.2399,114.5,0
4,0.9418,0.0,0.081,0.0,8.675,0.0,-11.2,1
10,1.7393,0.733,0.024,0.5284,0.0024,0.5674,97.9,1
17,1.984,0.4055,0.4271,0.1868,0.0011,0.74,90.0,0
1,1.0978,0.0,0.1384,0.4529,0.3601,0.0672,55.8,0
15,0.1343,0.0,0.0,0.5656,0.0164,0.5585,86.9,0
8,0.0582,0.0,0.1953,0.4296,0.8908,0.4562,38.7,0
3,1.8509,0.0,0.0,0.4604,0.433,0.8383,89.6,0
1,0.0,0.1992,0.0,0.0,10.0,0.0051,-9.9,1
16,0.2169,0.2231,0.2588,0.3446,0.0126,0.1598,78.6,0
1,0.5019,0.2627,0.0157,0.0,6.1768,0.0,71.6,1
5,1.0545,0.1024,0.5902,0.455,10.0,0.0,-1.0,1
20,0.1056,0.4441,0.112,0.5383,0.6982,0.0524,1.0,0
20,0.1644,0.3378,0.0,0.0,0.1149,0.5668,87.2,0
5,1.9978,0.0,0.1829,0.0,0.0568,0.4429,-26.3,1
1,1.4509,0.3223,0.0648,0.5738,0.0153,0.3086,74.3,0
14,0.0,0.0,0.3646,0.5401,2.2717,0.9167,-11.9,0
1,0.5842,0.0795,0.0,0.0885,7.9589,0.0081,82.7,1
7,1.1169,0.3789,0.164,0.2647,0.0221,0.7832,74.3,0
5,0.1527,0.3189,0.0,0.0,2.7482,0.8681,-5.3,1
13,0.5112,0.2816,0.0051,0.1621,0.0419,0.1976,21.2,0
15,1.8432,0.0,0.2004,0.0,0.0041,0.1775,31.7,0
17,0.317,0.1043,0.3352,0.4493,0.0002,0.8631,115.9,0
7,0.0,0.0897,0.5483,0.153,0.9639,0.2448,97.9,1
11,0.0,0.4299,0.1034,0.0,10.0,0.1504,-18.4,1
4,1.4313,0.4971,0.1734,0.0,0.0175,0.5946,74.4,0
14,1.5769,0.0,0.4151,0.4922,0.0185,0.9042,41.3,0
6,0.6601,0.575,0.2068,0.4629,0.0249,0.6479,71.3,0
13,0.1034,0.0,0.0654,0.5018,0.082,0.1761,96.0,0
16,0.5272,0.7566,0.0433,0.0653,0.9659,0.7733,-7.1,0
8,1.687,0.0,0.0745,0.2185,0.0021,0.7614,50.0,0
7,0.7685,0.319,0.2125,0.116,0.0394,0.8661,9.2,0
15,0.9547,0.1035,0.0,0.0,0.1666,0.7731,2.0,0
16,1.958,0.1233,0.1846,0.0,0.0156,0.7892,116.8,0
10,1.1744,0.1836,0.5153,0.0,0.009,0.4116,17.8,0
20,1.8439,0.0954,0.4813,0.1296,0.0674,0.5312,80.6,0
7,0.6844,0.6272,0.0309,0.0,10.0,0.0,-9.9,1
4,1.8829,0.0,0.0,0.0985,0.0042,0.9594,40.0,0
14,1.0051,0.1424,0.0,0.5422,0.1757,0.1197,42.9,0
10,0.6659,0.2992,0.1315,0.0,0.0023,0.0,89.9,0
15,1.795,0.5524,0.0,0.2312,0.0048,0.7241,97.8,0
19,1.7938,0.0,0.0,0.0,0.0004,0.9481,66.9,0
6,0.101,0.3752,0.0,0.0046,0.5662,0.6247,14.8,0
3,1.3738,0.2231,0.0,0.3539,0.4467,0.0568,77.3,0
19,1.8803,0.0852,0.0,0.1049,0.172,0.6597,-16.8,1
2,1.2431,0.0,0.2534,0.5969,0.2588,0.4448,109.8,0
19,1.8975,0.0,0.8521,0.0,0.0014,0.1252,52.5,0
3,1.4326,0.2734,0.0423,0.3335,0.0411,0.8927,13.8,0
16,1.9889,0.0,0.0,0.546,0.3187,0.1577,31.9,0
16,0.9372,0.0,0.3137,0.0,0.5952,0.1346,-8.4,1
5,1.6898,0.0,0.1572,0.3353,0.059,0.029,102.3,0
3,0.0788,0.0873,0.0,0.5087,0.0651,0.612,19.7,0
14,0.1129,0.0,0.1505,0.0,0.068,0.282,-1.1,1
1,0.3417,0.0,0.2111,0.0,1.0155,0.7686,114.6,1
11,0.5794,0.203,0.0488,0.118,2.517,0.3531,-9.5,1
13,1.0892,0.2337,0.4953,0.0,0.746,0.0457,-27.5,1
11,1.367,0.0,0.0737,0.0007,0.2563,0.5467,108.1,0
8,0.5757,0.0,0.0,0.5565,3.5845,0.0645,-19.4,1
17,0.1972,0.3022,0.0,0.1847,0.3184,0.2367,45.5,0
6,0.8417,0.0,0.0946,0.4746,0.0656,0.7866,16.8,0
5,0.017,0.2371,0.3027,0.0,0.022,0.9626,72.1,0
8,0.0,0.3259,0.2485,0.3842,0.0108,0.3881,92.7,0
20,1.0585,0.0,0.6456,0.4199,0.0003,0.9511,99.9,0
5,1.877,0.87,0.0,0.0,0.0004,0.93,108.0,0
19,0.0,0.1813,0.2622,0.4168,0.1868,0.2108,63.4,0
3,0.0,0.7504,0.1122,0.0,0.0163,0.2352,17.8,0
7,0.2338,0.3453,0.0,0.0569,0.7252,0.9064,-23.6,1
20,0.5732,0.0827,0.0,0.0758,0.0285,0.3384,-3.8,1
5,1.2301,0.4748,0.0,0.0802,0.3872,0.0,88.3,0
19,0.3013,0.5504,0.0,0.0,0.0425,0.7801,22.7,0
5,1.3414,0.0,0.3091,0.3165,0.0347,0.9118,30.0,0
2,1.6508,0.1715,0.0,0.5916,10.0,0.1398,12.4,1
19,1.3991,0.059,0.0217,0.0455,0.4036,0.4918,-20.9,1
5,1.1854,0.228,0.0,0.4794,0.0065,0.4789,65.0,0
7,0.6308,0.0,0.2935,0.5679,0.0135,0.8248,21.9,0
5,1.3527,0.1937,0.6107,0.0,0.0825,0.0881,15.4,0
7,1.4323,0.0,0.5378,0.0,0.1548,0.0724,-21.5,1
5,1.6854,0.0,0.0,0.1347,0.0062,0.405,34.0,0
11,0.1896,0.0,0.0754,0.3495,0.0114,0.444,91.6,0
15,1.5363,0.2911,0.0,0.0,0.0067,0.5038,91.8,0
5,0.0,0.4216,0.1043,0.0,0.4754,0.0502,89.3,0
11,1.7538,0.19,0.154,0.0822,0.0139,0.35,34.8,0
7,0.0,0.3694,0.0,0.0,0.0649,0.0,62.3,0
12,0.4982,0.0,0.0057,0.4887,0.0223,0.8581,19.9,0
3,1.2885,0.1693,0.5062,0.0,0.0051,0.1188,77.2,0
16,0.3869,0.0481,0.0,0.0395,1.952,0.0255,-22.5,1
3,1.5751,0.4463,0.1398,0.0,0.1417,0.2329,28.8,0
6,0.1741,0.0,0.0,0.5578,0.4906,0.5761,32.3,0
18,1.213,0.3231,0.1582,0.1763,0.0496,0.4838,-22.4,1
1,0.5976,0.6018,0.2194,0.5235,4.8006,0.0637,77.0,0
19,1.3864,0.081,0.0,0.476,0.0712,0.8221,78.6,0
1,1.7863,0.0,0.0677,0.1845,0.0251,0.266,49.4,0
18,1.2866,0.0,0.0765,0.3635,0.008,0.1304,63.1,0
12,1.8374,0.3356,0.1319,0.2436,0.0015,0.4898,15.6,0
19,1.8628,0.2345,0.0,0.0,0.2024,0.8424,36.7,0
14,0.2248,0.1712,0.0,0.482,0.2529,0.3968,38.9,0
19,1.6068,0.2174,0.2759,0.3578,0.0009,0.9438,53.7,1
19,0.2304,0.0609,0.3425,0.089,0.0005,0.1924,42.9,0
9,1.1552,0.0,0.0989,0.105,0.006,0.7036,11.8,0
11,1.9309,0.4909,0.2482,0.163,0.0094,0.3824,118.4,0
18,1.7015,0.0242,0.0,0.0203,0.004,0.1858,105.5,0
1,1.3964,0.4947,0.1184,0.0,0.0389,0.0529,91.4,0
11,1.3226,0.1739,0.0,0.3759,0.0001,0.9649,118.2,0
6,0.0,0.0,0.0,0.0,0.2573,0.678,-19.0,1
20,0.8059,0.0,0.0,0.3568,0.0001,0.963,80.9,0
6,1.5339,0.3763,0.0385,0.0,0.015,0.7504,-19.5,1
15,0.5596,0.0,0.0,0.0,0.3273,0.1279,107.5,0
12,1.215,0.277,0.2479,0.5226,0.1044,0.5364,22.9,0
18,0.3563,0.2161,0.0,0.3175,4.9677,0.4785,-2.4,1
11,0.33,0.3005,0.1716,0.2602,0.0042,0.3112,88.3,0
8,1.3718,0.1902,0.0,0.1372,0.0037,0.294,23.8,0
10,0.3297,0.0,0.0,0.2854,0.0087,0.9236,102.1,0
1,0.6097,0.3378,0.2112,0.1753,0.1211,0.1991,10.4,0
15,1.7528,0.0866,0.0,0.2537,1.1481,0.1733,0.0,1
12,0.099,0.2626,0.0,0.0245,0.0429,0.0,92.4,0
9,0.5994,0.4619,0.0,0.1799,10.0,0.1617,-16.8,1
4,0.7592,0.8637,0.4707,0.0,0.0662,0.9671,61.5,0
13,1.1982,0.199,0.0,0.4544,0.1178,0.4046,83.6,0
18,0.501,0.1548,0.2054,0.0578,0.0241,0.4395,43.7,0
2,1.8282,0.0689,0.2673,0.3267,0.0911,0.8351,13.0,0
2,0.7675,0.0784,0.0,0.0,10.0,0.5106,-7.0,1
18,0.2554,0.1824,0.3185,0.2763,0.001,0.3686,76.9,0
19,0.2012,0.44,0.1731,0.0,0.0022,0.2955,116.9,0
1,1.177,0.099,0.0627,0.3491,5.6123,0.3376,65.1,1
8,1.1538,0.0636,0.3333,0.1119,1.3994,0.714,36.7,1
8,0.0,0.2499,0.4663,0.0,0.1097,0.0476,-7.0,1
10,0.7097,0.0,0.5311,0.2054,0.4363,0.0477,117.7,0
15,1.3547,0.0,0.0,0.1093,0.0045,0.4983,56.6,0
8,1.1991,0.5646,0.0328,0.0141,0.0737,0.0053,14.8,0
3,0.1057,0.7284,0.0236,0.2363,0.0557,0.0,71.6,0
7,0.3561,0.391,0.0851,0.5994,0.3208,0.2086,14.4,0
17,0.5368,0.0,0.5048,0.0,0.0456,0.2473,48.6,0
12,1.8006,0.8055,0.0277,0.0,0.0429,0.0803,-7.9,0
3,0.0,0.3703,0.1796,0.079,0.0006,0.7736,106.8,0
14,0.4558,0.3041,0.0,0.4334,0.0194,0.4005,70.9,0
6,0.0,0.2359,0.0198,0.4337,6.1729,0.1022,-29.4,1
18,1.5783,0.538,0.3756,0.0,0.0093,0.5317,26.3,1
17,0.2054,0.0,0.0,0.0,0.0073,0.7933,112.1,0
3,0.7611,0.0,0.2287,0.2715,0.0004,0.9791,72.0,0
11,1.6589,0.0,0.0,0.1235,0.6741,0.0913,11.2,0
9,0.0,0.0111,0.3263,0.5753,0.0234,0.2739,78.9,0
14,1.4893,0.5256,0.0,0.3061,0.9585,0.5419,-16.0,1
8,0.755,0.0,0.5697,0.0,0.0007,0.2956,73.0,0
4,1.305,0.0688,0.0147,0.0305,0.0605,0.2562,110.0,0
6,0.1667,0.0,0.4585,0.0467,0.0656,0.2991,80.8,0
13,1.6171,0.3862,0.1206,0.5627,10.0,0.0,-17.3,1
17,1.7363,0.1181,0.219,0.0,0.0027,0.963,-0.8,1
4,0.5091,0.0,0.0,0.0,0.0971,0.4397,64.0,0
12,0.0888,0.269,0.0622,0.0,0.007,0.8985,13.4,0
13,1.3964,0.0945,0.3401,0.0,0.0563,0.9403,55.5,0
20,0.5857,0.6057,0.164,0.0135,0.0156,0.487,18.3,0
3,0.7365,0.0,0.0,0.1855,10.0,0.5357,-26.2,0
11,1.5516,0.0,0.4484,0.5073,0.0169,0.0,78.0,0
6,1.8301,0.701,0.1981,0.5491,0.0231,0.9075,-26.6,1
16,0.3889,0.0777,0.2112,0.0,0.0074,0.7601,33.2,0
9,1.3616,0.142,0.0,0.4102,0.124,0.8689,80.9,0
13,0.1009,0.0,0.0,0.0,0.0266,0.0163,84.1,0
17,1.6354,0.481,0.0,0.0,0.4925,0.4671,-20.0,1
17,1.734,0.2712,0.4155,0.1656,0.0022,0.5623,41.6,0
14,0.7594,0.6318,0.5017,0.0,0.0056,0.0,37.2,0
14,1.456,0.2206,0.1029,0.5054,0.0016,0.9286,85.9,0
5,1.9872,0.5806,0.0,0.5331,0.0029,0.5088,97.0,0
20,1.422,0.6376,0.0287,0.4213,0.001,0.6346,49.5,0
16,1.1704,0.0,0.2747,0.512,0.0048,0.5002,82.3,0
1,1.4906,0.0,0.0209,0.0,4.6796,0.0,87.7,1
9,0.793,0.0,0.1574,0.3239,4.7689,0.5043,-21.3,1
16,0.9328,0.3845,0.0,0.0,0.0009,0.2035,95.2,0
4,0.0976,0.1216,0.0,0.5256,0.1623,0.3595,56.1,1
16,0.4668,0.0,0.0118,0.5386,0.0138,0.4853,46.1,0
15,1.652,0.0,0.0,0.0,0.1013,0.0,96.0,0
13,1.6851,0.0,0.4916,0.1126,0.0029,0.7581,69.3,0
9,1.4725,0.5764,0.0,0.0,0.2025,0.843,10.4,0
15,1.1021,0.0,0.0,0.3832,0.0934,0.6185,50.6,0
1,1.1798,0.1532,0.2182,0.1481,3.5244,0.6091,-4.8,1
7,0.4494,0.0,0.0,0.2233,10.0,0.0843,2.1,1
5,1.2461,0.0347,0.0,0.0,0.0182,0.4729,102.3,0
12,1.6167,0.4648,0.0,0.2434,0.0016,0.7739,115.9,0
12,1.1287,0.2381,0.0,0.4222,0.0032,0.3819,79.1,0
6,1.3963,0.0,0.3895,0.4846,0.5601,0.7873,27.9,0
8,0.6028,0.0,0.3104,0.1864,10.0,0.2907,-7.5,1
17,1.5056,0.3298,0.0,0.379,0.0023,0.5376,23.8,0
5,1.6861,0.0,0.0619,0.2084,0.0912,0.6955,17.3,0
6,0.8829,0.0,0.3876,0.5461,0.005,0.239,79.3,1
10,0.5386,0.1375,0.0,0.0819,5.6014,0.7999,-11.9,1
2,1.0319,0.3439,0.566,0.0,0.0049,0.9253,68.1,0
3,1.8396,0.0,0.2999,0.2826,1.1647,0.6813,-4.1,1
5,0.2559,0.0,0.2301,0.0,0.1525,0.5451,64.6,0
5,0.0,0.0,0.0,0.1726,0.11,0.8457,117.7,0
20,0.0,0.5594,0.0724,0.0,0.0048,0.2897,66.1,0
9,1.2081,0.0,0.0,0.0,0.021,0.0712,106.5,1
1,0.4381,0.0,0.0556,0.0159,0.2073,0.0,104.2,0
19,1.4227,0.053,0.0,0.2923,0.0673,0.2304,76.6,0
5,0.6919,0.6789,0.0145,0.0,0.019,0.5394,32.7,0
18,1.5846,0.0,0.5258,0.1454,0.0007,0.8169,36.9,0
15,1.6187,0.0,0.0,0.0696,0.1949,0.5466,3.9,0
9,0.0,0.5441,0.0287,0.5487,0.3098,0.7924,57.5,1
11,1.7577,0.0,0.1985,0.2882,0.0395,0.5059,18.5,0
8,1.7296,0.0,0.0,0.0,0.0141,0.4162,31.1,0
1,0.4865,0.3103,0.1258,0.4983,2.0676,0.7901,74.1,1
14,0.9221,0.3387,0.4094,0.0,5.7801,0.2392,-13.4,1
4,1.2652,0.0,0.117,0.3403,0.0118,0.9062,105.3,0
1,0.5825,0.116,0.0,0.0024,0.5333,0.409,15.0,0
8,0.1758,0.0782,0.2707,0.0,0.0001,0.9365,61.6,1
6,0.0,0.0,0.0,0.5145,0.0058,0.764,117.0,0
2,1.7029,0.1571,0.0,0.2657,0.0067,0.6391,55.0,0
2,0.8782,0.0,0.1077,0.1575,0.1123,0.2713,49.5,0
6,1.6606,0.0,0.011,0.3837,0.051,0.9221,112.5,0
4,1.9251,0.1914,0.0,0.0,0.585,0.5889,-4.7,1
11,1.4052,0.0328,0.0,0.0765,0.0029,0.1578,117.3,0
11,1.8999,0.2778,0.1025,0.0,0.3503,0.0163,-26.0,1
8,1.1125,0.0,0.0,0.2352,3.7434,0.4545,-19.4,1
18,0.2983,0.2871,0.1764,0.59,0.0018,0.7012,62.7,0
5,1.7882,0.2202,0.0135,0.3495,4.755,0.1738,-19.4,1
10,0.587,0.2382,0.1176,0.1889,0.251,0.0482,77.0,0
10,0.1577,0.2188,0.0,0.0,0.0051,0.8057,105.1,0
4,0.2922,0.0,0.0,0.0,0.7742,0.4721,93.1,0
10,1.647,0.0,0.0,0.0,3.1644,0.0,37.2,1
2,0.1911,0.0,0.074,0.3947,0.0387,0.0354,27.9,0
14,0.0749,0.3291,0.0024,0.5675,0.0086,0.6438,31.2,0
15,0.867,0.5109,0.1469,0.3049,0.0026,0.1742,120.0,0
15,0.5021,0.3234,0.0,0.2338,10.0,0.2654,-3.9,1
16,0.7588,0.035,0.1277,0.0,0.0212,0.2677,97.3,0
16,1.9465,0.3363,0.1238,0.4982,7.4749,0.2322,-18.2,1
3,0.0791,0.4871,0.1043,0.0,0.1014,0.0141,82.0,0
1,0.1026,0.303,0.0,0.3347,10.0,0.0158,12.0,1
10,0.9923,0.2318,0.066,0.0,0.0039,0.6244,40.6,0
6,1.7993,0.0,0.3133,0.0,0.0132,0.4272,108.6,0
14,1.8868,0.0,0.0,0.5123,0.327,0.0215,-28.2,1
13,0.6115,0.0,0.0,0.4154,0.0572,0.9171,-11.0,0
16,1.8522,0.0,0.208,0.0,0.0005,0.2865,62.8,0
5,0.673,0.0,0.0,0.0,10.0,0.5915,-5.0,1
1,0.8306,0.5045,0.0559,0.004,10.0,0.0204,-18.2,1
9,0.8232,0.0,0.1267,0.2619,0.0355,0.7852,71.1,0
20,1.8102,0.0,0.0,0.3789,0.1432,0.3243,-15.7,1
5,1.6617,0.1914,0.4391,0.0518,0.0308,0.4099,96.5,0
14,0.0349,0.2265,0.0978,0.3056,0.0019,0.4338,113.4,0
17,0.0,0.3544,0.0,0.0988,0.2977,0.1371,29.0,1
6,0.7365,0.0456,0.4054,0.0,0.1702,0.3278,-14.2,1
3,0.7857,0.239,0.4108,0.2205,0.0351,0.3567,92.7,0
15,1.8764,0.0,0.2868,0.0,0.0051,0.0848,86.5,0
17,0.9412,0.2838,0.0,0.1891,0.0036,0.14,18.3,1
5,1.3845,0.0,0.2693,0.0,0.0013,0.6891,72.2,0
2,0.902,0.0,0.2333,0.2089,0.2652,0.5679,16.2,0
8,0.0,0.0,0.1526,0.0,0.212,0.0,43.2,0
8,1.2693,0.2576,0.0,0.1553,0.0055,0.9264,72.4,0
20,0.0,0.0,0.0954,0.0,0.0001,0.9727,45.8,0
9,1.4036,0.0,0.0173,0.1382,1.094,0.4216,31.3,1
11,1.5247,0.0299,0.1615,0.0424,0.0318,0.1349,115.0,0
12,0.0,0.2856,0.0902,0.0872,0.052,0.4636,101.7,0
2,1.6956,0.0664,0.1356,0.0,0.7477,0.3554,-9.2,1
2,1.0156,0.3565,0.3537,0.0,3.3642,0.4726,55.6,1
18,0.4018,0.0,0.0386,0.0,0.0442,0.1931,106.2,0
12,0.4818,0.0,0.0,0.1725,0.3872,0.1483,75.8,0
12,1.1988,0.1211,0.2093,0.5001,0.0645,0.1497,65.8,0
16,1.2448,0.0,0.2843,0.0,5.6426,0.6655,2.0,1
20,1.2569,0.5514,0.1709,0.0,1.8581,0.5785,15.1,1
19,0.0688,0.0,0.0,0.2226,0.0119,0.7407,50.1,0
9,1.5511,0.2811,0.2197,0.3425,0.0076,0.6411,30.8,0
20,1.2747,0.1465,0.0,0.2401,0.0022,0.9622,15.6,0
18,1.3802,0.0,0.1321,0.001,0.0149,0.4191,33.3,0
12,1.0247,0.3121,0.0,0.1052,0.0298,0.1643,41.3,0
19,0.8713,0.0,0.0757,0.1546,0.1461,0.1971,28.4,0
17,0.0076,0.3246,0.0,0.0,0.0003,0.9454,46.6,0
18,0.6038,0.2128,0.0526,0.2769,0.0018,0.327,100.5,0
8,1.0556,0.0588,0.1988,0.3221,0.0648,0.9676,-27.5,1
1,0.2794,0.1166,0.0,0.1886,3.8458,0.282,17.8,1
14,0.8276,0.0,0.0329,0.0,0.0027,0.8452,114.4,0
18,0.6508,0.2752,0.091,0.1625,0.1087,0.1814,96.4,0
7,0.2486,0.3172,0.0,0.0475,0.0913,0.161,3.5,0
12,1.5531,0.2793,0.2812,0.0,0.0528,0.0,15.4,0
4,1.2335,0.4664,0.333,0.511,0.1097,0.6512,16.0,0
7,0.0785,0.1397,0.0,0.2802,0.0119,0.9326,103.0,0
16,0.1369,0.3615,0.0,0.0,0.0001,0.8183,117.8,1
11,0.2713,0.0,0.0192,0.0678,0.0205,0.046,90.6,0
3,1.648,0.4353,0.0,0.1301,0.0443,0.642,44.8,0
20,1.6711,0.6002,0.3705,0.0,0.0838,0.0873,108.2,0
1,1.0204,0.2686,0.0888,0.0,10.0,0.0,49.0,0
6,1.6816,0.0,0.2658,0.3333,0.0021,0.9745,99.3,0
8,0.6448,0.0,0.0,0.0635,0.0805,0.0,75.2,0
18,0.4622,0.2043,0.0317,0.2462,0.0019,0.6839,7.9,0
7,1.843,0.3046,0.0,0.2921,0.3429,0.0,48.0,0
7,0.5872,0.0,0.0,0.0,0.0528,0.0,43.7,0
6,1.7449,0.3333,0.0403,0.0212,2.4288,0.4949,4.0,1
11,0.9017,0.4087,0.1964,0.5266,0.0041,0.6221,21.1,0
9,1.4216,0.148,0.009,0.5653,0.301,0.1496,39.8,0
1,0.0,0.0,0.1461,0.1812,0.0101,0.8713,66.9,0
5,0.0,0.0739,0.0831,0.0,0.1352,0.1561,-9.8,1
13,1.2325,0.4968,0.3132,0.3583,0.0034,0.3396,31.9,0
9,0.4842,0.1311,0.0898,0.2773,10.0,0.7531,-6.0,1
18,0.578,0.6406,0.0,0.0,0.014,0.4045,51.5,0
5,0.964,0.4505,0.172,0.4644,7.1476,0.8614,-28.7,1
11,0.8816,0.1576,0.0,0.0845,8.0772,0.4873,-16.3,1
10,1.6495,0.0,0.0,0.0168,0.0095,0.5671,62.8,0
11,0.0,0.0,0.0,0.0125,1.3801,0.3405,-29.0,1
9,0.2074,0.0,0.0,0.3526,10.0,0.0,-7.4,1
9,0.8152,0.5135,0.3237,0.0,0.2072,0.6107,2.8,1
4,1.9313,0.0,0.027,0.4751,0.3906,0.6568,72.0,0
4,1.8131,0.0,0.2043,0.4977,0.191,0.7476,88.9,0
12,1.8319,0.4565,0.0709,0.35,10.0,0.5101,0.5,1
1,1.9432,0.3831,0.2083,0.0337,0.3983,0.805,-25.4,1
20,0.8678,0.1448,0.0,0.2406,0.0003,0.9614,18.1,0
7,0.3636,0.4615,0.1538,0.302,0.1639,0.8052,10.7,0
9,0.109,0.0,0.134,0.382,0.1635,0.4717,66.6,0
13,0.213,0.0,0.1872,0.0,0.1551,0.1481,106.3,0
16,1.1902,0.0,0.0,0.3801,0.0028,0.5204,58.3,1
15,0.8952,0.0,0.2232,0.1959,0.4015,0.7797,55.3,1
14,1.489,0.4086,0.5394,0.0,0.1553,0.5098,-15.9,1
18,0.0337,0.1934,0.0,0.0,0.1112,0.6826,58.8,0
12,0.0,0.3044,0.1826,0.0,0.0007,0.5365,50.4,0
16,1.5255,0.0,0.0,0.0,3.637,0.3813,-4.8,1
15,0.1108,0.091,0.0,0.0401,0.0003,0.6227,94.0,0
10,0.0499,0.247,0.3378,0.0,0.0002,0.6903,91.0,0
16,1.809,0.1722,0.1426,0.5416,0.0345,0.838,-29.4,1
14,1.4533,0.2829,0.028,0.0,0.0075,0.0,116.5,0
4,0.0,0.0,0.0533,0.2434,0.091,0.5962,-4.5,1
18,1.0529,0.1089,0.1159,0.0,0.0457,0.0,86.5,0
13,0.7216,0.0,0.0,0.0,0.1019,0.0,83.4,1
3,0.7641,0.0,0.0,0.3448,0.1597,0.7496,-14.6,1
4,1.0827,0.2977,0.1299,0.0,0.4543,0.0,5.9,0
20,0.2153,0.1913,0.3418,0.1104,0.0031,0.2261,26.8,0
18,1.4027,0.2666,0.1603,0.5535,0.0058,0.5602,30.5,0
9,0.0025,0.4613,0.2619,0.0,0.0123,0.5079,10.3,0
15,1.1386,0.0,0.285,0.3285,8.2651,0.2097,-2.2,1
11,0.4494,0.0,0.2201,0.5173,1.7779,0.0544,112.6,1
18,1.3549,0.2211,0.0,0.196,0.0044,0.1022,103.4,0
12,0.8461,0.094,0.1556,0.0684,0.2498,0.6445,18.4,0
3,0.9673,0.0,0.8841,0.0,0.1291,0.7475,43.7,0
4,1.8559,0.2965,0.0,0.2372,0.5769,0.4557,51.7,0
7,1.4295,0.2504,0.1792,0.2296,1.2762,0.3509,-30.0,1
14,0.9038,0.2787,0.0846,0.3647,0.0139,0.3769,54.9,0
7,0.3,0.0,0.1218,0.0,0.7106,0.4578,40.2,0
13,1.0721,0.2111,0.0049,0.0,5.0953,0.8951,-29.9,1
5,1.4623,0.0,0.0,0.1659,0.9349,0.0057,45.3,1
9,1.2595,0.0,0.4935,0.4838,0.2364,0.2071,61.7,0
7,0.1831,0.6942,0.0,0.4333,0.001,0.7939,76.4,0
13,1.3723,0.0,0.0,0.0,0.0059,0.5503,84.8,0
6,0.2586,0.0,0.1172,0.0,1.8123,0.1699,9.6,1
3,0.2693,0.2275,0.0089,0.3522,0.4627,0.2427,57.5,0
20,0.0484,0.4437,0.0,0.2107,0.1461,0.7274,59.3,0
8,0.7634,0.0,0.0154,0.0,0.0058,0.2694,54.1,0
17,0.0,0.0,0.0,0.0918,0.715,0.8927,-18.9,1
18,1.7777,0.0,0.0,0.4411,0.0015,0.3371,101.5,0
11,1.0517,0.163,0.2397,0.0,0.0001,0.891,41.3,0
18,1.3958,0.0,0.0,0.0042,0.026,0.2229,82.2,0
20,1.4339,0.095,0.0,0.2183,0.0857,0.1844,68.9,0
14,1.3433,0.1649,0.0,0.1453,10.0,0.0,4.7,1
6,0.0,0.1623,0.0446,0.0,0.394,0.6961,-3.9,1
16,0.0,0.3628,0.1178,0.1067,0.0472,0.0,34.8,0
17,1.6048,0.0,0.0,0.5126,0.0012,0.1512,71.9,0
16,1.7308,0.0,0.0,0.5873,0.0002,0.8396,60.2,0
13,0.3132,0.0,0.0,0.0,0.0046,0.8878,81.5,0
1,1.9595,0.1213,0.3447,0.5064,0.0257,0.3973,107.4,0
1,0.0009,0.0,0.0,0.1833,0.9816,0.8481,-7.8,1
15,0.0582,0.0,0.0,0.028,0.0003,0.3038,107.9,0
8,1.6385,0.3008,0.0,0.0,0.0067,0.2388,20.2,0
11,1.3265,0.1764,0.0,0.5275,0.1631,0.3506,40.0,0
2,0.2645,0.0,0.0,0.5061,0.2393,0.6627,111.2,0
6,0.2716,0.5379,0.7339,0.4908,0.0339,0.767,88.3,0
20,0.2327,0.4245,0.0,0.558,0.0193,0.1386,72.6,0
9,0.0388,0.108,0.0,0.063,0.5008,0.0059,24.2,0
12,1.8459,0.284,0.0,0.1483,0.0156,0.9006,106.7,0
19,1.7622,0.0,0.0296,0.0,0.0546,0.1582,19.5,0
13,0.6254,0.1656,0.4943,0.2045,0.9428,0.3666,1.0,1
19,0.4976,0.2584,0.0845,0.567,10.0,0.2806,-4.6,1
8,0.0469,0.3005,0.3554,0.4422,0.0586,0.885,30.1,0
4,1.227,0.1687,0.4062,0.0,0.2524,0.6304,26.1,0
14,1.5561,0.0,0.1502,0.5053,0.1469,0.0778,38.7,0
5,0.3335,0.2675,0.035,0.3609,7.7209,0.5296,-10.6,0
4,0.7183,0.1151,0.2306,0.0,10.0,0.13,-5.1,1
2,0.0,0.3504,0.1928,0.3769,0.0356,0.4568,35.9,1
20,0.0,0.4754,0.0,0.0,0.6904,0.0,39.5,0
7,0.0,0.0,0.1342,0.1425,0.8446,0.0,24.4,0
5,1.6923,0.0304,0.1679,0.0102,0.0112,0.8242,34.2,0
18,0.1039,0.0,0.0,0.0,0.7615,0.4138,-0.4,1
8,0.9116,0.0,0.3618,0.4394,0.361,0.0374,29.1,0
13,1.3755,0.1109,0.0,0.0,0.1113,0.68,20.7,0
7,0.2028,0.2317,0.0623,0.3721,0.0658,0.632,62.2,0
16,0.5752,0.0,0.3361,0.0,0.0057,0.9084,104.6,0
6,0.0,0.0681,0.5214,0.3882,0.0007,0.9638,10.9,0
4,0.0,0.0,0.0,0.3344,0.0058,0.1221,53.8,0
18,1.7475,0.0518,0.0343,0.0,0.0069,0.712,103.7,0
8,1.5653,0.0,0.0,0.0,0.46,0.1274,63.6,0
7,1.7439,0.475,0.002,0.1648,0.1432,0.0,13.9,0
15,0.3408,0.5471,0.1421,0.0,0.0359,0.7041,14.2,0
17,0.7334,0.5317,0.1636,0.5917,0.471,0.0,60.3,0
4,0.9472,0.1696,0.0,0.3484,0.0121,0.2986,58.4,0
1,1.7772,0.5675,0.0,0.0317,0.0575,0.7404,53.6,0
4,1.2367,0.189,0.0,0.0,0.2903,0.5867,77.4,0
4,1.8898,0.0,0.0,0.0,1.1368,0.1268,101.9,1
10,0.7572,0.0,0.0,0.0,6.6142,0.3402,-23.1,1
14,0.4692,0.3831,0.0,0.0,3.2822,0.5025,-25.7,1
15,0.807,0.0,0.2364,0.3326,0.7853,0.8352,-3.5,1
19,0.77,0.1781,0.0223,0.0,0.0008,0.9094,9.2,0
7,0.0,0.191,0.2208,0.5262,0.0004,0.9442,60.0,0
7,0.4575,0.0,0.0,0.0,0.1317,0.7714,-6.9,1
6,1.5042,0.52,0.4304,0.1344,0.0221,0.062,12.3,0
2,0.8904,0.2474,0.0,0.5056,2.4202,0.1988,-16.2,1
16,0.5115,0.0,0.0,0.0,0.1378,0.481,45.9,0
20,0.6057,0.0,0.0,0.0,0.1455,0.9741,-14.1,1
11,0.0,0.0,0.2504,0.407,0.6486,0.3094,44.4,0
8,0.0,0.2415,0.0,0.055,0.0188,0.1459,105.2,0
14,0.2705,0.0,0.0961,0.3349,10.0,0.4539,-12.9,1
6,0.2766,0.039,0.3418,0.2963,0.0012,0.2496,115.5,0
1,1.9208,0.0179,0.0,0.0,0.7205,0.5975,-24.2,1
3,1.7375,0.1239,0.0911,0.2945,0.007,0.1515,93.0,0
13,1.1951,0.0,0.0,0.5719,10.0,0.4672,0.6,1
16,1.9346,0.3426,0.0,0.5338,0.0006,0.9625,26.4,0
9,0.0,0.2485,0.2227,0.0,0.0038,0.2463,71.6,0
20,0.3616,0.1026,0.5069,0.0,0.0099,0.3651,75.1,0
18,1.1451,0.0,0.1426,0.4627,6.0319,0.0124,-6.9,1
11,0.6516,0.5292,0.0252,0.3982,0.0042,0.0472,79.1,1
19,1.6674,0.3004,0.0095,0.0,0.0008,0.5544,93.1,0
14,0.0,0.0,0.0524,0.1205,0.0049,0.6333,73.4,0
8,1.7457,0.0,0.1447,0.153,0.1289,0.1437,38.2,1
13,1.8203,0.0,0.0,0.1781,0.1064,0.6962,12.1,0
9,0.342,0.0,0.2118,0.0,1.4388,0.1936,81.4,1
9,1.9887,0.0279,0.4744,0.0,0.0627,0.2447,89.8,0
7,0.5273,0.0349,0.0,0.1261,0.9188,0.3439,9.7,0
1,1.8043,0.0278,0.0854,0.0,10.0,0.2943,28.5,1
4,1.0283,0.21,0.0169,0.4247,0.0036,0.4867,57.0,0
5,0.9156,0.1081,0.3187,0.0,0.6405,0.0,-3.4,1
3,0.0059,0.1544,0.0,0.0,0.135,0.1721,94.7,0
12,0.5782,0.0,0.0502,0.0,0.0017,0.0,73.7,0
14,0.0352,0.5012,0.3067,0.3668,0.0017,0.6509,73.6,0
14,0.3418,0.094,0.0084,0.2472,0.028,0.4828,31.3,0
6,1.7426,0.0,0.0834,0.0,0.0003,0.8303,112.1,0
19,1.3189,0.0,0.3156,0.411,0.1633,0.7282,81.8,0
2,0.5045,0.0,0.4996,0.4475,10.0,0.7534,-9.6,1
19,0.6225,0.0,0.2465,0.0,1.1006,0.7644,2.3,1
19,1.666,0.0,0.4398,0.3595,0.01,0.481,68.4,0
19,1.4624,0.0,0.0368,0.5962,0.5986,0.0,88.8,0
16,0.0,0.5075,0.0874,0.0,0.1888,0.2921,99.7,0
7,0.4042,0.2095,0.0616,0.0,0.2918,0.0,-19.4,1
16,1.815,0.3655,0.5805,0.3805,10.0,0.4735,-29.8,1
16,0.213,0.0,0.5084,0.1064,0.0037,0.8055,11.4,0
17,1.05,0.0,0.0925,0.0277,0.047,0.7453,20.2,0
19,0.8643,0.1233,0.0,0.0,0.0016,0.4642,71.1,0
14,1.1265,0.0,0.2074,0.266,0.6599,0.2645,61.0,0
10,1.4639,0.0324,0.0407,0.0,0.6823,0.0,-0.5,1
15,0.2499,0.0069,0.0918,0.0,0.0328,0.2231,-12.8,1
12,0.9001,0.0,0.4097,0.0,0.0026,0.066,112.0,0
2,1.9531,0.1721,0.3422,0.0,2.5699,0.5958,104.9,1
1,1.668,0.3704,0.1871,0.0,4.4619,0.0,12.0,1
12,0.9507,0.0299,0.0,0.0554,0.0778,0.8247,-22.4,1
20,1.2245,0.0,0.0,0.1318,0.0287,0.3311,76.4,0
8,1.7358,0.2466,0.0734,0.0,0.0331,0.3161,30.4,0
6,1.7485,0.1932,0.0,0.4574,0.0012,0.0594,89.1,0
5,1.6305,0.5488,0.0,0.0464,3.4554,0.0526,11.9,1
13,1.8407,0.1499,0.126,0.0077,0.001,0.6724,65.9,0
9,0.1822,0.3659,0.0,0.0,0.0012,0.6456,105.8,0
8,0.0,0.4327,0.0513,0.0,1.4447,0.7634,-1.4,1
3,1.3426,0.3665,0.2166,0.0,0.5391,0.4798,-3.5,1
9,1.0783,0.0,0.3624,0.3566,0.0319,0.441,108.9,0
19,0.4864,0.1969,0.0,0.0,0.0103,0.9315,1.6,0
11,0.0804,0.0,0.0534,0.0,1.996,0.0647,29.5,1
6,1.0825,0.0,0.1289,0.0,0.1486,0.7663,25.3,0
17,0.4449,0.0,0.0,0.5518,0.0401,0.6457,-22.7,1
18,1.3661,0.4631,0.0,0.0101,10.0,0.2288,-6.0,1
16,1.6983,0.3211,0.0,0.4873,0.0184,0.9267,-18.4,1
16,0.9302,0.6441,0.0382,0.4932,0.0151,0.2861,93.9,0
7,0.8446,0.0,0.0,0.0,0.004,0.8854,77.5,0
2,0.3957,0.3086,0.0,0.0,4.4515,0.9448,-13.9,1
14,1.6776,0.1875,0.0776,0.0254,0.21,0.0114,33.5,0
17,0.0,0.0445,0.1402,0.1558,1.1336,0.7808,-21.7,1
15,1.0218,0.0328,0.2648,0.4125,0.828,0.0921,31.3,0
11,0.3999,0.4083,0.0207,0.0373,10.0,0.1327,-5.2,1
20,0.4908,0.2496,0.0951,0.0303,0.0033,0.4254,50.9,0
16,0.1061,0.0,0.3417,0.0591,0.0923,0.0781,-29.2,1
10,0.0,0.0837,0.135,0.2783,0.1964,0.5774,39.7,1
17,0.7556,0.0,0.0879,0.5311,0.0099,0.9383,14.4,0
1,0.9753,0.3766,0.0,0.037,10.0,0.7579,-12.9,1
11,0.9665,0.164,0.2211,0.443,0.0525,0.8658,94.9,0
13,1.947,0.0,0.0,0.4392,0.0039,0.2934,117.0,0
19,0.8817,0.053,0.4345,0.5701,0.0138,0.1616,24.4,0
5,1.2464,0.1114,0.0181,0.4939,0.5476,0.0,117.5,0
2,0.0,0.233,0.0,0.4599,10.0,0.4849,-7.7,1
11,0.6496,0.1172,0.1065,0.1095,0.4668,0.2138,-10.4,1
7,1.87,0.2034,0.3602,0.5006,0.0087,0.555,13.9,0
5,0.1855,0.0486,0.0,0.0,10.0,0.5518,-27.1,1
15,1.9155,0.6887,0.0,0.0,0.0,0.9449,75.4,0
12,0.1019,0.0,0.0,0.0,0.2173,0.8545,-17.8,1
6,1.5789,0.161,0.0533,0.0,0.0728,0.1367,104.9,0
4,0.0,0.3196,0.3039,0.204,0.9733,0.6512,85.9,1
13,1.4322,0.0,0.4687,0.0489,0.0072,0.7125,45.7,0
6,0.8704,0.1977,0.1114,0.5345,0.0252,0.8842,118.1,0
11,0.8334,0.1237,0.4082,0.028,0.0325,0.8419,-12.3,1
2,0.7301,0.0,0.0,0.2799,0.4886,0.3046,16.1,0
3,0.4598,0.0,0.1339,0.3276,0.4392,0.1519,78.6,1
20,1.9409,0.0,0.0,0.0,0.0264,0.9341,30.3,0
2,0.0,0.0,0.0,0.0,0.0027,0.6355,100.8,0
9,1.3436,0.6847,0.1938,0.504,0.0014,0.3848,99.9,0
14,1.4442,0.0,0.0,0.4252,10.0,0.2071,-10.2,1
12,0.9042,0.1537,0.0233,0.0,10.0,0.0602,-22.9,0
16,1.3933,0.0785,0.2899,0.0,0.0027,0.0,88.3,0
17,1.5593,0.1624,0.0848,0.3178,0.0689,0.7909,10.6,1
18,0.422,0.0591,0.1735,0.2588,0.0057,0.6056,111.0,0
5,1.6581,0.0,0.4084,0.2346,0.0185,0.9591,109.3,0
15,0.0677,0.1961,0.1394,0.0,0.0082,0.3537,100.9,0
2,0.0987,0.3223,0.2961,0.5093,0.0413,0.2236,66.2,0
3,1.0596,0.0147,0.7,0.2519,10.0,0.2515,19.8,1
4,1.3804,0.4602,0.4923,0.0,0.3875,0.0038,89.6,0
13,0.9455,0.1054,0.0485,0.5522,0.0028,0.4054,31.5,0
13,0.6409,0.105,0.0115,0.0,0.0029,0.0,79.5,0
12,1.6148,0.7978,0.0,0.2614,0.0637,0.5562,119.3,0
7,0.7218,0.6217,0.0078,0.447,0.975,0.0,82.9,1
18,1.7305,0.0,0.1307,0.0,0.0044,0.5323,5.8,0
5,1.4049,0.1535,0.2829,0.0,10.0,0.1462,-26.6,1
2,0.8849,0.0,0.0,0.0,0.0137,0.8303,38.8,0
1,0.0,0.0,0.0,0.5896,0.0558,0.1422,49.7,0
8,1.5027,0.2608,0.0,0.0,0.0658,0.8113,5.1,0
20,1.8503,0.0,0.0592,0.3284,0.0081,0.8092,2.0,0
1,0.7247,0.0,0.5369,0.5823,0.0425,0.4066,95.6,0
6,1.1562,0.5267,0.0856,0.2213,0.5286,0.4141,90.9,0
12,0.5263,0.0,0.0505,0.5861,0.0014,0.2353,43.8,0
19,0.7243,0.4408,0.4688,0.4827,0.0875,0.6631,115.3,0
13,1.1282,0.0,0.1137,0.0,0.0033,0.6561,94.5,0
4,1.9281,0.186,0.1673,0.0,0.1388,0.4664,3.8,0
4,0.0971,0.4475,0.068,0.0772,0.0106,0.8256,21.4,0
6,1.6852,0.0761,0.1524,0.2163,0.2374,0.868,94.4,0
3,1.9545,0.1321,0.422,0.0202,0.002,0.8875,92.2,0
2,0.1051,0.2677,0.1222,0.029,0.0087,0.1828,92.7,0
7,1.1949,0.1533,0.0,0.4963,0.2253,0.4255,-4.8,1
19,0.3255,0.0,0.13,0.555,0.2807,0.9084,-14.4,1
1,0.0,0.0,0.2117,0.0,0.0634,0.4899,29.4,0
7,0.9123,0.0221,0.5976,0.0,0.0528,0.48,104.8,0
15,0.0,0.231,0.308,0.0279,0.0085,0.1881,94.4,0
15,1.8487,0.6551,0.0699,0.0,0.0193,0.9126,77.2,0
5,1.2851,0.096,0.0,0.4815,10.0,0.3533,1.8,1
10,1.2612,0.071,0.0103,0.0,0.0762,0.136,28.1,0
17,0.4016,0.1938,0.4713,0.0,0.0198,0.387,49.8,0
18,1.1382,0.1256,0.1038,0.0383,0.0112,0.4288,47.2,0
4,0.5801,0.2764,0.0,0.577,2.15,0.1514,21.0,1
13,1.1341,0.0,0.0,0.1366,0.0026,0.1872,104.5,0
6,0.0616,0.0,0.1243,0.2387,0.0024,0.9349,118.4,0
17,1.2554,0.0303,0.0,0.4087,0.0192,0.582,-1.0,1
13,1.8145,0.5181,0.0146,0.1784,0.0014,0.0904,115.6,0
17,0.0,0.0597,0.0262,0.5979,0.0066,0.0,22.9,0
8,1.6737,0.0,0.0,0.0,0.0841,0.0,64.6,0
6,1.3555,0.2489,0.0,0.3957,0.1002,0.7257,96.5,0
1,1.5433,0.3966,0.0,0.4115,10.0,0.4702,-20.8,1
16,0.0,0.0,0.0276,0.1521,0.037,0.3275,81.5,0
17,1.5529,0.0,0.0,0.1217,0.0016,0.1789,27.6,0
15,1.1429,0.3427,0.0582,0.0,0.086,0.0,83.5,0
4,0.0,0.4173,0.1216,0.0,0.4542,0.3947,103.4,0
17,1.1602,0.1451,0.2954,0.1347,0.5942,0.2877,17.8,0
16,1.7503,0.0,0.0,0.2224,0.1787,0.0057,41.5,0
13,0.1567,0.0587,0.2948,0.0,0.1119,0.1336,114.0,0
20,0.0449,0.1517,0.0,0.1621,0.0483,0.9633,0.4,0
2,0.2178,0.5375,0.0,0.263,3.18,0.1676,-6.6,1
19,1.0217,0.3119,0.0,0.0,0.025,0.0088,118.1,0
19,0.743,0.1455,0.0,0.2483,0.0228,0.9565,111.0,0
19,1.2078,0.0,0.0,0.5524,0.0207,0.5101,45.3,0
7,0.0283,0.0,0.0223,0.5614,0.1052,0.868,114.8,0
20,1.2853,0.4944,0.0,0.0,0.0066,0.9267,117.6,0
6,1.011,0.1518,0.825,0.0,2.4905,0.4253,-1.1,1
18,0.9344,0.0451,0.1621,0.0,0.0548,0.5066,21.7,0
15,0.4713,0.1334,0.3461,0.263,0.0003,0.4474,107.9,0
19,1.5514,0.0,0.0,0.5489,0.0379,0.1382,17.9,0
14,0.6925,0.2359,0.1255,0.0,0.0003,0.1774,100.0,1
4,1.5971,0.389,0.1245,0.0,0.1813,0.3644,112.6,0
1,1.7623,0.3346,0.0,0.1557,0.0044,0.6433,53.9,0
19,1.7793,0.0,0.3502,0.0,0.0666,0.322,55.1,0
5,0.999,0.1177,0.431,0.491,0.0567,0.454,96.5,0
9,0.6019,0.3702,0.1758,0.1172,0.003,0.6017,89.3,0
17,0.7467,0.0,0.1751,0.0,0.2137,0.5122,33.6,0
7,0.2542,0.2042,0.0,0.0,0.1469,0.1138,56.4,0
14,1.6729,0.0,0.2838,0.0,0.0797,0.2003,75.8,0
3,0.9361,0.0,0.0,0.0,3.2893,0.1861,-0.3,1
16,1.4688,0.305,0.0515,0.1194,0.0054,0.7418,71.5,0
1,0.7127,0.5721,0.0753,0.0,0.0195,0.7288,59.6,0
10,1.8432,0.0,0.146,0.2475,0.0014,0.9756,101.9,0
13,1.0841,0.2168,0.0551,0.5573,0.0248,0.704,39.5,0
12,1.7889,0.3717,0.0,0.111,0.0096,0.6074,72.7,0
13,0.6555,0.0,0.0,0.1511,0.6721,0.2035,51.9,0
14,1.6642,0.0,0.2256,0.0557,0.1245,0.2696,52.8,0
10,1.2466,0.0905,0.0,0.3339,3.8143,0.9313,-12.9,1
2,0.6544,0.295,0.0,0.5795,10.0,0.3182,-14.7,1
4,1.9091,0.3987,0.4444,0.5267,0.2064,0.0326,-26.5,1
6,1.7981,0.5219,0.0,0.0,0.0125,0.8745,78.9,0
11,1.4663,0.2501,0.0,0.1454,0.0105,0.8292,73.6,0
3,1.6684,0.237,0.0,0.2356,1.2252,0.6694,44.5,0
8,0.0328,0.0,0.4168,0.1879,0.0435,0.7912,60.8,0
15,0.0,0.0086,0.0465,0.428,1.2447,0.1166,-22.9,1
7,0.8525,0.4716,0.0,0.0,0.0238,0.8508,99.6,0
10,1.9369,0.1094,0.0,0.4162,0.1866,0.4457,31.1,0
10,1.1423,0.0332,0.0,0.0,0.0306,0.3604,80.0,0
13,0.7163,0.0,0.1942,0.1495,0.1804,0.9014,-26.7,1
14,0.6495,0.0,0.1345,0.0,0.011,0.3582,54.7,0
10,1.4177,0.2404,0.0,0.0,0.0007,0.6777,75.7,0
18,1.455,0.1098,0.121,0.0348,0.0016,0.0813,44.0,0
14,0.0,0.0,0.0436,0.4035,0.0218,0.0044,31.2,0
14,0.0,0.0,0.2527,0.0,0.0486,0.5812,67.8,0
9,1.3882,0.0344,0.0,0.0,0.0201,0.7259,101.4,0
12,0.4155,0.1145,0.0,0.5522,4.4578,0.6016,-6.2,1
13,1.7025,0.0,0.6301,0.0,5.7761,0.3703,-15.7,1
1,0.372,0.5936,0.0845,0.0,10.0,0.6283,-6.5,1
4,0.0192,0.4807,0.1031,0.0692,0.0741,0.238,118.4,0
14,0.0437,0.2863,0.0,0.0,0.0195,0.1621,26.6,0
10,1.8472,0.0,0.0,0.3675,0.0268,0.8975,117.3,0
19,1.6585,0.0,0.1657,0.0,0.0037,0.1601,7.3,0
17,0.9814,0.1751,0.0,0.4144,0.0005,0.7357,98.8,0
20,0.0714,0.1463,0.011,0.0,0.0449,0.4809,16.8,0
1,0.8667,0.4063,0.0171,0.4823,1.8991,0.0167,103.5,1
20,0.8798,0.0653,0.0535,0.0,0.0018,0.7171,42.5,1
1,1.7212,0.1143,0.4619,0.0,10.0,0.5983,-24.9,1
20,1.1183,0.0468,0.0,0.3351,0.0123,0.0194,27.6,0
13,0.4035,0.2285,0.0041,0.0,0.0518,0.3088,92.8,0
18,0.6555,0.1129,0.0,0.5969,0.0059,0.736,79.5,0
10,0.0,0.204,0.0014,0.3783,1.4989,0.3628,49.0,1
6,0.6373,0.1568,0.3803,0.1745,0.025,0.8869,22.6,0
17,0.9635,0.0,0.3571,0.0,0.0662,0.1725,63.1,0
4,0.8122,0.3338,0.0,0.0,0.0013,0.3986,92.3,0
14,0.0,0.1802,0.219,0.0,2.9311,0.0279,-6.0,1
3,0.863,0.485,0.0,0.5865,10.0,0.7686,-2.1,1
10,0.7215,0.0,0.0403,0.2264,0.6127,0.8312,10.2,0
7,1.8792,0.3568,0.0029,0.248,0.1786,0.0143,111.0,0
19,0.0,0.3859,0.2027,0.0,0.3321,0.0,46.5,0
4,0.1924,0.0,0.2651,0.1463,5.4759,0.0711,-9.1,1
18,1.0395,0.4047,0.0,0.4935,0.001,0.37,113.3,0
6,0.5203,0.1303,0.0886,0.0,0.1086,0.306,72.6,0
7,0.1452,0.2004,0.0,0.0,0.2198,0.5293,-26.1,1
4,1.2434,0.2651,0.0631,0.2961,0.0044,0.0324,74.9,0
14,0.6001,0.0,0.4109,0.0,0.3459,0.0678,36.4,0
15,1.0234,0.1237,0.0,0.2281,0.0217,0.7445,-27.3,1
20,0.0,0.2997,0.0,0.0,0.0002,0.5254,110.1,0
13,1.7822,0.0,0.1175,0.3354,0.0758,0.3609,91.4,0
17,0.2376,0.4019,0.2977,0.5033,2.7993,0.8137,-1.8,1
15,0.0,0.3884,0.0942,0.0,10.0,0.6264,-8.3,1
11,0.5312,0.1148,0.0,0.1404,0.0015,0.9053,55.5,0
18,1.8439,0.3439,0.0529,0.2372,0.0301,0.0,28.8,0
8,1.497,0.261,0.0,0.5578,1.9508,0.8197,-16.4,1
17,1.4304,0.0,0.6632,0.0,0.6754,0.5665,9.0,1
12,1.2834,0.2018,0.0,0.0,0.2382,0.2035,108.6,1
9,1.5483,0.0482,0.2052,0.2809,0.0147,0.6892,97.6,0
7,0.0,0.0817,0.1319,0.407,10.0,0.205,-19.4,1
16,1.3433,0.1593,0.0,0.0,0.2293,0.2195,91.4,0
4,0.3113,0.0,0.4972,0.0,0.1783,0.9635,-0.8,1
2,1.0146,0.3251,0.1367,0.2705,0.0044,0.8586,85.8,0
20,1.75,0.0,0.1735,0.0348,0.0101,0.5536,48.9,0
18,0.6751,0.3194,0.1302,0.2247,0.0043,0.1978,62.0,0
14,1.7934,0.3038,0.0707,0.0,0.0045,0.1923,59.7,0
13,1.0291,0.119,0.2214,0.2057,0.0015,0.1305,93.5,0
8,0.152,0.412,0.0,0.0039,0.285,0.7129,81.4,0
15,0.7816,0.1186,0.0,0.3494,1.0657,0.0,75.5,1
20,0.4027,0.0,0.2562,0.4627,0.023,0.472,113.4,0
1,1.5678,0.2545,0.0263,0.0,4.6507,0.4414,14.5,1
18,0.3524,0.0,0.0,0.0169,0.487,0.5184,81.1,0
13,1.8849,0.4051,0.5544,0.4708,0.036,0.8733,-26.0,1
6,1.7727,0.6126,0.0,0.4602,0.6069,0.2194,101.0,0
3,1.59,0.0,0.2315,0.1559,0.0526,0.6644,89.7,0
18,0.8317,0.4315,0.0213,0.0,0.9075,0.7026,-9.5,1
6,1.9923,0.0,0.0,0.299,0.0032,0.1371,59.0,0
6,0.0221,0.1271,0.3418,0.2756,0.5953,0.105,-8.4,0
14,0.0626,0.0,0.0,0.2047,0.0033,0.4534,114.4,0
3,1.2175,0.2536,0.0,0.4334,0.3868,0.0109,-0.1,1
12,0.1816,0.0,0.0345,0.4736,1.8284,0.7188,-14.9,1
17,1.5675,0.0,0.0,0.0,0.0093,0.5636,78.1,0
12,1.3947,0.643,0.1735,0.0374,0.018,0.9464,76.4,0
15,0.8074,0.1832,0.1743,0.0,0.0046,0.8253,76.7,0
3,1.3966,0.1811,0.0,0.0,0.0022,0.1219,74.1,0
19,0.0845,0.0,0.2537,0.0492,0.013,0.9025,-8.0,1
9,0.3289,0.2239,0.0852,0.1502,1.1467,0.3459,92.9,1
6,0.643,0.4497,0.038,0.2854,0.0004,0.9553,102.6,0
12,0.0,0.0,0.0,0.0578,0.7469,0.6546,8.6,0
3,1.9133,0.5023,0.1537,0.0053,10.0,0.0,-1.4,1
4,0.0,0.0,0.1084,0.0,0.0225,0.1644,80.3,0
11,0.5641,0.4795,0.6,0.1973,0.74,0.7723,-9.1,1
13,0.4909,0.0,0.0,0.3503,0.0527,0.3734,103.5,1
8,0.7062,0.0,0.6873,0.3289,0.0089,0.9363,-24.3,1
2,0.3903,0.0,0.4845,0.232,0.0191,0.8836,67.0,0
4,0.2778,0.5511,0.0,0.1728,0.0539,0.1729,98.4,0
8,1.0985,0.2239,0.0,0.0,6.2171,0.2049,-0.1,1
16,0.3059,0.0,0.0,0.5475,0.7618,0.698,24.9,1
16,1.076,0.0,0.0,0.0,0.0998,0.1361,100.3,0
2,0.4803,0.4215,0.3315,0.0,2.4398,0.286,-12.1,1
18,0.0,0.0,0.573,0.0287,0.0008,0.8169,27.6,0
19,0.1836,0.3761,0.0,0.0,3.3117,0.0,-9.4,1
20,0.6109,0.2543,0.0,0.0,0.001,0.057,37.1,0
17,0.0,0.0,0.0524,0.0,0.0372,0.079,-18.9,0
5,1.041,0.0,0.1142,0.1184,0.0473,0.966,92.9,0
7,1.298,0.3059,0.0374,0.5412,0.2598,0.1615,-9.7,1
6,1.8426,0.5324,0.0899,0.0,0.0138,0.0781,53.1,0
11,0.7149,0.2735,0.0,0.0984,0.0697,0.67,109.1,1
7,1.124,0.0,0.1133,0.0,10.0,0.09,-0.3,1
6,1.5041,0.2396,0.1965,0.49,10.0,0.1951,0.5,1
2,1.3579,0.4057,0.1257,0.0234,0.1695,0.6337,101.5,0
4,1.4283,0.1788,0.0845,0.0,0.0058,0.3808,32.9,0
16,0.1301,0.0,0.2381,0.5098,0.019,0.0,86.6,0
15,1.6657,0.0,0.4067,0.3929,0.0773,0.605,59.3,0
19,0.206,0.0937,0.1011,0.0,0.7067,0.0526,66.3,0
3,0.3112,0.0,0.2599,0.0,0.0083,0.3399,86.3,0
17,0.5174,0.1124,0.0917,0.3389,0.0397,0.6519,6.3,0
6,0.811,0.2038,0.113,0.2601,10.0,0.5597,-13.6,1
13,0.3126,0.6314,0.254,0.0,0.1274,0.1759,-27.3,1
20,0.6587,0.0,0.241,0.1599,0.026,0.2246,16.2,0
11,0.6146,0.0,0.0,0.0,0.0112,0.0165,10.0,0
9,1.7982,0.3349,0.0,0.0,0.1402,0.4633,30.3,0
15,0.1772,0.2694,0.1062,0.4853,0.1794,0.0989,63.6,1
6,1.4261,0.3997,0.1437,0.4252,0.4537,0.4851,107.5,0
14,0.7271,0.0769,0.2546,0.5074,0.0004,0.9212,118.5,0
1,1.0907,0.413,0.0,0.0,0.2397,0.2261,11.4,0
11,1.5921,0.4868,0.0813,0.0,10.0,0.0,-27.2,1
19,1.908,0.0,0.0592,0.0,0.0193,0.9295,100.6,0
3,0.6632,0.3534,0.0039,0.17,1.297,0.4223,95.6,1
10,1.3063,0.5073,0.6435,0.0,0.0368,0.3593,19.9,0
18,1.2872,0.0733,0.106,0.5188,0.8303,0.1589,61.4,1
14,1.0217,0.4115,0.0933,0.0,0.9619,0.014,35.6,1
18,1.4686,0.0932,0.6068,0.3967,0.0042,0.29,9.7,0
8,0.5903,0.1802,0.0014,0.0,0.9626,0.9417,-27.6,1
7,1.4204,0.2923,0.0,0.3663,0.0641,0.6995,77.0,0
2,0.0,0.0035,0.0498,0.3121,0.1358,0.7872,41.1,0
11,0.0,0.0,0.28,0.129,0.5511,0.5443,42.7,0
10,1.1623,0.0922,0.0,0.0,0.0581,0.9656,-1.8,1
6,0.8816,0.3152,0.0,0.528,0.0101,0.6137,48.1,0
18,0.7158,0.3202,0.0,0.0,0.0091,0.2607,66.6,0
12,0.503,0.0,0.1042,0.1578,0.2102,0.3977,-5.2,1
3,0.7514,0.0,0.0413,0.1031,10.0,0.0,-15.8,1
8,0.1987,0.3425,0.0,0.0,0.0007,0.2083,100.4,0
3,1.9503,0.0,0.0,0.3384,0.336,0.6422,-15.5,1
6,0.6679,0.0,0.3527,0.0673,0.0117,0.9547,70.6,0
15,1.2143,0.2493,0.4083,0.0,0.0641,0.7882,-0.5,1
4,0.5567,0.0,0.0,0.0,0.0342,0.9311,2.0,0
4,0.2541,0.4508,0.024,0.0,0.0102,0.4844,74.8,1
9,1.9169,0.0,0.0681,0.5383,2.3294,0.0,15.5,1
19,0.3819,0.1321,0.0,0.4688,0.173,0.0845,78.2,0
9,0.0,0.0,0.2073,0.4992,0.4251,0.2959,103.9,1
18,1.7232,0.0,0.0,0.225,0.0065,0.3094,83.7,0
17,0.6658,0.1514,0.3501,0.5363,0.8307,0.133,-18.7,0
11,0.3597,0.6035,0.0,0.0,0.3958,0.0,-5.3,1
4,0.4513,0.0,0.0,0.0887,0.3647,0.7299,100.5,0
11,1.3156,0.1631,0.0,0.0393,0.0215,0.7649,21.7,0
9,1.9401,0.0467,0.0525,0.472,0.8074,0.2422,-17.3,1
13,1.5517,0.5283,0.0,0.0927,0.0568,0.0,-9.5,1
20,0.0386,0.3677,0.0527,0.2989,0.0008,0.4679,108.9,0
5,1.7229,0.0,0.0,0.0,0.0031,0.04,107.6,0
18,0.0928,0.5124,0.0,0.0564,0.1822,0.8578,21.9,0
12,0.0,0.4261,0.3509,0.0,0.002,0.7789,99.8,0
8,0.0523,0.0,0.3627,0.0,0.0174,0.5306,27.9,0
12,1.1441,0.1399,0.0776,0.0,10.0,0.6896,-0.4,1
11,0.9798,0.0,0.0,0.2866,0.148,0.4784,33.8,1
8,1.2225,0.5693,0.221,0.0,0.1599,0.1413,80.0,0
18,1.9514,0.0908,0.683,0.0,0.1941,0.5632,-7.9,1
17,0.0347,0.0443,0.2181,0.5403,0.0473,0.7073,100.5,0
10,1.8407,0.0,0.286,0.5421,0.0011,0.4798,58.5,0
19,1.9279,0.202,0.369,0.2965,2.7081,0.9337,-2.7,1
20,1.8051,0.57,0.0,0.0,0.6312,0.7442,-24.4,1
11,0.91,0.1996,0.2895,0.0,0.3475,0.3255,25.3,0
4,0.8828,0.4981,0.7972,0.0,0.0061,0.0669,110.5,0
15,0.8658,0.079,0.2384,0.0513,0.0399,0.4043,116.1,0
9,0.1884,0.2259,0.0,0.0,0.0096,0.4687,92.3,0
18,1.7325,0.0,0.045,0.537,0.0012,0.2693,39.1,0
11,1.0451,0.0,0.0,0.0,0.0115,0.6063,48.9,0
4,0.0,0.2002,0.1261,0.0,9.558,0.6897,-18.8,1
19,0.7064,0.4697,0.0,0.079,0.0733,0.755,-7.6,1
17,0.072,0.0,0.0151,0.465,0.0065,0.5919,112.1,0
15,0.1554,0.4786,0.053,0.5126,0.0029,0.9221,5.6,0
3,0.1575,0.0219,0.5365,0.0183,0.4199,0.4365,86.6,1
8,1.9602,0.2124,0.0,0.0,1.7054,0.4866,17.0,1
2,1.8304,0.1966,0.0435,0.078,0.3761,0.6505,-19.3,1
14,0.8902,0.0,0.1282,0.0,0.0238,0.9755,10.6,0
19,1.3236,0.1987,0.2709,0.5794,0.0811,0.4997,62.9,0
8,0.0,0.0,0.3284,0.2187,0.0199,0.6444,22.4,0
6,0.7762,0.1204,0.0,0.4102,1.3501,0.1566,27.5,1
12,0.7979,0.0,0.0,0.0879,0.0193,0.0,30.8,0
9,0.6405,0.0,0.1619,0.1801,0.0775,0.6933,-21.2,1
3,1.8415,0.2777,0.0,0.0,0.1061,0.6134,-15.9,1
2,0.3912,0.0471,0.0,0.0284,0.0009,0.9778,77.4,0
7,1.9986,0.0,0.0,0.0817,0.4412,0.1785,23.6,0
7,0.5086,0.3257,0.0,0.1469,10.0,0.2919,-26.0,1
9,0.0074,0.2174,0.0,0.0,0.0294,0.3681,19.7,0
9,0.3806,0.0,0.0224,0.0,0.0871,0.4809,32.1,0
9,1.4704,0.0,0.0819,0.5074,0.2375,0.3968,-9.1,1
6,0.944,0.0,0.1376,0.5941,0.3154,0.0822,110.7,0
14,1.9616,0.5304,0.037,0.0,0.004,0.8475,87.4,0
7,1.5022,0.0,0.2478,0.0662,0.2371,0.6044,-12.0,1
4,0.8721,0.0,0.419,0.2993,0.8779,0.1206,-11.5,1
4,0.0,0.0,0.0,0.0,0.0001,0.9645,96.1,1
15,0.1873,0.0,0.0612,0.0,0.5558,0.4752,38.1,0
6,0.8558,0.0,0.0,0.0,0.0034,0.1235,86.6,1
3,1.304,0.0,0.7204,0.0,2.2589,0.9667,-10.5,1
6,0.0669,0.4995,0.1518,0.0278,10.0,0.645,-7.4,1
13,1.293,0.0,0.0097,0.0,0.0172,0.2669,12.4,0
15,0.7765,0.0339,0.0001,0.0,0.0337,0.4122,32.3,0
18,0.7942,0.3368,0.0,0.1247,0.8252,0.2566,64.7,0
10,0.0,0.4004,0.0,0.1652,0.0107,0.7645,39.6,0
15,1.893,0.0,0.4618,0.0,0.0003,0.8191,115.3,0
8,0.213,0.0806,0.2268,0.3537,7.3888,0.6322,-28.1,1
11,1.8324,0.0,0.1149,0.0,0.8228,0.1417,41.4,1
16,1.8446,0.2297,0.0,0.0,0.032,0.6924,87.7,0
11,1.5985,0.0,0.0,0.1674,0.0052,0.7619,43.1,0
1,0.2592,0.3422,0.0068,0.1204,0.0064,0.5681,110.0,0
4,1.1947,0.2217,0.0,0.0,0.0032,0.6517,27.4,0
14,1.971,0.0,0.1492,0.0,0.0722,0.6276,39.7,0
2,1.0486,0.0185,0.0,0.0,0.0151,0.7254,76.2,0
11,1.5177,0.1073,0.0,0.0,0.0097,0.4167,32.0,0
19,0.8887,0.5322,0.002,0.1389,10.0,0.0,-9.5,1
18,0.1865,0.2372,0.1722,0.0,0.0141,0.3744,76.6,0
17,0.8296,0.5575,0.0,0.5455,0.1353,0.9618,-26.9,1
19,1.0619,0.3343,0.2274,0.3699,0.2598,0.4627,-11.1,1
3,1.3187,0.0,0.079,0.0887,0.0511,0.3523,10.7,0
3,0.7488,0.0,0.0264,0.4856,0.783,0.6753,-25.6,0
17,0.3768,0.0,0.0,0.0259,0.0026,0.2852,10.4,0
14,1.3488,0.3621,0.0581,0.0,0.0003,0.8819,54.6,0
20,0.1081,0.0,0.1338,0.55,0.0162,0.4967,24.4,0
1,1.2834,0.2775,0.0421,0.4242,10.0,0.6239,0.4,1
2,1.5275,0.3244,0.0,0.0415,0.0307,0.0,86.7,1
13,0.7978,0.1138,0.0,0.0,5.1062,0.2028,3.0,1
4,1.9586,0.1536,0.0,0.0,0.0079,0.8671,48.0,0
8,1.0261,0.1338,0.0178,0.2416,0.0136,0.4787,39.5,0
6,0.9737,0.0172,0.0,0.3467,0.2923,0.7961,8.6,0
1,0.0542,0.1541,0.3189,0.1017,4.7398,0.244,-24.0,1
9,0.619,0.0005,0.0537,0.1367,10.0,0.4191,-10.1,1
6,1.6608,0.0,0.0,0.3391,0.2143,0.0702,41.9,0
1,1.9156,0.0,0.2527,0.1851,0.2231,0.0174,36.7,0
14,0.0,0.0,0.0,0.3187,0.3934,0.0004,75.7,0
14,0.0,0.287,0.0,0.2632,0.4643,0.7422,41.3,0
5,0.984,0.0,0.0,0.0261,0.0388,0.3131,58.4,0
13,1.4332,0.0,0.562,0.3889,0.0489,0.4829,68.1,0
17,0.9964,0.344,0.0,0.0918,0.0064,0.0322,88.8,0
6,0.592,0.0,0.5517,0.3761,2.7616,0.8425,-26.4,1
17,1.0137,0.0,0.2443,0.1967,0.0012,0.6796,87.4,0
2,0.4366,0.0,0.0,0.0,0.042,0.0735,14.3,1
6,1.0074,0.19,0.0,0.0,0.0092,0.2339,102.5,0
2,0.9896,0.0376,0.1515,0.0,0.047,0.2224,35.0,0
2,0.9519,0.3754,0.0051,0.0,10.0,0.0,-8.3,1
1,0.9991,0.4201,0.1243,0.0865,0.1565,0.8887,106.7,0
12,0.6149,0.0,0.1414,0.0,0.0134,0.8653,45.9,1
6,0.4922,0.5008,0.1247,0.0,0.0104,0.8887,78.7,0
14,0.0643,0.4468,0.2717,0.0,0.0375,0.3588,87.1,0
11,1.8053,0.4399,0.1075,0.4188,0.0077,0.49,12.6,0
12,1.9885,0.1981,0.0616,0.2217,0.0151,0.7564,34.9,0
12,1.4479,0.1972,0.0,0.2018,0.0818,0.8791,1.7,0
17,1.8744,0.0,0.0,0.0,2.7619,0.7722,-10.7,1
4,1.8785,0.0,0.1902,0.3466,9.5292,0.2036,10.6,1
2,0.1612,0.0542,0.0,0.0,0.0069,0.2812,108.1,0
14,1.5776,0.1099,0.0,0.0,0.0029,0.9666,95.8,0
6,0.1639,0.2501,0.2367,0.0,0.0012,0.8901,53.9,0
1,1.4082,0.0,0.1709,0.3599,5.7896,0.3579,-4.1,1
14,0.0,0.2141,0.0071,0.5688,0.0123,0.0,107.4,0
4,0.7138,0.1062,0.0,0.2953,0.0417,0.2861,25.0,0
19,0.0,0.0,0.1015,0.2819,0.0532,0.4946,53.0,0
17,0.9751,0.0,0.0,0.0377,0.0371,0.578,21.5,0
9,1.2596,0.8028,0.2767,0.0,10.0,0.7738,-20.8,1
15,1.6829,0.2578,0.0402,0.1585,0.0313,0.2765,101.0,0
7,0.2707,0.1614,0.0,0.2329,0.0087,0.0,97.3,0
8,1.3117,0.2521,0.1881,0.2734,3.6414,0.2809,11.7,1
20,0.0,0.0,0.0,0.0232,0.0037,0.7235,101.1,0
6,0.9039,0.1118,0.2536,0.1394,0.2333,0.1877,-11.2,1
16,0.6554,0.0,0.0,0.0,10.0,0.3865,-24.9,1
12,1.9778,0.5406,0.2614,0.1254,7.9187,0.1402,-17.3,1
11,1.9155,0.0,0.0,0.0,0.0005,0.8415,26.3,0
14,1.6227,0.0,0.2582,0.0,0.0134,0.175,86.6,0
1,0.7837,0.0821,0.0,0.3539,0.6711,0.0032,80.0,1
1,1.5481,0.0,0.0,0.2166,0.3639,0.8194,-11.7,1
4,1.8623,0.0,0.0,0.2392,0.1211,0.7229,116.9,0
9,1.0165,0.18,0.0342,0.4535,0.0608,0.01,40.6,0
13,1.282,0.3273,0.0,0.221,0.9161,0.0778,62.1,1
9,0.0,0.0,0.1348,0.0,0.2245,0.0,38.3,0
4,0.0,0.1824,0.0867,0.0726,0.0531,0.7333,53.6,0
14,0.3252,0.2974,0.0,0.0,0.0284,0.8447,18.4,0
14,0.7161,0.2177,0.0878,0.5899,0.0016,0.4782,81.6,0
12,0.1712,0.4622,0.0,0.1432,2.8892,0.0,-17.9,1
20,0.1679,0.2071,0.2584,0.4178,0.6725,0.4577,12.6,1
1,0.5376,0.2604,0.0,0.1486,10.0,0.6114,35.7,1
1,0.8465,0.0,0.1922,0.0,10.0,0.4275,-17.3,1
10,0.261,0.4669,0.1028,0.0,0.002,0.3566,35.7,0
11,1.4395,0.4532,0.0026,0.0,0.0106,0.0838,37.4,0
3,0.9432,0.2107,0.0396,0.2976,0.0011,0.5627,92.3,0
10,0.0,0.0,0.0,0.5735,0.3194,0.8734,103.0,0
11,1.9894,0.2922,0.0214,0.2428,0.7714,0.8997,-13.6,1
10,1.1198,0.0,0.0,0.0,0.0036,0.3751,96.3,0
7,1.4575,0.0,0.1378,0.5162,1.9853,0.6206,-24.8,1
15,0.2555,0.1676,0.079,0.0,10.0,0.2342,-13.0,1
6,1.1776,0.0857,0.0,0.4868,0.0106,0.1685,61.4,0
20,0.7006,0.1608,0.1547,0.0,0.1324,0.4519,13.0,0
14,1.6729,0.0577,0.2881,0.0,0.0001,0.9003,82.9,0
19,1.3045,0.0,0.2235,0.1119,1.2267,0.0615,-15.2,1
12,0.0,0.443,0.0414,0.0,0.0064,0.3239,12.4,0
3,0.0473,0.0,0.1862,0.2001,0.1073,0.0,54.7,0
7,0.0,0.0,0.1366,0.0187,0.0013,0.0955,90.1,0
20,0.0144,0.1278,0.3046,0.2893,0.0861,0.6424,-11.9,1
7,1.4354,0.0,0.0485,0.2765,10.0,0.3506,-14.8,0
15,0.2871,0.0,0.4866,0.0,0.0065,0.397,34.6,0
12,1.9154,0.0333,0.0,0.3889,0.0763,0.6915,-3.4,1
6,0.1395,0.1958,0.0,0.0,0.5499,0.0,96.0,0
16,1.1579,0.0,0.2432,0.3472,0.0014,0.5565,66.6,0
7,0.0,0.116,0.0,0.0139,0.0022,0.343,38.1,0
16,0.3861,0.5771,0.0,0.4579,0.2353,0.154,29.8,0
5,0.0,0.2621,0.5608,0.3744,10.0,0.0,-5.1,0
12,0.8812,0.0,0.0,0.0,0.0035,0.8969,39.3,0
5,1.2705,0.0493,0.045,0.2501,0.0221,0.6213,42.0,1
18,0.6103,0.0,0.5616,0.5134,1.1396,0.0,28.1,1
7,0.7679,0.0681,0.0925,0.1557,0.0577,0.3919,58.4,0
16,0.0,0.6552,0.0,0.0,0.0022,0.274,55.4,0
6,1.4666,0.0,0.2601,0.242,0.0134,0.5161,29.4,0
3,0.2302,0.3835,0.0951,0.2488,0.0109,0.0,107.6,0
20,1.4972,0.1099,0.0651,0.1349,0.1057,0.3144,-16.3,1
14,1.8618,0.1923,0.0734,0.368,0.0782,0.758,40.1,0
8,1.9513,0.0,0.2165,0.0,0.3442,0.8718,-9.0,0
10,0.0,0.0,0.535,0.0,0.0018,0.2326,103.7,0
3,1.3549,0.1351,0.0,0.4046,1.2804,0.2368,118.1,1
14,1.5939,0.1098,0.0613,0.0,0.0009,0.0,104.8,1
5,0.8817,0.0,0.0948,0.3049,0.0514,0.0436,56.0,0
12,0.3888,0.2155,0.1234,0.1696,0.0076,0.0026,118.5,0
12,0.0,0.2071,0.2511,0.6,0.0098,0.483,15.2,0
11,1.1427,0.124,0.2952,0.0,0.1146,0.6397,30.3,0
15,0.8964,0.3369,0.1278,0.0,0.0465,0.2199,32.0,0
2,0.8365,0.0,0.0,0.2342,0.0734,0.9334,8.8,0
5,0.0,0.0,0.0956,0.0,0.5087,0.052,-18.9,1
20,0.8837,0.0,0.0099,0.5653,0.1532,0.6497,106.8,0
9,1.1062,0.2303,0.0,0.0,0.5204,0.4232,38.2,0
15,1.0969,0.5859,0.0,0.0,0.0006,0.5345,72.6,0
20,0.6356,0.1855,0.0,0.1845,0.0015,0.1292,110.0,0
14,0.6795,0.1233,0.0318,0.0,0.0003,0.4455,53.6,0
18,0.6845,0.2845,0.0,0.3649,0.0314,0.5155,20.0,0
6,1.9179,0.0,0.216,0.0,0.0095,0.6357,42.1,0
14,0.7109,0.1461,0.1164,0.0661,0.0227,0.5593,18.3,0
6,1.3375,0.2142,0.3518,0.2976,1.86,0.7909,-19.3,1
20,1.6969,0.2929,0.0,0.0,0.0004,0.6289,30.0,0
1,1.8051,0.0801,0.2296,0.5063,1.4334,0.4316,-29.2,1
18,0.0,0.7985,0.0,0.0,0.3718,0.4699,52.3,0
1,1.2001,0.0,0.0,0.0,0.9216,0.0,107.5,1
1,0.36,0.1461,0.2938,0.1231,10.0,0.8396,-24.5,1
13,1.0948,0.4172,0.5141,0.0998,0.123,0.2617,49.6,0
6,1.8851,0.0857,0.0,0.4814,0.0373,0.6338,47.9,0
14,0.162,0.4691,0.0528,0.0389,0.083,0.5738,17.9,0
20,1.6895,0.0,0.0,0.3501,0.0034,0.0,66.5,0
16,0.2302,0.0,0.0,0.0,0.0023,0.3317,68.2,0
6,1.4173,0.0,0.124,0.0,10.0,0.2617,-3.5,1
10,1.0197,0.0,0.0,0.0,1.0785,0.3485,17.1,1
12,1.594,0.4317,0.1382,0.5978,0.0011,0.7695,60.6,0
10,0.0,0.0,0.0,0.0,0.0663,0.3543,45.0,1
19,0.665,0.0863,0.1921,0.0,0.5061,0.0,43.9,0
4,1.8634,0.0831,0.0,0.4739,2.0387,0.5183,24.7,1
3,0.6213,0.2904,0.0888,0.0973,1.5137,0.0,99.9,0
2,1.1498,0.1563,0.0307,0.3936,0.0146,0.4975,41.5,0
7,1.0098,0.2036,0.0229,0.2296,2.5287,0.0655,-0.5,1
1,0.3647,0.0,0.5072,0.0,0.9382,0.6269,39.4,1
13,1.9243,0.088,0.1827,0.5214,0.0014,0.1706,104.1,0
8,1.5677,0.6077,0.0,0.0,1.3003,0.2785,109.6,1
15,1.1765,0.0,0.0,0.4209,0.1967,0.8335,64.2,0
20,1.1167,0.5606,0.0,0.1381,0.0868,0.3111,-5.7,1
2,0.8323,0.0,0.3606,0.0,3.065,0.0,45.2,1
11,0.6933,0.4313,0.1847,0.5879,0.0097,0.6341,109.8,1
16,0.0,0.0,0.0679,0.0,0.0064,0.3687,7.3,1
13,0.7597,0.1579,0.1021,0.0534,0.0548,0.2467,64.2,0
18,0.5658,0.0,0.0,0.1398,0.2798,0.0407,106.5,0
4,0.6574,0.0729,0.0,0.0,0.0068,0.2269,23.8,0
13,0.0,0.0,0.0,0.5587,0.0318,0.2353,15.2,0
11,1.3828,0.1541,0.0,0.0,0.0507,0.0,96.5,0
14,0.7238,0.0,0.0,0.0827,0.2079,0.0,44.3,0
9,0.1308,0.1592,0.2371,0.1803,0.1332,0.9134,21.6,0
7,0.0,0.273,0.143,0.3366,3.5208,0.5776,-29.6,1
9,0.5706,0.1458,0.213,0.0,0.4591,0.1647,45.3,0
5,1.6216,0.118,0.0,0.0,0.6725,0.1963,60.4,1
12,1.3314,0.2346,0.0942,0.0155,0.007,0.0,49.3,0
12,0.0,0.1601,0.0,0.0,5.3629,0.4794,-1.5,1
8,0.7133,0.2055,0.2612,0.0,0.9955,0.7868,13.5,1
13,0.7024,0.2535,0.1543,0.4718,0.0012,0.0,47.3,0
20,1.9568,0.4848,0.0737,0.0,0.0037,0.43,26.7,0
19,0.0,0.5714,0.136,0.5376,0.0332,0.3145,25.1,0
5,1.6353,0.0,0.0,0.1526,0.0055,0.4757,103.2,0
13,0.888,0.0,0.3307,0.2831,2.6448,0.5299,-22.6,1
12,1.8293,0.4218,0.0,0.0363,1.0975,0.6616,-27.9,1
17,1.9589,0.2835,0.2375,0.0,0.0246,0.4911,55.3,0
9,1.3374,0.0,0.0304,0.0,0.0008,0.6848,118.3,0
19,1.4769,0.0,0.2027,0.0,0.0043,0.2664,30.3,0
8,1.125,0.3628,0.2867,0.4084,0.9788,0.1784,18.1,1
3,1.6962,0.2844,0.4355,0.0,0.0275,0.1601,89.3,0
12,0.0,0.142,0.1479,0.0,0.0959,0.5049,93.4,0
9,0.0,0.0,0.0016,0.1155,0.6691,0.1055,45.2,0
10,1.1804,0.0,0.0,0.2338,0.1572,0.445,113.1,0
7,1.2222,0.0,0.0103,0.0411,0.0002,0.9643,92.5,0
11,0.5225,0.192,0.0777,0.0,0.0584,0.9043,79.7,0
12,1.9229,0.8632,0.0287,0.4056,1.5981,0.0,18.8,1
3,1.0283,0.0,0.2569,0.0,5.895,0.0556,3.3,1
8,0.6133,0.2639,0.3802,0.0,0.0034,0.3307,87.1,0
19,1.2888,0.0216,0.048,0.0937,0.0021,0.4786,87.1,0
11,1.2222,0.0,0.4618,0.0,0.0003,0.7432,51.1,0
5,0.9205,0.2051,0.0,0.4055,1.1292,0.5328,49.0,1
5,0.8242,0.0,0.2593,0.0,1.2501,0.1867,-17.2,1
19,0.0,0.4468,0.0,0.3504,10.0,0.0932,-23.0,1
10,0.5133,0.0,0.2296,0.1084,0.3511,0.2279,45.4,0
14,0.0,0.4105,0.0353,0.0896,0.0001,0.9374,45.3,0
17,1.6031,0.5012,0.0716,0.0253,0.0021,0.5961,21.4,1
8,1.6346,0.2723,0.0,0.0,0.005,0.4681,17.2,0
7,0.0,0.4844,0.3312,0.4868,0.0039,0.1355,54.0,0
5,0.3635,0.0276,0.0231,0.5209,0.395,0.7797,71.6,0
8,0.0,0.0137,0.0023,0.2902,2.8623,0.4978,-21.2,1
1,1.1804,0.0,0.0,0.1737,2.4256,0.6283,55.9,1
5,1.9025,0.2839,0.3979,0.3426,1.5469,0.2047,87.2,1
20,0.3118,0.4428,0.2277,0.3526,0.0382,0.4748,15.4,0
9,0.4665,0.2721,0.0,0.3863,10.0,0.174,-8.1,1
15,0.0803,0.0573,0.0,0.0201,0.0205,0.8212,38.5,0
12,0.0,0.0,0.0652,0.1462,10.0,0.0,-26.2,1
9,1.2745,0.0692,0.0,0.1236,0.0269,0.4924,103.0,0
5,1.3266,0.0,0.04,0.1441,0.5768,0.0027,-27.4,1
16,1.4088,0.0,0.251,0.3412,0.0002,0.9493,69.9,0
11,1.3441,0.4473,0.0,0.0,0.0019,0.0287,87.5,0
15,0.2092,0.4716,0.0295,0.0,0.1286,0.3346,-11.6,1
1,0.5926,0.1947,0.3539,0.4881,0.0745,0.9217,5.6,0
10,0.3361,0.0,0.6329,0.0,0.0413,0.0119,99.9,0
10,1.776,0.0046,0.0562,0.0,0.0319,0.4625,80.0,0
12,0.4987,0.6173,0.3701,0.4358,0.3008,0.2127,72.6,0
2,0.8168,0.0,0.0057,0.0,0.1213,0.5084,14.4,0
9,1.2319,0.5533,0.186,0.0,0.3576,0.0339,65.7,0
11,1.2243,0.1895,0.0,0.3322,10.0,0.1528,-15.9,1
2,0.8985,0.2835,0.3126,0.5148,0.7447,0.2121,52.4,0
15,1.5925,0.367,0.1721,0.0,0.001,0.5251,105.1,0
15,1.751,0.2917,0.0,0.3678,0.0052,0.6042,105.8,0
15,0.8506,0.1754,0.058,0.5032,5.3633,0.2344,-7.9,1
7,1.9776,0.0,0.0,0.0,0.0374,0.564,101.5,1
12,0.8267,0.0609,0.1145,0.0,0.3732,0.0,46.7,0
19,0.4586,0.1734,0.2549,0.3486,0.0904,0.5552,48.4,0
10,0.8785,0.0,0.2141,0.0,1.6657,0.1142,67.6,1
18,0.8185,0.1396,0.0,0.0,0.0407,0.3081,78.8,0
17,1.8468,0.4862,0.0,0.0094,0.0018,0.0,101.7,0
19,1.1738,0.0,0.2438,0.5843,5.4859,0.8313,-3.6,1
2,1.7066,0.2426,0.0226,0.5476,1.6503,0.2193,107.3,1
2,0.0,0.2493,0.386,0.1853,0.0291,0.7995,57.0,0
10,0.0,0.0893,0.1423,0.0,0.0007,0.6429,93.5,0
18,1.9001,0.0,0.0,0.0161,0.0012,0.9201,60.9,0
20,0.8703,0.1509,0.1359,0.1345,0.0009,0.5823,64.2,0
12,0.991,0.0,0.0168,0.2559,0.024,0.4489,75.6,0
7,1.5053,0.0,0.2876,0.5929,0.0305,0.3287,71.9,1
2,0.1675,0.3132,0.0,0.0,0.0009,0.7587,98.1,0
17,0.1151,0.2099,0.1593,0.0872,1.7967,0.6793,-5.0,1
19,0.6394,0.0,0.0007,0.5261,0.0221,0.3028,49.1,0
6,0.4142,0.0588,0.1208,0.2462,0.7785,0.8997,7.9,0
4,1.2773,0.5225,0.018,0.5793,0.1278,0.6825,111.8,0
16,1.6393,0.2793,0.0,0.4319,0.0003,0.75,86.8,0
14,1.4946,0.0,0.2946,0.0,0.0008,0.8476,30.0,1
8,0.9796,0.0,0.3753,0.4704,0.7067,0.3849,90.3,1
9,0.4994,0.0,0.5349,0.0665,0.002,0.8559,35.6,0
1,0.0113,0.4172,0.0038,0.0,5.1271,0.0,8.7,1
4,1.9238,0.2431,0.1721,0.0184,0.3952,0.0,74.2,0
15,0.4061,0.0,0.0043,0.2677,0.0855,0.6942,48.6,0
11,1.6739,0.2184,0.0,0.0,0.0098,0.0,106.9,0
16,1.4096,0.0,0.0564,0.1751,0.0135,0.0175,105.0,0
11,1.5057,0.3857,0.0,0.0,0.0056,0.6513,49.4,0
15,0.8014,0.2169,0.2766,0.0,0.774,0.2096,12.0,1
4,0.4722,0.1972,0.1642,0.5028,0.3774,0.1215,60.4,0
17,0.7162,0.0,0.0,0.0,0.0015,0.0087,107.9,0
14,0.0,0.1682,0.0,0.521,0.0283,0.3869,5.5,0
6,0.1779,0.0226,0.1611,0.0,0.0162,0.8657,71.8,0
10,1.0346,0.2522,0.0,0.4139,0.2655,0.1753,96.6,0
10,0.1188,0.1254,0.6143,0.0114,0.2245,0.3022,40.9,0
12,0.4368,0.2686,0.4663,0.2548,0.2166,0.0826,73.2,0
6,0.032,0.004,0.0,0.0,0.1464,0.63,44.4,0
6,0.0,0.1499,0.183,0.0,0.818,0.3576,86.7,1
8,0.1249,0.459,0.0,0.4765,0.0095,0.9597,88.9,0
16,1.7973,0.0506,0.0,0.3324,1.3811,0.6416,0.1,1
16,0.0,0.2188,0.0,0.0,0.0122,0.8257,105.5,0
12,0.0,0.3111,0.0,0.4235,0.0011,0.9035,90.8,0
13,0.6965,0.1329,0.0174,0.0,0.0092,0.8755,73.9,0
9,1.6461,0.0423,0.1735,0.463,0.0009,0.9116,73.8,0
10,0.8665,0.086,0.0,0.0513,0.0004,0.8986,60.5,0
10,1.416,0.0,0.3474,0.0,0.0227,0.0,3.6,0
15,1.2606,0.0776,0.0,0.0,0.0029,0.5847,40.9,0
8,1.9071,0.1972,0.2394,0.2267,0.0201,0.2913,55.1,0
3,1.8329,0.3236,0.0553,0.3421,4.3907,0.0,-28.8,1
16,1.4488,0.0,0.1176,0.0,0.0026,0.414,75.3,0
4,1.1031,0.1523,0.055,0.3308,0.0366,0.1476,74.5,0
3,1.6536,0.0,0.049,0.0,0.2326,0.2026,-10.4,1
4,1.2014,0.0,0.0,0.0501,0.0204,0.7888,45.6,0
2,1.1431,0.0,0.2801,0.3999,10.0,0.0337,24.2,1
18,1.9116,0.4641,0.0612,0.2651,0.0902,0.3038,45.1,1
19,0.9128,0.3043,0.0,0.0,0.1237,0.899,27.9,0
2,1.8861,0.4391,0.398,0.0,0.3918,0.1359,22.9,0
14,0.3621,0.0919,0.0436,0.5447,0.5115,0.3186,68.1,0
15,1.7616,0.0106,0.306,0.3448,0.0962,0.6671,72.7,0
4,1.8318,0.0,0.0,0.0,2.696,0.7261,7.9,1
3,0.0,0.0768,0.0932,0.2904,0.0002,0.9431,90.1,0
14,1.7541,0.0,0.0,0.4584,0.1128,0.5134,26.7,0
12,1.9048,0.0,0.0,0.0,0.0021,0.0,85.5,0
20,1.977,0.0,0.5717,0.1004,0.0481,0.2195,-2.2,1
17,1.8145,0.1253,0.0,0.0,0.0072,0.4033,86.7,1
6,1.9162,0.2867,0.0,0.1296,0.7044,0.0,12.4,0
4,0.2514,0.5848,0.1885,0.0,9.9519,0.0293,18.6,1
10,0.6237,0.0,0.0,0.1173,0.0235,0.5196,22.1,0
11,0.2836,0.3517,0.0,0.0,0.3074,0.3775,-2.4,1
14,0.5728,0.0,0.0074,0.5666,0.071,0.9293,98.5,0
20,1.3,0.0,0.0007,0.5212,0.0009,0.6243,58.6,0
20,1.7273,0.45,0.1606,0.2867,0.0157,0.753,58.7,0
1,0.1043,0.0,0.1413,0.389,8.33,0.1599,4.3,0
2,1.5189,0.6201,0.0,0.5489,0.5116,0.766,72.2,0
18,1.6899,0.0,0.1125,0.3815,10.0,0.5316,-26.1,1
14,1.9511,0.1161,0.0,0.0,0.0015,0.0,67.8,0
8,1.9184,0.0,0.0,0.4669,0.0281,0.0,24.3,0
2,0.0,0.5053,0.0,0.5073,10.0,0.521,-15.5,1
1,1.9846,0.3023,0.0,0.0324,0.017,0.5876,25.3,0
12,1.8025,0.248,0.033,0.0377,8.484,0.0,-5.4,1
17,1.7454,0.0998,0.1794,0.0,1.303,0.3059,8.6,1
5,0.2346,0.3924,0.0,0.5426,0.0004,0.9648,107.4,0
17,1.9737,0.3639,0.0,0.0,0.15,0.6811,79.8,0
4,0.0,0.252,0.5452,0.2871,0.4908,0.4565,-11.7,1
7,0.4103,0.0,0.0,0.0,0.0672,0.0568,8.5,0
11,1.3497,0.1724,0.0481,0.1443,0.0011,0.2029,80.3,0
17,1.9467,0.0693,0.1337,0.3561,0.0041,0.4864,13.5,0
3,1.775,0.0,0.1966,0.227,0.3481,0.4861,85.7,0
3,0.2603,0.1333,0.2652,0.5593,0.0062,0.2238,68.8,0
1,0.0937,0.0,0.2053,0.2241,0.0026,0.8789,104.1,0
14,0.0,0.0,0.1595,0.0,0.3879,0.7594,37.7,0
4,0.0,0.0,0.1498,0.2543,2.4764,0.3004,44.0,1
12,1.3996,0.2691,0.0491,0.1408,0.0246,0.7255,51.1,0
4,0.4772,0.1795,0.1193,0.1593,0.006,0.387,115.0,0
5,0.9406,0.0691,0.48,0.0,0.0022,0.967,3.2,0
13,0.4215,0.0,0.161,0.0,0.5968,0.9122,-6.4,1
15,0.3225,0.0962,0.0079,0.1256,0.259,0.9531,2.2,0
7,0.0,0.0,0.1366,0.4712,0.5804,0.6296,25.9,0
2,1.2768,0.0633,0.0276,0.0,0.0295,0.374,115.9,0
15,1.8467,0.2181,0.0,0.2002,0.0055,0.2801,110.9,1
16,0.2057,0.0,0.488,0.2461,0.4129,0.4752,96.1,0
20,0.1845,0.3101,0.213,0.1908,10.0,0.3887,-21.6,1
7,1.9656,0.0,0.0,0.5973,10.0,0.1456,-9.4,1
11,1.5278,0.246,0.1356,0.0,10.0,0.0,8.6,0
19,1.6873,0.0,0.0,0.0,0.0196,0.75,60.9,0
3,0.445,0.0,0.0755,0.1036,0.4883,0.2708,40.8,0
7,0.8452,0.308,0.0,0.0,0.1455,0.4083,-24.2,1
9,0.0,0.0,0.1246,0.2985,0.0116,0.9258,-14.7,1
19,0.87,0.3364,0.0,0.3744,0.1328,0.4765,-13.1,1
19,0.0218,0.1855,0.035,0.1649,0.207,0.5555,60.8,0
10,1.7717,0.0,0.0,0.0,0.1122,0.6094,-21.3,1
12,0.4777,0.0137,0.1667,0.2676,0.0333,0.7875,49.3,0
7,1.2052,0.2046,0.0,0.0,0.0598,0.0538,-9.5,1
16,0.318,0.0728,0.1301,0.5493,0.0,0.9675,78.9,0
4,0.5332,0.3012,0.2588,0.2835,2.3966,0.2517,39.2,1
3,1.4429,0.0098,0.0,0.545,0.0064,0.3596,99.3,0
5,1.2111,0.2167,0.0,0.3186,0.0081,0.7068,6.6,0
14,0.0801,0.547,0.007,0.0402,0.337,0.4145,-27.2,1
11,1.9224,0.1848,0.0651,0.3833,3.6963,0.3307,-22.5,1
13,1.1203,0.0,0.0,0.5196,0.81,0.3398,-10.3,1
7,1.9808,0.2536,0.0,0.2307,0.2859,0.2404,-8.1,1
3,0.0,0.0,0.228,0.0,0.1093,0.4615,-20.2,1
18,1.1311,0.0,0.0,0.0,0.1243,0.6762,-0.9,1
5,1.3212,0.3375,0.0,0.5084,10.0,0.3556,-17.8,1
14,1.4555,0.0426,0.4176,0.0,0.0004,0.4866,119.6,0
3,0.6735,0.0,0.3817,0.0,10.0,0.4531,0.3,1
8,0.0,0.0201,0.2178,0.2648,0.0052,0.3928,76.4,0
19,0.0,0.3383,0.0656,0.4349,0.0808,0.8122,119.6,0
18,0.6518,0.148,0.0592,0.0,0.0015,0.4189,110.2,0
11,0.2078,0.182,0.2091,0.0,0.0105,0.0,115.8,0
12,0.7363,0.094,0.5595,0.0,0.0337,0.6981,101.5,0
2,0.0,0.0,0.157,0.0017,0.1449,0.3474,18.4,0
1,1.5003,0.3413,0.0,0.5572,7.0358,0.1595,3.8,1
10,0.7287,0.0,0.1579,0.5363,0.0542,0.2397,114.1,0
10,0.0,0.0,0.0,0.0526,0.0012,0.8513,89.3,0
13,0.0,0.0,0.0673,0.0,0.4029,0.0283,-11.5,1
5,0.0,0.0781,0.0329,0.0,0.0186,0.0736,99.9,0
16,1.2814,0.2058,0.0437,0.4035,0.0262,0.7139,-14.1,0
8,0.0,0.0,0.0,0.3008,0.0298,0.0555,40.8,0
1,1.9655,0.0,0.0,0.0013,0.5234,0.1744,71.0,0
5,1.7298,0.1248,0.1041,0.0,0.6429,0.8875,41.3,1
15,1.8385,0.0,0.0,0.0,0.0244,0.6965,80.9,0
1,1.8987,0.2641,0.0,0.2146,0.4477,0.1699,45.1,0
11,1.2059,0.1604,0.3808,0.0,0.0659,0.5961,59.5,0
13,1.2806,0.1278,0.0,0.4296,0.2351,0.0567,-4.8,1
11,1.2004,0.0,0.0,0.0,0.0227,0.1045,96.1,0
17,0.8513,0.5392,0.0,0.2616,0.0001,0.939,44.0,0
19,1.5367,0.4631,0.1481,0.3037,0.0763,0.7364,0.2,1
13,1.9308,0.549,0.0,0.3206,0.0,0.9709,71.5,1
17,0.4814,0.0,0.0,0.1793,0.0009,0.0755,99.3,0
6,1.5617,0.6733,0.0148,0.0,0.0797,0.153,106.5,0
14,1.9722,0.48,0.1419,0.2293,0.0002,0.7414,119.7,0
19,1.792,0.0,0.2661,0.1319,0.0276,0.2843,53.3,0
16,1.8831,0.0,0.0,0.4057,0.0004,0.5685,98.1,0
1,1.3516,0.0,0.0,0.3198,0.0296,0.5702,107.0,0
1,1.557,0.2568,0.1238,0.0327,0.0249,0.6845,30.6,1
19,0.6315,0.2142,0.0,0.0772,0.0404,0.8737,3.4,0
13,0.9193,0.0873,0.3664,0.0,0.0479,0.5619,90.4,0
15,1.0539,0.0,0.1096,0.0,0.0059,0.0698,116.8,0
17,1.9802,0.0,0.0974,0.0,0.077,0.2852,106.9,0
3,0.0295,0.0,0.0395,0.4749,6.5873,0.7781,11.5,1
8,1.798,0.4006,0.2046,0.0,0.142,0.6757,100.2,0
5,0.0805,0.129,0.0,0.1838,10.0,0.0,4.8,0
10,0.1883,0.0,0.0,0.0,0.0007,0.5541,69.6,0
20,1.1203,0.2592,0.0,0.5721,0.0002,0.8694,79.8,0
7,1.1731,0.0,0.1088,0.0,10.0,0.723,-14.3,1
20,1.6039,0.0,0.0,0.0,0.1762,0.0,109.7,0
7,0.0739,0.2588,0.0341,0.0,0.0103,0.2396,49.7,0
4,1.8558,0.1985,0.2874,0.4571,3.0623,0.9658,-22.4,0
3,0.0,0.0,0.0037,0.0,10.0,0.1304,-11.0,1
2,0.8053,0.2523,0.0159,0.0,10.0,0.0,-4.8,1
8,0.4915,0.4601,0.0,0.2589,5.843,0.3831,2.3,1
8,0.0,0.0,0.0586,0.0,0.0084,0.2885,23.0,0
11,0.3027,0.1445,0.2246,0.2792,0.1807,0.0,-9.0,1
13,0.5167,0.2352,0.0498,0.2727,0.0008,0.0358,93.1,0
18,1.5169,0.0922,0.03,0.0,0.169,0.3252,52.9,0
17,1.0277,0.0,0.0456,0.4659,0.0016,0.1704,57.0,0
15,0.1964,0.0,0.2206,0.0024,0.0006,0.0,53.0,0
1,0.4937,0.2919,0.2563,0.3592,0.9508,0.9036,-10.0,1
17,1.6087,0.6165,0.0522,0.4243,0.4176,0.4017,41.8,0
10,0.5629,0.4091,0.0,0.0,0.3798,0.005,-1.5,1
5,1.8313,0.0,0.0868,0.302,0.053,0.2565,68.7,0
16,0.0,0.144,0.015,0.0,0.0201,0.8591,-26.8,1
16,0.8449,0.0872,0.0,0.0,0.0907,0.8644,20.2,0
1,1.2182,0.147,0.0978,0.0,1.4339,0.6166,72.8,1
5,1.1822,0.176,0.0,0.0,0.0326,0.9158,114.8,0
11,1.3155,0.3361,0.664,0.0,0.0054,0.0,31.6,1
19,0.3749,0.0,0.0,0.18,0.4805,0.0,28.8,0
14,1.2695,0.0,0.0,0.2679,0.0344,0.3412,104.3,0
9,0.0,0.1314,0.0,0.0,0.0478,0.028,66.9,0
17,1.7598,0.3774,0.0,0.0268,0.7076,0.7499,-10.5,1
12,1.3248,0.631,0.2753,0.0,0.0752,0.1393,88.3,0
13,1.6165,0.0222,0.1971,0.4809,0.012,0.0,27.1,0
6,0.0,0.1862,0.0,0.5003,0.0038,0.0,47.4,0
15,0.995,0.6521,0.0,0.0942,0.0588,0.4644,45.0,0
12,1.7455,0.324,0.0769,0.0,0.0027,0.1718,71.0,0
5,0.9805,0.4649,0.0649,0.5367,2.3362,0.6669,1.2,1
13,1.8586,0.4686,0.0,0.1861,0.0018,0.5462,104.8,0
15,0.0971,0.0,0.0,0.3549,1.754,0.561,-8.0,1
14,1.8943,0.2708,0.2817,0.3456,0.0016,0.2041,64.9,0
16,1.3784,0.308,0.4091,0.2789,0.0008,0.7612,58.7,0
10,1.1996,0.0,0.129,0.0,0.3514,0.2617,-20.0,1
17,1.365,0.0,0.1626,0.3431,0.0473,0.2108,62.3,0
19,0.7595,0.3715,0.2024,0.0,0.0009,0.8329,63.6,0
14,0.5391,0.0,0.0,0.198,0.0062,0.0,33.0,0
10,1.8745,0.0,0.0,0.3883,10.0,0.1051,-13.9,1
11,1.451,0.0,0.0,0.0,0.001,0.2252,66.4,0
6,0.7477,0.1235,0.0,0.371,0.1873,0.3809,107.6,0
8,1.5782,0.4898,0.0,0.0,7.8935,0.6486,-3.6,1
2,0.5618,0.2762,0.156,0.0,0.0443,0.2078,10.4,0
5,0.4189,0.0,0.1455,0.3516,0.993,0.009,98.6,1
12,1.8853,0.0614,0.0,0.0,0.0028,0.9069,93.5,0
19,0.9615,0.0544,0.1811,0.5512,0.0139,0.4779,80.2,0
16,0.4226,0.4027,0.0,0.162,0.2729,0.9718,-4.7,1
13,1.0929,0.4717,0.2007,0.4709,5.2313,0.088,8.7,1
10,0.8638,0.3915,0.0842,0.0,0.0244,0.0106,103.1,0
4,1.3767,0.2697,0.0924,0.2311,0.0022,0.3654,83.0,0
17,0.5779,0.0,0.0865,0.1601,0.0429,0.7556,61.9,0
8,1.9349,0.3208,0.3528,0.0,0.0173,0.7781,90.5,0
17,1.9699,0.3298,0.0,0.4258,0.0508,0.5275,-20.3,1
20,0.3784,0.4434,0.2484,0.0,0.3715,0.2461,51.0,0
8,0.0,0.2858,0.1606,0.0,0.2437,0.045,48.7,0
8,1.7579,0.0,0.3757,0.0,0.0175,0.2956,40.8,0
6,1.2658,0.1614,0.0351,0.2811,0.5919,0.0,96.8,0
17,0.3629,0.0,0.3061,0.0,0.1358,0.4587,99.4,0
2,1.7584,0.2172,0.0,0.4953,10.0,0.0516,-20.4,1
18,1.4193,0.0,0.0,0.4785,0.0005,0.7965,100.5,0
2,0.6184,0.3333,0.1882,0.4322,10.0,0.2167,-18.9,0
13,0.4179,0.6458,0.2104,0.5119,0.0004,0.5595,110.6,1
1,1.3168,0.0921,0.04,0.2009,3.8657,0.2011,63.3,1
20,0.8821,0.3289,0.1687,0.0,1.58,0.5398,7.9,1
1,1.0021,0.0,0.0475,0.3659,1.6005,0.9089,104.0,1
19,0.6449,0.2577,0.0,0.2766,0.0775,0.329,106.6,0
16,0.6093,0.2388,0.0,0.0,0.0696,0.2946,88.1,0
12,1.2578,0.3195,0.2328,0.2673,0.6015,0.2931,38.2,0
8,0.4182,0.0996,0.0,0.286,0.6412,0.4822,-16.7,1
5,1.375,0.0,0.3986,0.1577,4.3592,0.5518,-1.6,1
5,1.6111,0.0,0.4383,0.4441,0.0344,0.3848,42.1,0
4,0.4741,0.6436,0.363,0.0,0.0042,0.0,63.9,0
3,0.1404,0.1632,0.0,0.0,3.0915,0.4256,96.5,1
17,1.381,0.6901,0.0,0.5001,0.4133,0.3381,67.8,0
14,1.4835,0.7108,0.0,0.5256,0.379,0.4095,-3.6,0
11,0.8489,0.0392,0.0,0.33,0.014,0.4897,86.6,0
8,1.5198,0.0,0.0,0.1028,0.0112,0.2656,56.4,0
17,1.1761,0.0,0.0,0.5925,0.0368,0.5913,49.4,0
10,0.241,0.0276,0.3469,0.022,0.002,0.4076,78.4,0
9,0.6738,0.0,0.0,0.1516,0.0007,0.7569,77.7,0
6,0.0,0.0,0.1762,0.1044,10.0,0.2193,-17.0,0
15,1.1709,0.0,0.1126,0.4966,0.357,0.3224,105.1,0
13,1.3325,0.2599,0.0353,0.3914,0.0097,0.1322,24.2,0
16,1.671,0.0,0.0865,0.2425,0.1403,0.0895,7.5,0
3,1.978,0.0,0.026,0.4644,0.0648,0.9747,67.5,0
6,0.6663,0.5681,0.0,0.453,0.0178,0.5498,44.5,0
15,0.0,0.0841,0.0,0.4069,0.1468,0.1763,49.6,0
6,1.207,0.3644,0.0,0.2834,10.0,0.7874,-21.2,1
20,1.1109,0.0,0.0,0.1927,0.6671,0.1923,28.8,0
20,1.1132,0.4559,0.048,0.0,0.0001,0.9419,42.0,0
15,1.4324,0.0,0.0821,0.0619,0.0006,0.6027,71.7,0
6,0.4692,0.0952,0.0,0.2406,0.0132,0.0891,115.7,0
2,1.2649,0.3434,0.0362,0.0,0.0048,0.7933,17.0,0
13,0.9509,0.0,0.215,0.5312,0.0026,0.7128,42.9,0
19,0.0,0.2412,0.2779,0.0,0.5906,0.412,44.8,0
19,1.9329,0.0,0.0494,0.0,0.0223,0.9025,52.0,0
18,0.7206,0.0,0.1492,0.5035,0.0006,0.0,74.6,0
8,0.6232,0.064,0.0,0.0632,0.2009,0.7465,9.2,0
7,0.1041,0.0495,0.4546,0.0,10.0,0.0132,-5.3,1
16,0.3141,0.4593,0.0,0.0,0.0091,0.0,33.3,0
3,1.2085,0.1468,0.0,0.1785,0.1029,0.5021,8.8,0
3,1.2045,0.0289,0.0,0.0,0.264,0.826,22.7,0
2,0.0983,0.0,0.4072,0.4986,10.0,0.0109,26.1,1
20,1.6547,0.1438,0.0211,0.5627,0.0017,0.8899,111.8,0
6,0.0212,0.357,0.1846,0.0403,0.4132,0.7976,45.7,0
4,0.5466,0.1953,0.1048,0.5591,0.2238,0.3841,39.2,0
11,0.2737,0.0,0.18,0.2924,0.0037,0.0,42.5,0
9,1.6342,0.2992,0.0,0.2363,1.4671,0.0,4.0,1
20,0.4421,0.4008,0.0922,0.1299,0.9148,0.3544,9.4,1
8,0.8291,0.3085,0.3565,0.0,8.5503,0.0,-15.0,1
13,0.4433,0.0,0.0,0.1766,1.2567,0.1644,67.7,1
2,0.0,0.2413,0.1212,0.0,0.3482,0.0669,49.3,0
1,0.0,0.2236,0.1745,0.3355,10.0,0.7935,-2.9,1
9,1.8641,0.0,0.0,0.0715,0.7417,0.5064,22.8,0
2,1.3994,0.6941,0.117,0.5066,1.9616,0.2148,-4.2,1
14,1.9486,0.2906,0.0593,0.0,0.0154,0.8516,14.6,0
16,1.0911,0.0,0.1128,0.0,0.2635,0.6052,25.0,0
1,1.2239,0.3542,0.0325,0.0,0.0014,0.733,90.8,0
1,1.5134,0.3088,0.0425,0.1318,1.0802,0.7936,-10.2,1
13,1.7486,0.0771,0.0,0.1288,0.2422,0.7574,42.1,0
11,0.7428,0.1512,0.2302,0.0,0.0146,0.1124,109.2,0
6,1.168,0.282,0.0,0.1756,0.204,0.6681,84.4,0
3,0.3593,0.2109,0.418,0.0,1.6134,0.9019,-20.8,1
17,1.2792,0.2377,0.0,0.0,0.2931,0.5814,-21.7,1
17,0.3863,0.4309,0.0,0.3,0.1231,0.2374,8.3,0
2,0.0,0.7205,0.1822,0.1065,0.0121,0.0,20.9,0
1,0.4309,0.0,0.0034,0.0,0.037,0.3886,113.7,0
9,1.2901,0.3813,0.0805,0.237,3.8888,0.615,27.2,1
18,0.2799,0.0,0.6419,0.0,0.2567,0.0,88.0,0
9,1.1771,0.283,0.5239,0.0,0.3889,0.5661,-26.5,1
15,1.3504,0.1727,0.005,0.367,0.065,0.8799,-1.7,1
1,0.8056,0.2662,0.1249,0.5552,10.0,0.0332,-20.8,1
17,0.5389,0.381,0.0339,0.0429,0.0317,0.0,64.0,0
13,0.192,0.0,0.0,0.0,0.004,0.345,106.0,0
16,1.9243,0.0,0.4274,0.018,0.4895,0.2306,26.7,1
2,0.3978,0.2041,0.2484,0.0694,0.2657,0.3214,-8.7,1
15,1.2717,0.3013,0.0508,0.5974,0.0442,0.0,108.1,0
10,1.1767,0.1473,0.0,0.4631,0.0613,0.6425,91.6,1
13,0.5974,0.0,0.0244,0.5544,0.0005,0.5521,52.8,0
3,0.0,0.204,0.0,0.3577,10.0,0.0,-28.4,1
8,0.0,0.0,0.3084,0.2051,7.3936,0.7792,0.9,1
12,0.0,0.2929,0.0,0.3017,0.4204,0.4309,15.5,0
13,0.947,0.308,0.3057,0.2817,0.0009,0.382,56.6,0
9,1.5594,0.2783,0.0,0.0,0.0174,0.0141,104.3,0
12,0.0,0.1827,0.2077,0.3425,10.0,0.1918,-1.0,1
4,0.7447,0.0,0.5738,0.4077,0.1541,0.55,60.7,0
3,0.402,0.0,0.0,0.1383,0.059,0.959,18.7,0
13,0.165,0.0,0.0557,0.2523,0.0025,0.4974,25.5,1
6,1.4684,0.1376,0.6971,0.3467,0.0011,0.9797,89.1,0
6,1.769,0.0,0.0,0.0,10.0,0.8304,-15.4,1
4,0.0713,0.0,0.0,0.5478,0.5552,0.2679,-1.0,1
13,1.484,0.0,0.0,0.2488,0.0273,0.2717,97.8,0
19,0.0,0.1097,0.1993,0.3744,0.0255,0.7941,40.3,0
19,0.1132,0.2108,0.0,0.0,10.0,0.082,-21.4,1
4,1.1437,0.0,0.1666,0.0,0.2488,0.6584,-7.4,1
6,0.0705,0.0681,0.0009,0.0,0.0604,0.3732,83.7,0
17,0.8483,0.0,0.097,0.5255,1.6552,0.0608,15.2,1
17,1.8734,0.3601,0.0,0.1853,0.1211,0.1748,51.7,0
17,0.6264,0.5119,0.6243,0.1386,0.2766,0.1239,69.3,0
8,1.8018,0.0,0.0,0.0,0.2612,0.78,52.9,0
8,0.9507,0.1558,0.0,0.0,7.119,0.6397,-27.5,1
7,1.6786,0.3853,0.0,0.0,0.0093,0.4202,94.1,0
9,1.2567,0.2278,0.2971,0.0,0.0127,0.0,11.7,0
14,0.9934,0.0,0.3732,0.3803,0.1992,0.7392,28.8,0
9,1.0103,0.2774,0.049,0.3115,7.3979,0.1932,-17.8,1
16,1.1899,0.0253,0.1563,0.0,0.0654,0.7749,0.6,0
10,0.0084,0.0,0.0,0.0,0.224,0.0,98.2,0
9,0.178,0.2594,0.0,0.0885,0.0085,0.0,79.4,0
20,1.3765,0.0618,0.0,0.0,6.4009,0.5725,3.3,1
8,0.0672,0.1261,0.1519,0.0,0.0007,0.8873,85.8,0
9,0.5415,0.5066,0.5289,0.4737,3.8267,0.2357,-7.0,1
1,0.45,0.0,0.4428,0.2061,0.0405,0.5014,66.9,0
19,0.6528,0.0,0.0,0.4045,0.052,0.8588,43.5,0
9,1.5693,0.5451,0.0757,0.41,4.0705,0.0836,-18.6,1
19,0.0,0.0,0.1639,0.4835,0.0,0.9272,117.7,0
6,1.384,0.3358,0.2517,0.0,0.0001,0.9289,60.3,0
14,0.3463,0.0358,0.0085,0.2633,0.0148,0.4922,99.9,0
2,1.7521,0.0,0.0448,0.421,0.0149,0.0,90.5,1
16,0.5765,0.6956,0.0781,0.5289,0.0211,0.2628,115.2,0
11,1.2738,0.0419,0.0,0.3333,1.6823,0.2401,-9.4,1
17,0.8587,0.4059,0.0722,0.0,0.0036,0.7629,72.5,0
3,1.8264,0.547,0.0,0.4075,0.0899,0.1272,65.1,0
18,0.435,0.0,0.0,0.0,0.0141,0.6988,66.7,0
4,0.2996,0.0,0.1739,0.4897,0.0441,0.1878,32.1,0
19,0.2338,0.0,0.2057,0.1345,0.0025,0.1746,30.3,0
13,1.3294,0.3551,0.0,0.5773,0.1036,0.2049,-1.2,1
12,1.9911,0.1262,0.2241,0.3047,0.0123,0.6012,76.3,0
5,1.5068,0.2114,0.0,0.2678,3.86,0.0,-9.9,1
20,1.1641,0.2893,0.0,0.5338,0.5985,0.4405,-17.3,1
11,1.8995,0.7317,0.6194,0.3003,0.0131,0.8454,86.6,0
7,1.7283,0.2421,0.0289,0.3027,0.0022,0.0,53.8,0
8,1.6082,0.0,0.0426,0.0,0.3199,0.6685,35.8,0
1,0.0,0.3973,0.0216,0.0,0.1142,0.7387,81.9,0
17,0.3126,0.611,0.0367,0.2047,0.3891,0.0,89.3,0
8,0.4135,0.0,0.0,0.5586,1.1172,0.4346,90.7,0
8,1.333,0.0,0.2867,0.0621,0.0495,0.8655,34.4,0
8,1.0259,0.0517,0.0,0.0,1.3053,0.6058,-11.8,0
8,1.0033,0.5182,0.1093,0.5511,0.0925,0.1182,92.7,0
4,0.8798,0.0,0.0,0.537,3.4793,0.4646,-28.2,1
17,0.9162,0.2928,0.1841,0.0697,0.1562,0.0,39.1,0
11,0.8963,0.0,0.0,0.0,0.1909,0.9087,-25.1,1
10,0.3682,0.4871,0.1438,0.0,0.0064,0.5807,37.4,0
5,0.0818,0.124,0.6293,0.0,0.2652,0.5344,13.3,0
14,1.4869,0.0,0.1985,0.1052,0.0003,0.3024,115.1,0
3,0.899,0.0,0.0,0.1955,0.0215,0.6398,26.7,1
6,1.7174,0.1635,0.1353,0.0566,0.0194,0.3011,107.9,0
1,1.1653,0.4619,0.1743,0.0,0.1571,0.6676,25.6,0
9,0.6924,0.0,0.0255,0.5119,0.0556,0.0,118.1,0
15,1.859,0.131,0.0,0.0,0.003,0.0539,38.3,0
4,0.2165,0.0,0.0426,0.2991,0.2528,0.4892,96.6,0
14,1.5213,0.2079,0.0,0.0,0.0014,0.267,33.1,0
17,1.4858,0.1136,0.0,0.256,0.0487,0.9037,83.1,0
3,1.5049,0.0,0.0,0.5404,1.4027,0.0,99.1,1
6,1.0605,0.0,0.0734,0.0,0.2039,0.0,6.8,0
10,0.0,0.0,0.0054,0.0203,0.0004,0.8219,109.7,0
16,1.6888,0.4991,0.0537,0.1931,0.4873,0.0,27.9,0
6,1.5605,0.1492,0.1002,0.5869,0.0082,0.7347,10.6,0
7,1.4619,0.0564,0.2941,0.3372,0.2751,0.0965,59.2,0
10,0.8361,0.1912,0.0,0.0,0.1656,0.0,56.5,0
12,1.557,0.1008,0.0605,0.4567,0.0035,0.554,85.7,0
14,1.8393,0.0,0.618,0.5702,2.45,0.7893,-2.3,1
19,1.9158,0.0318,0.1454,0.0,0.7073,0.1548,-15.0,1
18,1.9081,0.3741,0.4867,0.1109,0.0089,0.0693,74.4,0
1,1.0978,0.0,0.1597,0.0,0.0117,0.0,109.2,0
10,0.5923,0.189,0.151,0.0,0.019,0.4989,92.6,0
14,0.8751,0.0,0.2866,0.4609,0.0014,0.6648,85.2,0
7,1.5642,0.0,0.1611,0.3022,0.1268,0.0,48.7,0
7,0.944,0.0,0.1351,0.0,0.7166,0.0,6.7,0
10,0.4547,0.0,0.3576,0.4542,0.0014,0.7891,42.2,0
10,1.8034,0.0,0.1922,0.4644,0.006,0.0,26.7,0
8,0.7589,0.3772,0.1255,0.4104,0.0014,0.9411,119.5,0
14,1.4275,0.1634,0.0,0.0,0.0063,0.2171,71.9,0
20,1.9481,0.8368,0.4712,0.0,0.8189,0.7328,-22.9,0
2,0.5401,0.2792,0.0,0.4746,0.223,0.0812,118.7,0
3,0.863,0.5654,0.0855,0.0,1.3272,0.0788,59.4,1
9,1.7958,0.3771,0.0201,0.5079,0.5659,0.4448,113.2,0
16,0.1868,0.0,0.0,0.0884,0.1464,0.0119,26.5,0
15,1.6547,0.4827,0.0002,0.5289,0.8389,0.7168,8.3,1
18,0.6579,0.124,0.2028,0.0,0.0537,0.4766,80.4,0
7,0.0011,0.542,0.5022,0.4055,0.1073,0.4202,76.6,0
13,1.249,0.0,0.0,0.0291,0.0183,0.938,10.9,0
19,1.3769,0.0,0.1176,0.233,0.5429,0.4351,-25.9,1
16,1.0861,0.0758,0.0,0.2153,0.0034,0.801,58.8,0
12,0.7845,0.3998,0.563,0.4453,0.1178,0.795,119.1,0
4,1.5968,0.0,0.0112,0.2859,0.6785,0.2739,53.5,0
3,0.974,0.1974,0.0,0.1252,0.0027,0.4617,87.6,0
7,0.0,0.0,0.0114,0.1418,0.0029,0.551,50.2,0
20,1.2358,0.2092,0.0,0.5908,0.4794,0.4765,1.9,0
18,1.1853,0.0,0.088,0.0,1.0444,0.3304,1.8,1
4,1.59,0.0,0.0271,0.2737,0.5789,0.7245,20.4,0
15,0.0,0.3659,0.1135,0.371,0.0014,0.9694,94.1,0
13,1.4318,0.4837,0.0007,0.0,0.0027,0.9431,-6.1,0
2,0.5999,0.3331,0.3545,0.0542,0.0372,0.0942,64.9,0
6,0.9528,0.0,0.269,0.1474,0.6707,0.4807,79.9,0
15,0.7203,0.1784,0.0097,0.0707,0.2532,0.0,45.9,0
8,0.2548,0.4589,0.0,0.1945,0.4256,0.2022,6.5,0
10,1.71,0.0,0.0803,0.4127,0.153,0.4915,55.4,0
14,1.0169,0.164,0.4366,0.0,0.1134,0.809,55.1,0
17,0.8339,0.5341,0.0,0.2756,0.0016,0.5336,92.7,0
11,1.8813,0.0279,0.0359,0.0,0.0006,0.5735,99.1,0
10,1.6938,0.0,0.0,0.5213,0.0747,0.9691,8.8,0
17,1.7097,0.1698,0.0371,0.234,0.3375,0.5442,-4.3,1
3,1.4618,0.2405,0.1414,0.0,3.1421,0.8929,-28.3,1
1,0.8207,0.7289,0.054,0.0435,1.7291,0.762,45.8,1
20,1.7989,0.0,0.0,0.0,0.0015,0.1754,106.8,0
18,1.4119,0.2758,0.0601,0.112,0.1013,0.2745,31.9,0
3,0.971,0.1964,0.0557,0.0341,10.0,0.7829,-0.0,1
11,1.7778,0.1601,0.095,0.0,0.0535,0.578,105.3,0
13,1.0827,0.0,0.04,0.0,0.0772,0.4876,20.7,0
5,1.2559,0.3138,0.6572,0.0468,3.5201,0.0816,15.5,1
6,0.1946,0.0942,0.0,0.5256,0.1257,0.2976,86.3,0
6,0.7237,0.1866,0.0,0.3336,0.1833,0.2062,101.0,1
9,0.0849,0.7236,0.0,0.0,0.0192,0.6983,58.9,0
12,1.9851,0.3097,0.0,0.1593,0.0027,0.3794,24.9,0
3,0.8133,0.1354,0.5423,0.3957,3.4099,0.0,33.9,1
20,1.2214,0.0925,0.0891,0.1036,0.15,0.4537,21.5,0
4,1.9432,0.1719,0.0,0.3412,0.0085,0.0,53.1,0
1,1.6058,0.3542,0.1784,0.495,0.0015,0.9678,82.0,0
5,1.3287,0.2919,0.0,0.1019,0.0075,0.8992,37.6,0
9,1.7123,0.512,0.0597,0.0,10.0,0.1473,-7.8,1
6,0.2135,0.2102,0.1289,0.4252,0.4669,0.0,-9.9,1
10,0.9364,0.1336,0.1224,0.5425,0.0148,0.7469,37.4,0
16,0.0,0.5695,0.0522,0.3523,0.1133,0.0,81.6,0
20,0.0,0.2058,0.0639,0.1916,0.0002,0.9372,29.8,0
16,0.0,0.052,0.0029,0.5824,0.0445,0.8325,13.7,0
8,1.4289,0.1009,0.0,0.3903,1.2292,0.0,47.6,1
9,1.1066,0.3286,0.3189,0.0,0.0005,0.6347,40.4,0
14,1.1649,0.2942,0.0,0.0,0.0137,0.6245,35.8,0
10,0.9507,0.0,0.0,0.3102,0.0148,0.873,35.6,0
19,0.1369,0.6454,0.0,0.3914,3.3215,0.5144,-14.5,1
20,1.1848,0.2885,0.0,0.4672,0.0026,0.1091,114.3,0
18,1.2949,0.0,0.0,0.1874,0.3466,0.2871,24.5,0
3,0.0,0.0,0.0677,0.0147,0.0038,0.4593,24.2,0
12,0.9692,0.0,0.0,0.4667,0.0008,0.5735,116.5,0
6,0.4167,0.2998,0.1508,0.3359,0.2019,0.5816,22.1,0
20,1.612,0.0,0.0,0.2782,0.1203,0.4296,97.1,0
20,1.6419,0.0,0.0,0.3606,0.0619,0.012,45.2,0
19,1.623,0.0,0.2832,0.0,3.924,0.7888,-18.5,1
13,0.9976,0.0793,0.0,0.0,0.1049,0.5434,11.2,0
1,1.6528,0.1554,0.0686,0.479,10.0,0.0,1.6,1
9,1.0251,0.1141,0.0,0.0,0.0059,0.249,60.2,0
7,0.7516,0.2607,0.5161,0.0,0.0194,0.4064,7.0,1
12,1.8306,0.0538,0.1338,0.0,0.3731,0.359,85.7,0
17,0.0,0.365,0.1146,0.1067,0.0053,0.6712,17.0,0
10,0.4699,0.3245,0.0,0.549,0.1698,0.2344,66.2,1
13,0.5496,0.3503,0.0017,0.0955,0.0003,0.5259,112.5,0
8,0.0,0.4474,0.117,0.0,10.0,0.6923,-17.8,1
13,1.6503,0.0,0.1106,0.0,0.002,0.2251,65.1,0
19,0.4761,0.0,0.2692,0.4333,0.0183,0.2255,68.2,0
15,1.0864,0.6351,0.0,0.4898,10.0,0.0,-18.2,1
1,0.6648,0.5625,0.0566,0.5196,10.0,0.3937,15.6,1
2,0.2301,0.4687,0.0,0.0,0.1126,0.4361,53.8,0
3,1.9725,0.4876,0.2137,0.3968,0.0806,0.3565,7.3,0
3,1.141,0.0,0.0964,0.2723,0.1019,0.3079,17.0,0
10,1.6047,0.3611,0.0934,0.5221,0.0511,0.9346,81.1,0
9,1.2162,0.0,0.0,0.4694,0.5093,0.1416,85.7,0
10,0.3632,0.4391,0.4918,0.0,10.0,0.0,-16.8,1
7,1.8211,0.1678,0.3078,0.1002,6.7643,0.5702,-2.8,1
20,0.4558,0.0,0.0786,0.0,0.0688,0.0789,61.2,0
1,0.6359,0.4939,0.343,0.0,0.0437,0.5364,52.2,0
2,1.4153,0.0,0.2269,0.0216,0.2578,0.0,109.9,0
8,1.6908,0.5444,0.0,0.07,0.0508,0.5516,119.6,0
2,1.1194,0.15,0.257,0.0,0.0007,0.779,110.1,0
13,1.0803,0.1553,0.2732,0.5022,0.0964,0.8242,107.2,0
1,0.9449,0.3993,0.0,0.0555,10.0,0.7147,-18.9,1
6,0.0,0.1463,0.0,0.0341,0.1024,0.5883,73.9,0
2,1.8945,0.0,0.0,0.2955,1.2379,0.1287,14.1,1
8,1.8668,0.2558,0.0438,0.0,0.0005,0.949,107.0,0
17,1.7328,0.0,0.1113,0.0,1.1156,0.4091,7.3,1
3,0.7221,0.0,0.2191,0.0,0.8711,0.3847,-24.3,1
12,1.5424,0.0,0.0,0.4901,0.0013,0.8082,29.2,0
11,1.093,0.0,0.0,0.4857,0.0222,0.8701,16.6,0
18,1.5088,0.458,0.0587,0.4215,1.1528,0.517,3.5,1
11,1.0058,0.1508,0.317,0.5193,0.0136,0.6348,9.2,0
19,1.6508,0.2008,0.0,0.0984,0.0005,0.8993,116.8,0
19,1.3478,0.2833,0.1246,0.072,0.0,0.9058,103.6,0
11,0.0215,0.0282,0.0,0.0,0.4777,0.7005,107.3,0
20,1.4409,0.2657,0.0755,0.0,0.0012,0.3214,54.2,1
17,0.9174,0.2448,0.0,0.0,4.9412,0.0,6.2,1
13,0.6325,0.2111,0.163,0.4727,0.0318,0.2074,7.6,0
3,1.9253,0.2884,0.171,0.1056,1.3276,0.3082,118.9,1
3,0.4487,0.0,0.3031,0.0,0.0458,0.4842,85.4,0
4,1.1558,0.0,0.0,0.0,0.0006,0.9411,74.3,0
4,0.9046,0.0084,0.1019,0.5547,2.7093,0.7677,15.7,1
7,1.4061,0.1313,0.0,0.129,0.2022,0.6423,-20.8,1
2,1.0307,0.2137,0.3427,0.0,0.1052,0.302,58.2,0
15,1.4275,0.0,0.2741,0.0,0.1286,0.8498,47.7,0
1,1.3834,0.189,0.3687,0.2819,0.8536,0.3981,61.7,1
10,0.7407,0.2855,0.0,0.0,10.0,0.0,3.6,1
7,1.2021,0.4725,0.3245,0.0023,1.2043,0.0,74.1,0
18,1.876,0.584,0.0,0.0,0.0008,0.7613,112.0,0
9,1.3964,0.1163,0.0,0.2767,0.0245,0.0981,35.3,0
18,1.6814,0.5952,0.1164,0.0014,0.0002,0.9787,6.3,0
10,1.4689,0.6213,0.0,0.1296,0.0003,0.8127,82.9,1
8,0.0,0.4843,0.0893,0.0,1.0051,0.3309,-4.2,1
7,1.4388,0.0,0.05,0.1864,10.0,0.0706,-27.4,1
10,1.1955,0.0,0.0,0.0875,7.7357,0.0,-0.8,1
15,1.043,0.4764,0.0,0.2545,0.0016,0.0,49.8,0
12,0.7057,0.0,0.1381,0.0,0.006,0.7442,67.8,0
3,1.9979,0.6135,0.0,0.3639,0.0265,0.5382,14.7,0
4,0.7633,0.3624,0.2624,0.0,1.1946,0.1096,29.0,1
5,0.5176,0.2657,0.0,0.5336,2.2083,0.0,4.3,1
8,0.4594,0.0,0.1706,0.0064,0.5557,0.4397,12.5,0
10,0.2867,0.0,0.205,0.0641,0.0006,0.7882,65.5,0
10,1.386,0.2585,0.0516,0.5427,0.277,0.7486,67.3,0
13,0.3499,0.4361,0.0,0.0762,0.0278,0.7137,112.0,1
20,0.0,0.0,0.1259,0.0,0.0009,0.9643,71.1,0
17,0.485,0.4328,0.3124,0.0679,0.0019,0.7913,81.3,0
4,0.5877,0.0,0.1852,0.0,0.0123,0.6168,106.8,0
14,1.2229,0.3103,0.0,0.0,7.0991,0.1843,-12.8,1
12,0.4382,0.0413,0.1569,0.3041,0.1379,0.6067,-27.3,1
10,0.8879,0.218,0.2706,0.4383,0.1846,0.6249,18.3,0
20,1.3794,0.0,0.0022,0.2923,1.1163,0.73,7.2,1
10,1.475,0.0,0.0,0.3402,10.0,0.7833,-19.8,1
20,0.5525,0.0,0.0,0.0,0.0055,0.2528,98.7,0
5,0.654,0.3975,0.0,0.2087,2.6267,0.0,15.0,1
15,1.2789,0.0,0.2219,0.3732,0.0307,0.0,79.0,0
10,0.8319,0.0,0.0,0.2777,0.0155,0.3626,91.0,0
1,0.1951,0.0,0.0,0.4532,10.0,0.3828,-28.8,1
17,1.001,0.2066,0.0,0.5247,0.1313,0.5217,-9.8,1
6,1.6471,0.283,0.0138,0.0,0.5553,0.482,26.5,0
14,0.0075,0.0952,0.0144,0.0,0.2085,0.3202,55.0,0
16,1.4329,0.0,0.1443,0.3098,0.0138,0.6775,115.6,0
16,0.8358,0.0,0.1457,0.0,0.0781,0.7074,108.7,0
5,1.0865,0.4173,0.0,0.4216,0.4875,0.0,113.0,0
13,0.0153,0.5497,0.0,0.4833,0.1904,0.0498,75.0,0
16,1.6726,0.0938,0.0,0.3689,0.021,0.2376,18.5,0
1,0.0,0.171,0.0126,0.0,10.0,0.0,37.5,1
14,1.4092,0.1236,0.0,0.0,0.0015,0.7501,17.9,0
13,1.8328,0.299,0.0,0.5504,5.8655,0.7532,-26.6,1
17,0.0,0.0,0.0365,0.4709,0.0085,0.6817,70.2,0
8,1.366,0.3993,0.0747,0.5082,0.0008,0.1938,116.9,0
16,1.7438,0.0603,0.4526,0.5497,0.001,0.7026,47.2,0
3,1.5597,0.1475,0.0,0.2758,0.0481,0.3377,53.7,0
7,0.9885,0.3758,0.0,0.5173,0.1132,0.8359,35.0,0
10,1.6167,0.3813,0.0,0.0,0.0007,0.9119,51.8,0
18,0.1967,0.0,0.1725,0.152,0.0346,0.5411,53.7,0
4,1.146,0.0,0.0,0.1744,0.0163,0.8596,43.1,0
1,0.2129,0.5434,0.3831,0.0427,0.1265,0.9144,114.2,0
1,0.8509,0.0,0.0,0.0,3.5838,0.4926,106.0,1
1,1.2973,0.198,0.056,0.4006,0.037,0.9304,13.5,0
4,0.4633,0.456,0.0,0.4001,0.0008,0.9085,117.7,0
17,1.8178,0.0945,0.2681,0.0,0.886,0.0312,32.3,1
1,1.9702,0.0,0.3973,0.0,0.0096,0.301,95.2,0
1,1.7672,0.0,0.0,0.5844,2.4867,0.1645,118.2,1
6,0.0,0.3074,0.0,0.4573,0.0031,0.1955,27.8,1
9,1.8054,0.0,0.0,0.3412,0.0986,0.0,34.7,0
4,0.1684,0.0,0.4292,0.268,0.0076,0.0054,68.4,0
20,0.3305,0.326,0.2042,0.0,0.0008,0.4828,113.4,1
6,1.5444,0.3477,0.1149,0.0375,0.0002,0.9148,62.1,0
1,0.3954,0.0,0.0129,0.0,10.0,0.8286,-13.5,1
8,0.7722,0.4118,0.0464,0.041,0.0875,0.0,114.6,0
2,0.2242,0.3979,0.0275,0.1476,0.0127,0.1638,108.4,0
3,0.0621,0.1975,0.3883,0.0,0.0206,0.1587,17.6,0
16,0.0,0.0,0.2717,0.0,0.1203,0.1365,16.0,0
20,1.2237,0.0,0.0378,0.0414,0.2685,0.068,18.4,0
16,0.9593,0.5634,0.1404,0.3416,0.0169,0.5751,94.3,0
14,1.2924,0.1414,0.0,0.5144,0.1115,0.2943,85.5,0
4,0.0119,0.3082,0.2522,0.0113,0.0154,0.0,32.9,0
17,1.592,0.0,0.0998,0.503,9.578,0.6165,0.9,1
13,1.0024,0.0,0.0354,0.5522,0.147,0.5054,8.3,0
15,0.2579,0.3542,0.2062,0.4942,0.1049,0.319,70.0,0
4,1.7738,0.5483,0.0,0.0,0.0109,0.8399,81.5,0
1,0.0,0.2041,0.286,0.0,1.312,0.4614,81.7,1
15,1.67,0.0,0.5559,0.0,0.1305,0.3652,109.9,0
13,1.1714,0.6652,0.0086,0.1838,0.0026,0.7184,79.0,0
2,1.6921,0.2714,0.0083,0.0,0.1577,0.6908,-0.1,1
5,0.181,0.3604,0.2328,0.2331,0.0278,0.8272,71.5,0
20,1.377,0.0126,0.0,0.1051,0.2955,0.1037,80.5,0
13,0.8401,0.081,0.0,0.0309,0.0003,0.6001,96.1,0
6,1.2094,0.1041,0.0,0.0,1.279,0.0,46.8,1
12,1.6543,0.0,0.0,0.0,1.5476,0.0811,-25.0,1
11,0.0,0.0,0.0,0.312,0.0242,0.4485,50.5,0
9,1.7577,0.1,0.1723,0.1849,0.265,0.7833,-14.2,1
11,0.8389,0.1986,0.0,0.1301,10.0,0.347,0.7,0
19,0.3915,0.1188,0.0,0.4691,10.0,0.037,-13.3,1
13,0.3236,0.0,0.0884,0.5459,0.0037,0.5404,23.9,0
11,1.2767,0.0,0.0124,0.0,0.0016,0.8234,16.8,0
19,0.0266,0.0695,0.236,0.5452,0.0094,0.6784,118.4,0
18,0.8224,0.2702,0.0,0.0,0.0429,0.1614,-26.0,1
20,1.4149,0.1058,0.6798,0.0,10.0,0.2424,-18.7,0
4,0.3264,0.2894,0.0,0.3921,10.0,0.7393,-6.4,1
17,0.4214,0.2251,0.1521,0.5942,0.0319,0.4025,78.7,1
16,0.3287,0.5144,0.4788,0.0,0.0022,0.8363,84.6,0
19,0.0,0.0,0.0,0.0606,0.0008,0.1581,105.5,0
4,0.0,0.211,0.0,0.3115,0.0683,0.658,61.8,0
18,1.7015,0.1728,0.2231,0.0,0.3721,0.1369,-5.3,1
6,1.5401,0.0897,0.1872,0.0,1.4483,0.3677,-16.8,1
7,1.507,0.0,0.5002,0.1442,1.2902,0.2684,32.5,1
18,1.3233,0.0,0.3014,0.0,0.0004,0.8085,54.9,0
16,0.0,0.0,0.0,0.5415,0.0052,0.4103,84.7,0
14,1.1049,0.0,0.1787,0.4622,0.0013,0.0,78.6,0
6,0.7972,0.0,0.2749,0.0,0.0008,0.6523,78.9,0
6,0.0,0.0,0.0,0.0,0.0076,0.8497,112.9,0
17,1.8414,0.1088,0.1899,0.3848,0.47,0.4463,-19.2,1
5,0.2622,0.0,0.0225,0.5596,0.2043,0.5706,60.7,0
20,1.7029,0.4495,0.0378,0.0,0.0008,0.6707,24.4,0
11,0.0,0.0,0.1895,0.4093,0.0098,0.3479,55.3,0
7,0.5855,0.0,0.0,0.0,0.0011,0.1126,65.6,0
12,0.3849,0.0,0.0,0.0,0.8586,0.2097,-10.4,1
6,0.9692,0.2321,0.4561,0.0,0.6347,0.0,107.6,1
16,1.6375,0.0,0.0381,0.4,0.0155,0.0927,54.1,0
12,1.1977,0.2191,0.0,0.1846,1.471,0.0,19.6,1
12,1.9855,0.4549,0.0,0.0,0.0022,0.0,75.3,0
7,0.3815,0.3847,0.1369,0.5607,0.0042,0.8988,10.5,0
2,0.0,0.5826,0.1208,0.1425,10.0,0.5241,-3.8,1
17,0.8427,0.3065,0.0,0.0,0.0011,0.7771,11.1,0
2,0.1634,0.0,0.0466,0.5893,0.6768,0.5272,116.7,0
18,0.79,0.418,0.0,0.0,0.0069,0.4378,26.0,0
3,0.4138,0.2387,0.6513,0.429,2.299,0.2303,114.9,0
12,1.5772,0.0,0.0,0.476,0.031,0.615,105.0,0
6,1.311,0.4864,0.0134,0.0354,0.3427,0.5823,80.1,0
10,0.9451,0.1732,0.3913,0.0,0.5056,0.2985,-15.6,1
11,1.1129,0.0,0.6919,0.2351,0.0028,0.697,85.4,0
13,1.0756,0.0,0.0,0.5815,0.5707,0.4942,33.5,1
12,1.7524,0.2496,0.1039,0.1752,0.457,0.8777,37.7,0
14,1.9917,0.0357,0.3086,0.0969,0.1112,0.2202,-28.3,1
13,1.99,0.0,0.0477,0.1045,10.0,0.4129,-2.0,1
7,1.1027,0.6127,0.3573,0.5778,0.0546,0.497,11.0,0
20,0.0162,0.0,0.0015,0.5812,0.462,0.3854,86.6,0
7,0.0,0.1707,0.0454,0.0,0.1566,0.0,18.8,0
16,1.656,0.3681,0.0,0.0,0.0198,0.9087,-22.3,1
19,0.0,0.0,0.0,0.126,0.0015,0.0,26.9,0
18,0.4736,0.0,0.2192,0.501,0.0272,0.8136,76.4,0
6,0.5728,0.0,0.0,0.2889,0.0005,0.3876,119.8,0
19,0.1935,0.1543,0.0,0.115,0.0041,0.3088,96.7,1
4,0.4852,0.0,0.295,0.2229,0.345,0.1115,12.9,0
20,1.9611,0.2134,0.1179,0.2498,1.3036,0.7955,-25.1,1
7,0.6123,0.4904,0.0813,0.4664,0.0514,0.6614,117.6,0
16,1.8688,0.0,0.5114,0.0,0.0011,0.0,115.0,0
12,1.1301,0.0,0.0,0.4545,0.1451,0.298,88.9,0
18,0.1393,0.15,0.2524,0.4198,0.0129,0.8891,101.0,0
16,1.7737,0.0,0.6879,0.0978,0.0066,0.1222,75.7,0
19,0.0,0.1783,0.3622,0.0,0.0272,0.1663,35.0,0
20,0.5821,0.0684,0.0,0.3277,0.0004,0.9301,22.5,0
17,0.0853,0.0421,0.2614,0.4206,0.6275,0.6699,26.8,0
14,1.5792,0.4115,0.6232,0.0545,0.0874,0.5277,67.4,0
9,1.7205,0.0326,0.2869,0.0,0.0483,0.1958,33.2,0
11,0.7855,0.378,0.3888,0.0826,0.0073,0.3707,100.2,0
8,0.9508,0.0,0.3164,0.0,0.0001,0.9484,77.8,0
4,0.0,0.6774,0.0,0.3596,0.0022,0.9558,72.8,0
5,0.4515,0.0,0.0,0.1395,0.0914,0.0,100.2,0
11,0.0,0.0496,0.2351,0.0,0.0014,0.8135,14.8,0
15,1.3958,0.0,0.0,0.0,0.2189,0.2316,44.8,0
20,1.7484,0.0,0.1635,0.0,10.0,0.0,-16.6,1
16,0.3249,0.519,0.0819,0.0562,0.0051,0.4533,81.4,0
5,0.2221,0.0952,0.0,0.5685,2.254,0.0,41.1,1
15,1.6856,0.0,0.5314,0.0,0.9009,0.5924,-24.5,1
17,1.3453,0.2077,0.0,0.4399,0.8,0.0,1.1,1
17,0.4591,0.4604,0.0,0.1744,9.3036,0.4878,-10.2,1
7,0.2306,0.0,0.0875,0.5296,0.0411,0.3214,52.1,0
7,1.3822,0.4279,0.3145,0.0521,0.007,0.4391,34.9,0
14,1.2663,0.2146,0.0,0.1564,0.0194,0.1338,91.9,0
7,0.0,0.0,0.0646,0.0,2.377,0.0447,48.6,1
16,1.0507,0.6256,0.0616,0.2278,0.0105,0.5388,17.1,0
3,1.1866,0.1195,0.1101,0.3929,0.0157,0.5747,12.7,0
14,1.0637,0.4842,0.0955,0.3941,0.0624,0.0353,80.0,0
12,0.4219,0.434,0.0,0.0,7.4454,0.6885,-20.0,1
17,0.6517,0.0,0.0,0.5712,0.0009,0.6634,65.2,0
19,0.7321,0.0,0.0,0.0121,0.2421,0.3949,101.0,0
1,0.2867,0.0,0.0,0.0,0.0669,0.7278,110.4,0
13,0.0,0.4821,0.1098,0.3077,0.1386,0.5561,28.3,0
16,0.8442,0.249,0.3773,0.5928,0.0178,0.1103,39.6,0
10,0.5132,0.3447,0.0,0.3459,0.6184,0.0625,32.5,0
11,1.8322,0.2341,0.0168,0.4663,0.0382,0.9408,0.9,0
18,0.0,0.0987,0.0,0.0,0.0551,0.0616,76.8,1
10,0.0938,0.0,0.0,0.0,0.0026,0.2223,72.1,0
3,0.0,0.302,0.0239,0.1741,0.5185,0.7066,-22.6,1
9,0.6695,0.233,0.1331,0.0027,0.2453,0.0727,104.4,0
17,1.0021,0.171,0.2029,0.3327,0.0013,0.6516,57.0,0
1,1.7613,0.395,0.2448,0.0547,4.4377,0.5441,1.8,1
4,1.2602,0.2937,0.0,0.5148,0.0049,0.1918,107.5,0
18,1.8971,0.038,0.0732,0.1775,0.6343,0.4888,34.2,1
9,0.6317,0.0695,0.2354,0.1674,0.0001,0.9429,114.1,0
1,0.5016,0.1313,0.0947,0.1102,5.0594,0.1351,106.1,1
2,1.1944,0.0,0.4005,0.3603,0.0236,0.9743,36.4,1
3,0.3792,0.2589,0.4773,0.0932,0.0575,0.9383,63.8,0
12,1.615,0.4845,0.1726,0.2412,0.5675,0.1057,119.0,0
2,1.1533,0.5517,0.0,0.0,0.841,0.8968,40.2,1
4,0.8364,0.0,0.3505,0.0,0.8663,0.4145,59.9,1
2,1.8815,0.0,0.0,0.0,0.2444,0.3434,97.3,0
13,0.3888,0.241,0.0,0.1512,0.1469,0.2721,52.3,0
16,1.8842,0.0,0.0313,0.3191,1.0354,0.1854,15.9,1
1,1.6191,0.0,0.0,0.2002,0.1755,0.3288,22.0,0
5,0.7419,0.0977,0.0,0.0,0.0581,0.9362,13.6,0
7,0.4853,0.2139,0.0,0.4085,1.527,0.0,27.5,1
1,1.2216,0.2824,0.0168,0.5288,8.0094,0.4927,44.5,1
19,1.9792,0.5607,0.0412,0.4076,0.018,0.1308,42.2,0
9,1.3081,0.281,0.2227,0.3757,0.2146,0.6343,55.5,0
3,1.6157,0.0,0.6465,0.2311,1.3243,0.3223,-22.1,0
13,1.6067,0.137,0.0629,0.5493,0.0406,0.3211,76.6,0
5,0.0015,0.0917,0.0,0.4819,0.1814,0.5068,-15.7,1
12,0.2077,0.7169,0.1038,0.5245,0.0042,0.6098,22.8,0
5,1.8723,0.2706,0.3812,0.0211,0.0015,0.0958,57.5,1
1,1.0456,0.2283,0.2081,0.3476,0.313,0.2353,50.3,0
13,0.8231,0.3497,0.6453,0.1627,0.335,0.627,-17.1,1
4,0.0968,0.0,0.0,0.0,1.6258,0.7913,-3.5,1
18,0.6271,0.0,0.2039,0.0,0.0754,0.0,98.3,0
10,0.8502,0.0,0.1671,0.0,0.7746,0.551,55.0,0
15,0.8466,0.1364,0.6702,0.0,0.1132,0.0111,-8.9,1
17,1.5337,0.1531,0.0,0.217,0.0024,0.8742,50.6,0
15,1.6601,0.2181,0.3277,0.0682,1.7445,0.6166,3.7,1
17,0.8085,0.208,0.3827,0.2602,0.0009,0.9372,56.5,0
9,0.4115,0.1805,0.0,0.5768,0.0639,0.7249,-16.9,1
2,0.3638,0.5932,0.0227,0.0,0.004,0.9443,25.8,0
5,0.5659,0.1753,0.3442,0.0,0.0543,0.451,15.2,0
11,1.4864,0.1881,0.4509,0.5805,0.0186,0.7978,7.6,0
3,1.9429,0.6926,0.0,0.4403,0.0064,0.1556,106.7,0
4,1.214,0.2169,0.124,0.0686,0.167,0.3023,57.5,0
11,0.4458,0.3768,0.0,0.2211,10.0,0.831,-10.4,1
4,0.6613,0.7774,0.101,0.3745,0.1775,0.9421,82.9,0
1,1.8209,0.1724,0.0,0.0,4.3857,0.5549,-13.1,1
5,0.0,0.0382,0.0,0.1457,0.1461,0.1679,33.0,0
8,1.2228,0.4752,0.0,0.0692,0.0056,0.9697,42.8,0
6,1.0066,0.0,0.0,0.0,0.396,0.2862,31.0,0
14,1.4048,0.2484,0.3897,0.2031,0.0113,0.5078,53.3,0
4,1.3149,0.351,0.0911,0.0,0.0351,0.3039,58.9,0
13,0.7682,0.2382,0.0162,0.5293,0.0288,0.2386,13.4,0
17,0.0,0.1929,0.0772,0.2623,0.0193,0.3324,67.6,0
5,0.0005,0.0,0.0,0.0,0.7306,0.8504,-23.5,1
13,1.9636,0.2871,0.023,0.5182,0.0023,0.6802,14.8,0
18,1.9368,0.0,0.4333,0.4145,0.5695,0.6099,52.8,1
19,0.1227,0.0,0.1246,0.0,0.0001,0.8209,97.0,0
2,1.3178,0.0,0.0183,0.0,0.7389,0.1051,15.4,0
9,0.0,0.3889,0.0,0.5324,0.0001,0.9126,102.3,0
15,0.9635,0.507,0.0,0.3551,0.7615,0.2746,70.1,0
15,0.7688,0.2699,0.2631,0.0,0.0029,0.9171,73.8,0
6,1.8076,0.0,0.2936,0.4316,10.0,0.0,-22.7,1
13,0.1374,0.0,0.0,0.0,0.1812,0.5744,44.5,0
9,0.802,0.08,0.0,0.0,0.8538,0.2167,42.5,0
19,0.9507,0.0,0.4713,0.5299,0.0015,0.7437,114.0,0
16,0.0323,0.0,0.0748,0.0737,0.0033,0.1686,52.1,0
20,0.2614,0.0,0.1965,0.0,0.0143,0.4633,16.5,0
2,0.0,0.4313,0.0,0.2297,3.7797,0.2443,56.7,1
1,0.5353,0.1367,0.1843,0.1453,10.0,0.0,-8.8,1
2,0.5506,0.0,0.0745,0.0,8.0737,0.6253,8.5,1
3,1.7451,0.0939,0.2768,0.0,0.1879,0.8965,-23.3,1
7,1.6202,0.0,0.0,0.0,0.11,0.1684,88.1,0
9,0.6383,0.1225,0.3332,0.3558,2.7304,0.4541,-25.0,1
16,1.3639,0.108,0.1173,0.5833,0.1832,0.8613,14.1,0
10,1.0032,0.3037,0.1666,0.0656,8.5381,0.1145,1.3,1
14,1.1744,0.2763,0.0828,0.0,0.1707,0.0828,-0.1,1
9,0.9339,0.0031,0.0542,0.0,0.0693,0.023,76.2,0
1,1.7544,0.0671,0.0129,0.0,0.0283,0.6317,108.3,0
13,0.6912,0.611,0.5111,0.2584,0.01,0.0908,98.5,0
12,1.799,0.0,0.0,0.0,0.0813,0.4992,3.5,0
5,0.2583,0.3963,0.5608,0.0,0.0247,0.0,42.0,0
13,0.5557,0.0,0.092,0.0,0.0218,0.6089,10.3,0
10,0.3407,0.4824,0.0636,0.5534,0.0005,0.4806,103.3,0
15,0.5827,0.5204,0.1907,0.4701,0.0009,0.8449,27.3,0
1,1.1615,0.2185,0.0079,0.4105,10.0,0.3225,-15.0,1
20,0.6498,0.2072,0.1907,0.4182,0.0046,0.8864,45.0,0
18,1.6559,0.2093,0.0209,0.0,0.0074,0.5428,115.3,0
12,0.277,0.082,0.0,0.156,0.0064,0.2225,51.4,0
5,0.9828,0.1295,0.2311,0.0,0.0054,0.6496,72.3,0
8,0.0,0.1956,0.0347,0.4893,0.004,0.9568,67.9,0
9,1.2318,0.0,0.0409,0.3203,0.0718,0.7439,50.8,0
19,0.3875,0.1128,0.0,0.0,0.3135,0.8743,-24.9,1
6,1.3927,0.3038,0.0,0.1255,0.0091,0.9195,19.7,0
6,1.8237,0.0829,0.0241,0.497,0.0061,0.1762,113.9,0
12,0.8389,0.4931,0.0,0.3264,1.3652,0.8807,-20.4,1
3,1.1053,0.0,0.3001,0.0,10.0,0.0771,10.9,1
19,0.9259,0.1355,0.0,0.4027,5.217,0.0273,-29.2,1
4,0.934,0.1275,0.1689,0.0,0.0005,0.8782,111.8,0
13,1.933,0.1518,0.0,0.0,0.0011,0.4759,50.4,0
20,0.1844,0.1967,0.3157,0.0134,0.1455,0.2826,23.5,0
15,0.6766,0.0,0.3057,0.0,0.0007,0.4857,71.2,1
12,0.838,0.0,0.0,0.5911,0.1833,0.117,79.9,0
18,0.307,0.1394,0.2407,0.0,0.0422,0.8869,10.9,0
5,1.7303,0.5498,0.0,0.0,0.0072,0.6934,94.4,0
6,0.0,0.08,0.0,0.0,0.0024,0.8098,36.4,0
19,0.0744,0.0683,0.0,0.4663,0.0831,0.0,-20.0,1
5,0.9421,0.4748,0.0682,0.0,0.0094,0.2311,51.9,0
20,0.4197,0.0,0.0461,0.5666,0.0659,0.3892,8.4,0
20,0.6978,0.0,0.1275,0.315,0.02,0.0,66.4,0
4,1.1239,0.1921,0.1789,0.4041,0.1311,0.0,39.4,0
6,0.106,0.0,0.0599,0.0,0.0265,0.746,-11.1,1
14,0.0,0.0,0.193,0.3218,0.0012,0.0,87.5,0
3,1.5099,0.0,0.0,0.0846,0.0092,0.4068,69.2,0
13,1.5999,0.0,0.0911,0.344,0.0693,0.0,65.2,0
5,1.6375,0.5231,0.0,0.2277,1.7151,0.5294,1.3,1
1,0.4866,0.0,0.0669,0.0,0.6751,0.4755,38.3,0
11,0.9987,0.1478,0.0,0.0,0.4214,0.5195,4.1,0
15,0.4955,0.1381,0.0171,0.3573,0.032,0.4308,92.3,1
7,1.7529,0.0,0.0,0.0,0.0045,0.3241,90.6,0
17,1.7713,0.286,0.1111,0.3683,0.0243,0.3132,44.4,0
15,1.9507,0.0,0.0,0.2898,0.1335,0.0482,-11.1,1
17,0.5431,0.0,0.0697,0.4744,0.0389,0.5374,115.8,0
2,1.7202,0.0,0.0,0.0,1.0768,0.0,116.4,0
16,1.5797,0.0,0.0926,0.5387,1.192,0.2302,0.2,1
2,0.3736,0.5987,0.0,0.0,1.0426,0.0,80.0,1
7,1.6168,0.2723,0.2091,0.0749,0.3029,0.5488,99.3,0
19,0.1219,0.0,0.3376,0.4673,0.0008,0.5767,98.7,0
7,0.209,0.2645,0.0,0.0754,0.2635,0.0476,-14.3,1
14,0.0,0.0693,0.0,0.1007,0.0679,0.3134,-13.4,1
10,1.6872,0.0,0.0,0.1088,0.0057,0.944,24.7,1
3,0.8329,0.0,0.8088,0.2025,1.1036,0.6182,42.4,1
20,1.2515,0.0,0.3262,0.3832,0.051,0.7029,27.5,0
20,1.2605,0.0,0.2751,0.4734,0.0051,0.4425,76.5,0
3,1.8351,0.0902,0.0462,0.0543,0.1711,0.3923,92.2,0
3,0.3719,0.0542,0.1364,0.0,0.4325,0.9295,35.9,0
5,1.3461,0.0,0.1855,0.2161,9.7003,0.5254,-11.7,1
17,1.6363,0.4193,0.1925,0.0919,0.0394,0.8167,41.1,0
9,0.7028,0.0,0.0,0.0,0.0036,0.0019,66.0,0
13,0.0,0.5659,0.0444,0.5113,1.248,0.833,-8.8,1
16,0.2321,0.1488,0.0863,0.0,0.2796,0.3796,1.4,0
17,0.4329,0.1905,0.0,0.4345,3.2296,0.3931,-7.1,1
10,1.9712,0.1722,0.0706,0.0,0.6297,0.9043,-5.7,1
2,1.6339,0.7939,0.1794,0.0,2.7602,0.0497,39.8,1
6,0.0,0.0814,0.0,0.0,0.5715,0.3542,78.7,0
16,1.6695,0.3233,0.1866,0.2976,0.1207,0.7776,111.2,0
7,0.7997,0.0,0.0965,0.4381,10.0,0.6109,-19.8,1
6,0.0,0.0,0.3728,0.4209,0.3114,0.7372,1.3,0
16,0.0864,0.0,0.0,0.2076,2.8498,0.0456,-10.9,1
4,0.3079,0.0571,0.0,0.451,5.4535,0.5984,-20.8,1
11,1.4111,0.0,0.3641,0.0895,0.073,0.2484,-13.8,1
16,0.0,0.0,0.0,0.259,0.0034,0.6265,73.5,0
20,1.0495,0.4034,0.0753,0.0,0.0005,0.7383,61.2,0
13,1.9908,0.2744,0.2467,0.0181,0.0031,0.0789,55.5,0
16,0.7217,0.0,0.0407,0.0,0.7726,0.082,-23.2,1
4,1.0493,0.5299,0.1609,0.484,10.0,0.4203,2.1,1
4,0.9444,0.5962,0.0882,0.0,0.0025,0.0,109.3,0
13,0.0,0.4557,0.2863,0.0,0.1156,0.3199,79.9,0
3,1.4185,0.1619,0.2764,0.3617,0.1981,0.8604,-20.0,1
14,1.8256,0.2149,0.0999,0.4788,0.0006,0.5695,86.0,0
17,1.7226,0.0,0.0,0.0,0.0844,0.0,51.1,0
18,1.8166,0.0,0.0,0.2598,0.0061,0.9733,-22.0,1
7,0.1931,0.0,0.1625,0.1056,5.7809,0.3225,-20.8,1
20,1.1686,0.0695,0.3709,0.0,0.1333,0.1018,4.1,0
5,0.0778,0.0,0.7691,0.2562,0.3447,0.9145,-6.8,1
9,1.2453,0.0,0.0445,0.1441,0.0402,0.224,51.4,0
9,0.036,0.0,0.0,0.2369,0.7875,0.6518,33.8,0
12,0.1037,0.2799,0.5017,0.0,10.0,0.3677,0.1,1
14,0.0236,0.2583,0.4026,0.5389,0.0029,0.5315,70.9,0
3,0.8164,0.1833,0.2204,0.0,0.0098,0.0445,85.7,0
12,0.0,0.4723,0.1521,0.0,0.0025,0.212,65.8,0
8,0.6041,0.0428,0.0,0.0,0.0088,0.2593,110.1,0
1,0.1011,0.1178,0.0196,0.3031,0.1225,0.497,71.8,0
3,0.0,0.1357,0.0,0.3602,0.4177,0.0,119.8,0
8,0.0,0.0,0.0,0.0,0.0639,0.9464,35.7,0
6,0.7012,0.0,0.0,0.3707,0.0026,0.6419,53.9,0
12,1.4901,0.0,0.2782,0.3684,0.0062,0.5277,86.4,0
18,0.2611,0.1808,0.0,0.1233,0.0107,0.4023,59.7,0
10,0.0,0.0611,0.2039,0.1155,0.0087,0.0547,58.9,0
3,1.9397,0.0,0.0202,0.4518,1.9478,0.7859,44.7,1
15,0.3531,0.1324,0.3853,0.0,0.0714,0.2825,14.2,0
18,0.3156,0.2391,0.0,0.1177,0.0116,0.4105,30.3,0
7,0.5619,0.1777,0.0915,0.0619,0.02,0.8483,33.5,0
15,0.7129,0.464,0.2971,0.0,5.4952,0.1094,-26.2,1
6,1.5685,0.5906,0.0785,0.0536,8.4375,0.7702,-24.9,1
8,0.0,0.0,0.0972,0.0,0.0115,0.7645,31.6,0
2,1.3827,0.3285,0.1442,0.287,0.0144,0.7029,84.1,0
20,0.0,0.2369,0.385,0.0,0.0411,0.8752,23.6,0
6,0.9472,0.5624,0.1197,0.2293,2.4674,0.2136,11.3,1
7,0.544,0.0,0.2558,0.5478,0.5233,0.4597,-9.4,1
12,0.0,0.2243,0.5021,0.0,0.0003,0.3806,92.4,0
8,1.7687,0.0,0.1133,0.0,0.0474,0.0553,65.2,0
3,1.5163,0.0469,0.0,0.1258,10.0,0.0913,-1.6,1
10,1.3451,0.0,0.0,0.0,0.3792,0.6028,-19.3,1
4,0.2595,0.6754,0.2659,0.1091,0.0226,0.9271,4.0,0
19,0.6152,0.0,0.0948,0.0,0.002,0.0463,75.6,0
15,1.8827,0.1958,0.0,0.2302,0.2533,0.287,28.0,0
12,0.0084,0.0,0.0882,0.0199,0.0007,0.1309,116.5,0
3,1.6443,0.0,0.1085,0.0,0.1949,0.4485,67.8,0
13,0.147,0.3912,0.1591,0.0,0.0008,0.9522,100.7,0
20,1.5726,0.3865,0.0,0.3462,5.0393,0.3349,7.4,1
16,1.2307,0.0769,0.0,0.3284,0.2514,0.5109,104.3,0
3,1.2788,0.3769,0.0,0.0,10.0,0.4543,8.8,1
16,0.5763,0.2993,0.1875,0.5258,0.039,0.1324,-19.6,1
17,1.3304,0.0,0.1861,0.1117,0.3741,0.0,106.7,0
7,1.2218,0.1791,0.2122,0.5238,10.0,0.4798,-4.0,0
2,0.4216,0.4187,0.2137,0.0,0.7583,0.7009,61.3,1
14,0.0,0.4448,0.6582,0.4082,0.137,0.3952,71.3,0
14,1.5678,0.0354,0.0,0.5849,0.0048,0.8296,93.9,0
17,1.9072,0.7677,0.0,0.0433,0.0007,0.9226,77.1,0
2,0.7446,0.1046,0.2534,0.4545,10.0,0.4098,-20.4,1
1,1.2643,0.383,0.1993,0.0,0.6122,0.3817,53.9,1
18,0.7126,0.2327,0.1751,0.264,0.3276,0.1837,73.9,0
15,0.0,0.1787,0.0356,0.3642,0.5139,0.1705,10.7,1
13,0.173,0.0,0.4247,0.0,7.8298,0.4117,-4.7,1
8,1.6552,0.0,0.2338,0.0072,0.2037,0.5133,5.2,0
2,0.5991,0.0,0.1307,0.2257,0.2974,0.378,93.2,0
18,1.5836,0.1409,0.0023,0.0,10.0,0.195,-22.7,1
9,0.3325,0.3638,0.0,0.0,0.0009,0.0,102.3,0
8,0.3207,0.0,0.0894,0.0,0.0014,0.4324,108.7,0
15,0.3985,0.0569,0.2229,0.1904,0.0176,0.8445,59.2,0
11,0.0,0.0812,0.0,0.0,0.004,0.0,75.2,0
12,0.5567,0.7351,0.448,0.1974,1.4198,0.0126,88.1,1
17,0.3066,0.6052,0.4133,0.0,0.0004,0.8626,119.4,0
19,0.8643,0.2048,0.1137,0.0,0.0292,0.9535,36.1,0
19,1.8337,0.0,0.0462,0.1988,0.1542,0.7113,5.1,0
3,1.3958,0.0,0.0,0.149,0.0036,0.0505,52.8,0
15,1.2,0.0,0.3776,0.0,0.0088,0.0666,37.2,0
6,1.4479,0.0,0.0274,0.4021,0.0085,0.5354,12.0,0
11,1.6201,0.0,0.1783,0.4347,0.171,0.0,23.9,0
11,0.5691,0.0,0.1314,0.4518,0.0079,0.9335,-6.6,1
9,0.1828,0.556,0.5966,0.0,0.0725,0.1696,70.7,0
18,0.0136,0.1821,0.1334,0.4087,0.0046,0.2596,47.9,0
13,0.6073,0.479,0.023,0.0,0.0014,0.4496,41.2,0
3,0.7777,0.2705,0.0,0.5881,0.1062,0.7746,94.7,0
20,0.4531,0.0747,0.0125,0.5744,0.0024,0.9767,16.0,0
1,0.0,0.0,0.1552,0.2919,0.4807,0.0,10.2,0
2,1.2973,0.0,0.0,0.4386,10.0,0.4273,-21.2,1
20,0.0,0.1538,0.0543,0.156,0.0202,0.4158,9.7,0
17,1.6083,0.0582,0.2905,0.1546,0.0834,0.2158,81.5,0
9,1.6812,0.0388,0.2451,0.5375,0.0169,0.7411,2.4,0
4,0.0,0.0,0.2051,0.0,0.0436,0.5525,64.8,1
13,0.1638,0.0,0.2646,0.5971,6.8427,0.7025,2.0,1
11,1.9642,0.0285,0.1619,0.0177,0.2661,0.8147,22.3,0
14,1.3269,0.1444,0.4528,0.1744,0.0305,0.9171,72.5,0
17,0.6201,0.3589,0.2425,0.425,0.0016,0.9133,57.3,1
9,0.5834,0.4759,0.0,0.4911,0.2459,0.1521,105.8,0
19,0.8894,0.2901,0.0,0.0,10.0,0.0,-1.0,1
15,0.8493,0.2127,0.0,0.0,0.0022,0.0158,114.4,0
6,1.3684,0.0958,0.0,0.0,0.1108,0.8813,101.9,0
2,0.9436,0.1506,0.1843,0.368,1.8292,0.5947,87.9,1
3,1.3625,0.4226,0.4654,0.0,0.5483,0.0439,40.8,1
1,0.6528,0.0,0.4375,0.0,0.5621,0.348,91.8,0
8,0.0,0.3837,0.0,0.0,0.7241,0.0,20.5,0
16,0.4235,0.0,0.1053,0.0,0.0669,0.0247,55.9,0
15,0.6871,0.4812,0.0,0.1579,10.0,0.0728,-10.8,1
2,0.7386,0.0,0.3404,0.5245,0.085,0.8556,90.5,0
8,0.0,0.3815,0.0579,0.1154,0.0717,0.0894,29.8,0
19,0.3111,0.0449,0.4272,0.0,0.0001,0.9406,92.2,0
10,1.1885,0.0349,0.0,0.0,0.1605,0.918,-13.2,1
3,1.9748,0.1557,0.3487,0.3985,0.4246,0.3387,89.9,0
5,0.5159,0.0,0.0,0.431,0.11,0.9622,53.1,0
1,0.0473,0.0,0.0759,0.0,0.0717,0.0,90.0,0
13,0.0,0.2268,0.2579,0.4455,0.0027,0.3284,112.3,0
9,1.5659,0.3394,0.0,0.0,0.0012,0.1644,111.1,0
2,1.6866,0.0334,0.2209,0.0,0.0602,0.9695,31.3,0
2,0.934,0.0,0.0,0.1311,10.0,0.1765,11.5,1
6,1.5066,0.5737,0.1249,0.3738,0.9299,0.1321,28.6,1
14,0.7942,0.0529,0.0,0.4309,0.0615,0.0,62.7,0
5,1.1172,0.3441,0.2978,0.3264,0.0592,0.3352,74.7,0
19,0.8049,0.1255,0.2074,0.0,0.0026,0.012,48.8,0
16,1.8745,0.2047,0.0477,0.5557,1.455,0.2939,-10.5,1
11,0.6867,0.0,0.2804,0.0,0.0012,0.7788,51.0,0
17,0.8456,0.0,0.0,0.0987,0.0423,0.0,86.5,0
6,1.3428,0.0,0.0,0.1787,0.8811,0.758,-5.5,1
5,1.7345,0.1287,0.0894,0.0,10.0,0.4243,1.7,1
15,1.1361,0.3031,0.0,0.4631,0.0024,0.2226,93.7,0
5,1.9797,0.6746,0.0,0.0,0.1558,0.4689,52.6,0
12,1.9092,0.5241,0.3762,0.2656,0.1855,0.6503,114.8,0
10,0.0895,0.0,0.0,0.0,0.102,0.1468,46.2,0
9,1.9446,0.0,0.1343,0.2586,1.7614,0.0,20.8,1
15,0.6149,0.1866,0.6152,0.0,0.5921,0.4371,35.3,0
7,1.9203,0.1296,0.0,0.2424,0.0006,0.8802,85.1,0
8,0.7394,0.0,0.0,0.1429,0.1193,0.0406,98.7,1
18,0.8545,0.1849,0.3068,0.56,0.0004,0.4779,70.0,0
19,1.2538,0.2946,0.3225,0.063,10.0,0.0356,-21.7,1
14,1.9863,0.6124,0.0954,0.249,0.0003,0.3455,116.1,0
11,1.9041,0.3296,0.1931,0.0763,0.4561,0.6283,71.7,0
9,1.03,0.4529,0.036,0.4702,0.2757,0.5574,117.6,0
19,0.3673,0.0,0.0,0.0,0.3657,0.2999,94.8,0
6,1.4786,0.0,0.0,0.2351,0.3061,0.5201,96.1,0
20,1.1482,0.0,0.0628,0.1921,0.3598,0.0,72.0,0
2,1.5598,0.1752,0.1727,0.3148,6.938,0.414,-6.6,1
9,0.3124,0.0,0.4813,0.0387,0.0913,0.8951,-1.6,1
14,0.6587,0.0,0.5128,0.1526,0.0006,0.8402,104.4,0
14,0.985,0.0,0.5402,0.3018,0.0123,0.685,48.2,0
13,0.1391,0.0,0.1096,0.2706,0.11,0.3527,26.7,1
17,0.0,0.0,0.0858,0.5811,1.8429,0.1308,-21.7,1
4,1.8478,0.1437,0.0,0.0321,0.2188,0.0944,77.1,0
10,0.8018,0.0,0.015,0.0,0.0013,0.4508,64.7,0
2,1.4693,0.4175,0.117,0.1361,0.1709,0.446,10.0,0
12,0.3563,0.1376,0.0829,0.0334,0.0024,0.7306,8.2,1
5,0.4015,0.5042,0.0782,0.1555,0.1645,0.0847,21.2,0
16,0.701,0.1101,0.0281,0.0,0.1757,0.2853,-8.1,1
1,1.4866,0.0,0.2476,0.0683,6.5281,0.1892,99.9,1
1,0.9419,0.0895,0.0546,0.0,3.3668,0.5606,57.1,1
17,0.1208,0.4269,0.0851,0.0904,0.4774,0.4722,63.9,0
10,0.2627,0.0512,0.0529,0.5175,2.5928,0.0548,-10.3,1
3,1.2488,0.756,0.0,0.101,0.0123,0.8544,108.2,0
17,0.0,0.14,0.0063,0.5421,0.0028,0.6903,99.1,0
8,1.7206,0.1233,0.0266,0.2302,0.012,0.9609,45.0,0
17,0.2954,0.0093,0.0574,0.0949,0.0102,0.7831,9.0,0
20,1.1319,0.3683,0.0,0.0,0.074,0.3433,55.2,0
10,1.0162,0.1769,0.0,0.3994,0.0009,0.8706,61.2,0
20,0.5895,0.1592,0.0,0.1676,0.0108,0.3089,46.5,0
5,0.0,0.353,0.2308,0.5899,0.5065,0.5302,48.9,0
4,1.3948,0.0842,0.05,0.2674,0.0972,0.428,115.5,0
10,0.0175,0.2781,0.0,0.1127,1.3603,0.7508,-17.2,1
4,0.0,0.234,0.0,0.2737,1.0538,0.305,118.1,1
13,0.8823,0.0,0.0834,0.0,0.3513,0.3729,-27.9,1
2,0.1351,0.056,0.0047,0.0,0.3987,0.4993,113.5,0
12,0.484,0.129,0.3167,0.3945,0.0859,0.5489,48.7,0
13,0.0,0.0,0.1769,0.4393,0.3021,0.0,1.6,0
8,1.0844,0.0,0.0398,0.1785,0.0179,0.8119,66.8,0
3,0.59,0.1088,0.1954,0.0,1.8015,0.0107,22.9,1
6,0.4745,0.1534,0.0,0.0,0.0437,0.0678,119.0,0
17,0.4065,0.0,0.1422,0.0,0.0096,0.8775,84.2,0
1,0.4557,0.2269,0.0,0.4109,0.4667,0.4805,-13.9,1
16,0.0718,0.0,0.2588,0.0,0.8887,0.3023,-16.8,1
10,1.9413,0.1396,0.0,0.0,0.1668,0.2875,53.3,1
9,1.2302,0.4908,0.2447,0.0,1.2504,0.3168,-20.2,1
2,1.5902,0.0,0.1009,0.0,0.0776,0.8628,-12.4,1
17,1.5101,0.3533,0.0253,0.358,0.0098,0.0,96.5,0
3,0.2971,0.0,0.3421,0.0,0.0198,0.6745,8.1,0
18,0.3051,0.0,0.0,0.2883,0.043,0.5603,58.6,0
5,1.9672,0.1551,0.0,0.0,0.0124,0.473,26.6,0
12,0.9341,0.0,0.0,0.5343,4.72,0.7192,-5.4,1
19,1.0411,0.0,0.0,0.498,0.7794,0.4377,-25.7,0
16,0.401,0.1053,0.0,0.0,2.5164,0.0,5.1,1
12,1.7745,0.3442,0.0,0.1465,0.6664,0.5265,32.3,1
17,1.0714,0.0891,0.0149,0.4685,0.129,0.4966,100.8,0
3,0.6583,0.1927,0.3704,0.1209,0.426,0.4475,46.5,0
13,1.9239,0.2339,0.6456,0.0,0.0882,0.0886,104.2,0
9,1.6536,0.214,0.0,0.0,0.0079,0.0,58.7,0
15,0.2472,0.3181,0.3806,0.0,0.0137,0.6373,14.9,0
10,0.0219,0.1743,0.1296,0.0114,0.0866,0.8088,47.2,0
13,0.1567,0.4113,0.0,0.4989,0.5227,0.4334,25.2,0
5,0.0294,0.5718,0.5814,0.0,0.5929,0.7934,19.0,0
16,0.7284,0.0622,0.0215,0.0079,0.0025,0.4731,9.1,0
9,0.6464,0.2705,0.0,0.5744,10.0,0.5908,-28.4,1
19,0.2104,0.2341,0.2377,0.0,0.0015,0.1528,88.4,0
14,1.2917,0.6334,0.5993,0.167,0.0085,0.3076,116.7,0
12,0.1072,0.1,0.0118,0.3539,10.0,0.5793,-5.5,1
3,1.1866,0.0,0.3422,0.4402,7.9616,0.1316,86.9,1
17,0.9392,0.1185,0.0,0.4175,0.1437,0.0,88.8,1
13,1.1054,0.0,0.1072,0.0,10.0,0.4527,-12.3,1
13,1.7872,0.0926,0.0502,0.0,0.2541,0.0003,94.3,1
4,0.3186,0.3869,0.0,0.509,0.0066,0.6216,36.1,0
14,1.6017,0.294,0.4055,0.0,0.0024,0.2724,27.9,0
5,0.0,0.2033,0.1504,0.4234,0.6953,0.6782,17.1,0
5,1.249,0.435,0.0555,0.0,0.0389,0.743,45.5,0
17,0.4325,0.0,0.4256,0.0,0.004,0.0,23.7,0
15,1.9554,0.337,0.028,0.0,0.0452,0.1172,75.5,1
2,0.4939,0.529,0.2339,0.0,0.1797,0.7919,87.0,0
19,0.4789,0.0,0.4719,0.0,4.7859,0.5443,-10.2,1
2,0.9682,0.0,0.0,0.0,0.022,0.5122,94.8,0
20,0.3007,0.2071,0.0994,0.0,0.0,0.9794,46.9,0
14,0.2877,0.4818,0.0089,0.3863,5.9327,0.4975,-25.7,1
8,0.4006,0.0,0.3222,0.3294,0.088,0.5484,82.1,0
4,0.0,0.0,0.0125,0.3752,0.4253,0.4052,-9.0,1
7,1.0535,0.0,0.0,0.2258,10.0,0.3117,-20.7,0
17,1.2245,0.0423,0.0414,0.4354,0.001,0.0713,50.8,0
5,0.3786,0.0958,0.0,0.268,0.4993,0.0,-4.2,1
11,0.0,0.071,0.0,0.0,0.0014,0.7252,31.0,0
18,1.0617,0.0,0.0046,0.3001,0.0473,0.0683,108.2,1
13,0.2071,0.3316,0.0,0.383,0.7583,0.2222,92.1,0
2,1.7117,0.4194,0.0,0.394,0.2005,0.2487,28.3,0
8,0.8175,0.0,0.3455,0.1429,0.0014,0.9419,112.1,0
19,0.5529,0.3802,0.2675,0.4563,0.4138,0.7096,-29.7,1
3,0.1317,0.2687,0.1729,0.1075,0.1613,0.5937,67.9,0
4,0.0,0.0,0.5569,0.0,0.0502,0.6802,54.8,0
1,1.1869,0.4744,0.1063,0.0,0.3998,0.8878,86.0,0
14,0.2751,0.2534,0.09,0.0,0.0002,0.9034,53.6,0
15,0.5954,0.2257,0.0,0.0,0.0001,0.7524,118.2,0
15,0.8009,0.2164,0.0,0.0932,10.0,0.5101,-0.2,1
11,0.4585,0.0,0.1767,0.0,0.0239,0.0,34.7,0
12,0.0,0.0,0.1067,0.0,0.0011,0.094,85.6,1
13,0.9578,0.0,0.0016,0.0774,0.0362,0.7118,-16.4,1
17,0.6761,0.2095,0.0342,0.3257,0.0026,0.7484,114.1,0
16,0.7872,0.0,0.0493,0.0,1.6552,0.8859,-11.0,1
12,1.8794,0.0778,0.0228,0.0337,0.0094,0.8475,110.8,1
3,0.0,0.4615,0.3156,0.1264,0.253,0.565,-9.7,1
19,0.1019,0.0,0.2413,0.5196,0.0279,0.5074,55.9,0
2,0.8221,0.0,0.0,0.3581,10.0,0.0492,-17.9,1
14,1.086,0.459,0.0,0.0,0.115,0.7146,-17.3,1
18,1.1573,0.0,0.0559,0.0,0.0457,0.7181,74.2,0
2,0.6464,0.2435,0.4922,0.5959,6.7799,0.0,6.9,1
8,0.0,0.4279,0.4204,0.0994,0.0123,0.6027,110.4,0
7,0.3718,0.0683,0.0,0.3413,10.0,0.2451,-15.6,1
4,1.789,0.0,0.0,0.562,1.2335,0.3887,-27.5,1
11,0.1541,0.0,0.0,0.1253,0.0003,0.7635,61.6,0
10,0.0907,0.2767,0.0,0.4688,0.5903,0.5062,2.6,0
9,0.5566,0.1086,0.0001,0.3125,0.4135,0.565,90.8,0
5,0.0145,0.1677,0.3812,0.0454,0.0313,0.1373,93.0,0
10,1.2231,0.0,0.0,0.0,0.1943,0.0442,114.1,0
10,0.8524,0.3902,0.019,0.0,4.4511,0.6836,-9.5,1
3,1.4318,0.7564,0.5072,0.2771,0.0019,0.6824,69.4,0
13,1.7727,0.5517,0.064,0.0,0.0118,0.2402,80.1,0
19,1.2865,0.3996,0.0421,0.5611,0.0006,0.9016,6.6,0
12,1.4789,0.2713,0.0,0.0465,0.0438,0.5926,-7.3,1
2,0.8441,0.1191,0.291,0.1349,1.5543,0.0,63.9,1
16,1.3374,0.0,0.0,0.0,1.39,0.0,4.2,1
4,1.5605,0.0728,0.3514,0.2595,1.1256,0.3263,83.5,1
6,0.6218,0.3863,0.0,0.0,0.1477,0.0774,56.1,0
13,0.0708,0.0,0.1981,0.2822,0.145,0.4884,-14.9,1
8,1.4594,0.0,0.0,0.4419,0.0145,0.8378,7.3,0
2,1.7721,0.0,0.2924,0.1109,0.1737,0.2733,-12.7,1
8,0.9481,0.1938,0.3962,0.2228,0.0116,0.8335,44.5,0
5,1.5555,0.0,0.0,0.0227,0.1236,0.0,-2.7,1
7,1.7306,0.0,0.0,0.0943,0.0843,0.4562,91.3,0
7,0.5,0.3114,0.0,0.3994,0.8485,0.0,-23.1,1
3,1.5471,0.1064,0.2348,0.2219,0.8297,0.584,80.5,1
15,1.1838,0.0,0.1627,0.1134,0.0006,0.2464,110.4,0
1,0.0975,0.2495,0.0,0.5997,0.368,0.4519,6.6,0
18,1.6157,0.0,0.5219,0.0,0.2554,0.0,101.1,0
11,1.3562,0.0,0.1112,0.0,0.2941,0.7715,81.0,1
5,0.1522,0.0,0.0,0.3788,0.0226,0.6194,41.8,0
3,0.1749,0.5597,0.683,0.5708,0.0072,0.6471,25.2,0
2,0.9776,0.5196,0.0,0.0679,0.065,0.8084,102.0,0
13,1.0476,0.0,0.339,0.2952,0.5921,0.5711,3.2,0
3,1.0687,0.2237,0.0,0.5592,1.3835,0.8971,4.9,1
8,0.566,0.1321,0.2098,0.0,0.0086,0.0376,45.1,0
5,0.4769,0.0626,0.0583,0.501,0.0421,0.4119,31.3,1
19,1.0898,0.2876,0.1254,0.3366,0.0077,0.1154,18.7,0
18,1.3643,0.2324,0.0,0.3779,0.0352,0.4869,79.1,0
12,1.0176,0.1975,0.1285,0.0,0.3935,0.1762,20.1,0
4,1.4186,0.0,0.0,0.146,1.2534,0.204,73.5,1
20,1.7742,0.2341,0.0,0.0,0.2868,0.0584,-11.1,1
16,1.1249,0.0,0.0733,0.0,0.0134,0.7102,61.8,0
11,1.6422,0.1869,0.1921,0.3207,0.1482,0.4525,61.4,0
4,1.993,0.1743,0.2009,0.1377,0.6231,0.221,27.6,1
9,1.3104,0.8021,0.0861,0.2631,2.0271,0.2659,-2.5,1
6,0.4532,0.2195,0.0,0.4077,0.013,0.8882,116.9,0
20,1.7901,0.3762,0.0,0.0827,0.0649,0.7353,32.3,0
19,1.9344,0.053,0.1085,0.4592,0.0016,0.9682,83.5,0
20,0.0,0.4542,0.4639,0.0449,0.1902,0.1699,12.4,0
6,0.7411,0.7348,0.4389,0.0748,4.7224,0.2565,37.2,1
6,0.8926,0.0,0.0768,0.2895,0.0209,0.5802,95.3,0
9,0.2717,0.2466,0.0,0.0695,0.0049,0.6943,53.0,0
6,0.2365,0.2447,0.0,0.0,0.4014,0.5512,66.5,0
12,1.0874,0.0,0.2631,0.4684,0.0006,0.8731,84.1,0
19,1.1419,0.0,0.021,0.0,0.1562,0.5968,62.4,0
18,1.3851,0.3236,0.0,0.1684,0.0101,0.6349,2.5,0
11,0.6491,0.6925,0.0,0.0,0.0283,0.8763,116.9,0
3,1.1777,0.1051,0.0,0.3566,10.0,0.1576,-18.0,1
16,0.1277,0.1953,0.1871,0.2426,0.0019,0.7036,113.5,0
4,1.1337,0.0,0.0,0.0,10.0,0.1535,-7.0,1
16,0.3983,0.3008,0.1602,0.2796,0.0043,0.4386,68.4,0
6,0.0,0.1389,0.0317,0.5798,0.3442,0.0,3.5,0
7,0.409,0.5274,0.1297,0.1769,0.0017,0.1761,78.4,0
1,1.1671,0.4734,0.1098,0.3647,0.2725,0.9027,92.2,0
11,0.304,0.193,0.0,0.0,0.0976,0.0634,112.7,0
7,1.5602,0.5139,0.0775,0.0,5.5037,0.0041,-28.0,1
20,0.7967,0.4445,0.0,0.0,0.0014,0.2309,34.4,0
12,1.9608,0.0857,0.0,0.0373,0.4305,0.7788,-1.7,1
17,1.5111,0.3195,0.0,0.4811,0.6843,0.8082,-15.4,1
20,0.5059,0.2049,0.0664,0.5199,0.0536,0.1122,-16.4,1
17,1.933,0.0,0.0572,0.4289,0.016,0.8762,99.4,0
7,0.031,0.0,0.4281,0.4356,0.1091,0.4646,108.1,0
12,1.6655,0.0255,0.3238,0.4623,10.0,0.0659,-24.2,1
6,1.4247,0.0,0.0,0.0,0.0006,0.7159,77.2,0
3,0.0,0.0141,0.0378,0.4048,10.0,0.0,-2.6,1
11,1.3362,0.2516,0.144,0.4286,10.0,0.5823,-26.7,1
8,0.0,0.1793,0.0,0.0312,0.0019,0.8585,8.8,0
7,1.0947,0.1686,0.3287,0.3759,2.4997,0.2762,1.7,1
14,1.8467,0.0,0.0997,0.0,0.004,0.7242,92.0,0
19,0.2823,0.6284,0.4255,0.4417,0.8903,0.5562,50.9,1
19,1.9957,0.0579,0.0684,0.4741,0.0029,0.8748,76.9,0
10,0.1773,0.0,0.0197,0.2996,10.0,0.2581,-16.8,1
20,0.9291,0.3661,0.0,0.5413,0.0016,0.775,62.8,0
13,1.1561,0.0,0.0,0.4128,0.228,0.0,-26.0,1
10,0.0163,0.0,0.1358,0.1914,1.4148,0.5042,-29.0,1
11,1.3742,0.2498,0.0812,0.1971,0.0317,0.0859,86.6,0
6,1.9715,0.398,0.0128,0.2165,0.0021,0.7181,79.2,0
10,1.5945,0.2429,0.5284,0.0,1.1237,0.3781,-16.5,1
19,1.493,0.2264,0.0,0.0,0.0507,0.7019,88.8,0
6,1.6564,0.2168,0.1198,0.1593,0.0122,0.1278,114.3,0
12,1.2447,0.0,0.0286,0.0,0.0026,0.0,36.9,0
16,0.0,0.1944,0.327,0.0,0.0194,0.902,-4.5,1
19,0.6478,0.5643,0.0,0.2854,0.0925,0.0751,38.8,0
17,1.7035,0.5065,0.2618,0.1986,0.0028,0.4475,73.8,0
4,1.6229,0.0,0.1683,0.0,1.67,0.834,-5.1,1
17,1.4537,0.2009,0.268,0.1836,0.0189,0.499,103.2,0
14,0.477,0.0,0.0,0.0948,4.9616,0.8885,-1.9,1
3,0.8713,0.8688,0.0325,0.1662,0.098,0.0338,36.6,0
2,0.0,0.4268,0.0558,0.0,0.7804,0.0872,105.8,1
8,1.1339,0.5,0.0,0.2606,0.0024,0.1672,67.6,0
13,0.2532,0.1746,0.0,0.0,0.0011,0.5177,66.5,0
19,0.3532,0.3472,0.3531,0.0,0.0161,0.2185,11.0,0
4,1.0629,0.1241,0.0,0.2005,0.1605,0.7864,59.2,0
4,1.3838,0.283,0.1464,0.0,0.0031,0.0446,59.9,0
4,1.8304,0.5426,0.1432,0.2522,1.1924,0.0,89.1,1
15,1.8572,0.4789,0.0594,0.0,0.089,0.5218,96.4,0
13,0.0288,0.1259,0.0952,0.0,0.0013,0.3385,83.3,0
4,1.3371,0.0,0.0961,0.0716,0.1709,0.2954,48.7,0
14,0.9934,0.0,0.0967,0.0,10.0,0.014,-13.5,1
11,1.8708,0.1191,0.0,0.3718,0.0519,0.5214,-19.7,1
3,1.9512,0.2072,0.3989,0.3156,1.1561,0.8138,10.3,1
14,1.157,0.0298,0.0,0.2502,0.0174,0.7285,38.8,0
6,1.6218,0.345,0.1287,0.389,0.6311,0.7836,-4.6,1
5,0.4979,0.2123,0.7229,0.495,0.077,0.2579,69.8,0
17,0.9956,0.0696,0.6404,0.3243,3.7136,0.4987,6.5,1
14,1.033,0.3473,0.0,0.4758,0.0457,0.214,76.0,1
11,0.0,0.1434,0.4517,0.0,0.0102,0.331,101.1,0
6,1.2294,0.0,0.1334,0.0,0.0008,0.2538,75.4,0
14,0.8996,0.4499,0.0,0.3653,0.0058,0.4026,28.9,0
1,1.4871,0.3725,0.1261,0.0,0.0203,0.0137,37.7,0
7,0.1765,0.0,0.2194,0.4162,0.0054,0.4177,115.1,0
5,0.0,0.3177,0.0,0.3246,0.2904,0.7543,43.2,0
5,1.6135,0.5411,0.0,0.5425,0.0404,0.1476,81.6,0
5,0.0,0.5092,0.0593,0.0,0.0206,0.0391,21.4,0
9,0.1143,0.0,0.4349,0.0,0.0033,0.2065,106.1,0
9,1.3321,0.0,0.0,0.3296,0.1839,0.104,-1.3,1
16,1.602,0.3877,0.6723,0.0,0.0005,0.7551,96.3,0
4,0.8049,0.0601,0.0103,0.1361,0.8529,0.2367,3.0,0
13,1.24,0.1145,0.0729,0.1829,0.0539,0.8627,73.5,0
18,0.0,0.0,0.0076,0.3378,0.3129,0.1485,15.1,0
7,1.4597,0.0089,0.0,0.0,0.2267,0.1405,111.2,0
8,1.6553,0.6176,0.0,0.5737,0.0196,0.5834,50.1,0
1,1.0945,0.0,0.7493,0.0,0.2308,0.277,107.7,0
3,0.1828,0.0,0.0,0.0,0.2949,0.1865,77.5,0
17,0.9389,0.0341,0.0,0.0,0.0365,0.8774,58.3,1
19,0.9178,0.1587,0.0,0.2003,0.0487,0.3643,-15.1,1
1,1.3191,0.0,0.0,0.0,0.3308,0.1185,37.8,0
20,1.9094,0.0,0.3535,0.1285,0.7611,0.4204,19.8,1
18,1.3219,0.0,0.2065,0.0,0.0424,0.1196,-20.2,0
11,1.7326,0.163,0.0,0.5639,0.0536,0.3994,96.0,1
2,0.8656,0.1032,0.0,0.4555,0.7916,0.9444,2.8,0
16,0.0,0.0497,0.0604,0.0,0.0966,0.5954,42.1,0
10,0.9288,0.0,0.0,0.5651,0.0027,0.5407,32.1,0
5,0.8377,0.0906,0.0,0.4479,0.39,0.4816,-5.3,1
1,0.0106,0.3758,0.0591,0.0,7.3512,0.0,43.4,1
15,0.0941,0.4386,0.0132,0.2545,0.0771,0.3934,102.6,0
3,0.6739,0.4159,0.1053,0.3257,0.0193,0.3796,71.8,1
7,1.5846,0.5636,0.2633,0.5995,0.756,0.4137,87.4,1
11,0.7149,0.5163,0.2297,0.3874,0.0296,0.3272,97.4,0
2,1.7506,0.2581,0.0738,0.2149,0.0055,0.9755,76.5,0
10,1.5974,0.1845,0.0,0.2208,0.0008,0.6573,62.6,0
13,1.0806,0.3488,0.0,0.5696,0.6043,0.3913,-25.7,1
9,0.2038,0.0443,0.2158,0.5477,0.001,0.9532,52.3,0
8,0.7404,0.0,0.2033,0.2782,0.132,0.9357,42.3,0
5,0.0717,0.0144,0.0171,0.1111,0.5753,0.3478,-23.3,1
9,0.5217,0.0,0.6494,0.1017,0.0012,0.0204,108.2,0
19,1.3027,0.0,0.0,0.3365,10.0,0.0,1.1,1
11,1.47,0.0,0.0,0.0,0.0326,0.1641,36.7,0
1,1.4135,0.0,0.0,0.0,0.2804,0.8421,86.8,0
2,1.4416,0.5571,0.3092,0.298,0.0047,0.3417,74.7,0
18,0.6841,0.0,0.3074,0.0,0.0256,0.6454,114.2,0
2,1.5963,0.0667,0.1243,0.4755,10.0,0.0,-12.6,1
11,0.0,0.0,0.3881,0.0584,0.1648,0.0,46.4,0
19,0.8448,0.2641,0.2682,0.5591,0.0277,0.6581,118.2,0
7,1.458,0.0742,0.0,0.4131,0.0831,0.0,62.1,0
18,0.3402,0.0,0.0,0.1788,0.0426,0.0,93.8,0
16,1.4033,0.0,0.0995,0.0082,0.0542,0.1787,54.0,0
20,0.7373,0.3744,0.1078,0.0659,0.0394,0.0,68.7,0
16,0.1434,0.1839,0.6121,0.0,0.009,0.8297,38.0,0
13,1.4275,0.0,0.0,0.0,0.0317,0.8862,17.5,0
13,1.8771,0.0,0.0,0.0,10.0,0.4765,-9.9,1
19,0.0,0.3375,0.0258,0.4442,0.0325,0.2745,-1.7,1
13,0.6867,0.1175,0.0,0.0,0.1045,0.9245,36.0,0
12,0.9626,0.4182,0.2213,0.0,1.8007,0.8139,7.7,1
11,0.4438,0.0116,0.2462,0.2687,0.0034,0.0,110.2,0
13,1.0231,0.2843,0.0,0.4161,0.3437,0.0,36.3,0
17,0.9984,0.0,0.1775,0.1026,0.0068,0.7816,74.7,0
5,0.0,0.0,0.4082,0.0,5.4427,0.701,-6.2,1
12,1.2595,0.2836,0.0237,0.5095,0.058,0.334,28.5,0
13,0.034,0.2555,0.1087,0.1784,0.001,0.6965,47.3,0
11,0.6945,0.2357,0.0,0.3958,0.0004,0.6513,115.7,1
10,0.8391,0.1169,0.0201,0.2494,2.5148,0.18,-29.3,1
17,0.6613,0.4709,0.338,0.5733,0.0003,0.8646,119.0,0
14,1.8482,0.0,0.1581,0.0,7.1033,0.5381,-24.9,1
4,1.5578,0.1906,0.0,0.4242,1.3289,0.0,-7.8,1
16,1.6603,0.0525,0.3774,0.1271,0.0412,0.5343,100.8,0
18,1.8494,0.1512,0.0,0.0,0.065,0.7167,117.2,0
13,1.731,0.5394,0.0,0.0,0.5547,0.365,39.5,0
20,0.0,0.3106,0.0,0.0,3.2899,0.7758,-19.7,1
13,1.8771,0.4405,0.0,0.2182,0.0038,0.6873,79.4,0
6,0.168,0.1137,0.147,0.0,0.0335,0.1574,14.9,0
9,1.4489,0.2667,0.0131,0.3117,0.0002,0.9499,70.4,0
17,1.3953,0.2811,0.0908,0.302,0.0019,0.8925,7.5,1
20,0.1836,0.3467,0.0,0.5276,0.506,0.217,96.2,0
8,0.653,0.0,0.3552,0.0,0.0073,0.9503,29.1,0
14,1.775,0.0,0.0,0.5417,0.0532,0.4438,87.3,0
17,0.1648,0.1391,0.3066,0.4668,0.101,0.6382,64.5,0
16,0.0027,0.1025,0.2718,0.0242,0.417,0.541,55.4,0
7,0.5907,0.0,0.0,0.5468,2.6155,0.2247,9.3,1
4,1.0581,0.0,0.0,0.5844,0.0096,0.0,104.7,0
17,0.505,0.0,0.0,0.3028,0.0001,0.7771,82.5,0
10,1.357,0.1081,0.0,0.0975,0.0224,0.9753,-0.8,1
19,1.3053,0.0,0.0908,0.0038,0.3788,0.6489,1.7,0
19,1.4749,0.0823,0.0007,0.4077,0.1561,0.0,63.1,0
2,0.0407,0.0201,0.0505,0.4753,0.5078,0.9263,25.9,0
4,1.6772,0.0,0.0,0.0,5.5636,0.4071,-1.2,1
17,0.6033,0.0,0.1172,0.2998,0.0607,0.2852,61.3,0
2,1.8508,0.4752,0.0591,0.1724,0.4928,0.7244,-20.9,1
11,1.8707,0.3856,0.1846,0.1778,0.0427,0.0559,65.3,0
9,0.0618,0.0613,0.3755,0.5005,0.0026,0.0755,43.5,0
15,0.4844,0.2765,0.0,0.0988,0.0052,0.9232,12.5,0
5,1.9562,0.4422,0.5034,0.0,1.5727,0.131,55.8,1
13,0.0,0.1747,0.3734,0.5496,0.0092,0.3622,71.3,0
18,0.0,0.0,0.0,0.3413,0.1479,0.1535,53.6,0
3,0.9247,0.14,0.3081,0.2457,0.0063,0.8519,39.7,0
11,1.8247,0.5426,0.0033,0.0,0.0299,0.3944,66.6,0
13,1.4948,0.3478,0.4104,0.0,0.0003,0.9283,51.6,0
5,0.2782,0.0,0.0,0.5718,0.0337,0.9418,18.7,0
10,1.6265,0.2592,0.0,0.0,0.0005,0.4357,96.2,0
1,0.0,0.0,0.3467,0.474,0.2907,0.0666,27.2,0
4,1.0115,0.4827,0.1563,0.0,0.5866,0.7023,-17.0,1
16,0.8856,0.3088,0.0,0.0,0.1381,0.5907,49.0,0
10,0.407,0.6885,0.1134,0.072,0.0895,0.2206,106.2,0
10,1.638,0.0,0.0,0.4086,0.0018,0.9736,86.4,0
10,0.0,0.0,0.5678,0.0,4.0903,0.7973,-13.0,1
16,1.9972,0.3762,0.1261,0.5845,0.0006,0.8285,78.8,0
1,1.8294,0.5175,0.2829,0.4327,0.0252,0.2133,102.8,0
13,0.221,0.0,0.0087,0.2221,0.4614,0.0558,91.5,0
5,0.0,0.2977,0.0773,0.2147,0.0044,0.5147,62.2,0
12,1.5225,0.0,0.0,0.2371,6.9744,0.0,-16.4,1
8,1.4299,0.0801,0.4508,0.0,2.4446,0.8198,-1.0,1
20,1.7633,0.3885,0.1529,0.4873,1.4013,0.3376,-16.3,1
1,0.5434,0.4249,0.0415,0.316,0.0659,0.0,31.2,0
17,1.878,0.3177,0.1038,0.4948,0.0041,0.7628,30.6,0
2,1.449,0.1291,0.0,0.5683,0.0057,0.8275,66.9,0
7,0.871,0.1516,0.0,0.2996,0.0019,0.7284,107.7,0
18,0.0,0.0,0.0,0.2902,0.0131,0.0,43.4,0
12,0.9275,0.1403,0.0284,0.0819,0.0097,0.9717,110.7,0
15,1.4426,0.3094,0.0619,0.5702,0.0045,0.6704,87.6,1
16,0.1104,0.0893,0.083,0.0885,10.0,0.2014,-13.7,1
2,0.909,0.399,0.083,0.3045,0.3306,0.3443,111.0,0
18,0.6173,0.0899,0.2037,0.0,0.6712,0.3467,-28.2,1
1,0.3318,0.0,0.4814,0.0,4.4134,0.8828,26.8,1
9,1.2053,0.3024,0.0,0.3579,0.3025,0.8998,2.7,0
7,1.3192,0.1809,0.0,0.2318,0.1745,0.0,20.5,0
12,1.5827,0.3607,0.3218,0.0563,0.0145,0.879,6.8,0
12,0.8214,0.1319,0.3669,0.0,0.0003,0.9533,96.9,0
2,0.9841,0.0,0.2149,0.1567,0.0264,0.0356,30.6,0
9,0.9471,0.4767,0.0158,0.3834,0.6447,0.7747,56.8,0
13,0.6908,0.1331,0.1461,0.0,0.0011,0.4721,83.0,1
9,0.0,0.0,0.2771,0.148,0.1791,0.1532,-8.5,1
17,0.5157,0.0,0.101,0.0,0.1321,0.2865,-17.0,1
11,1.6451,0.0,0.234,0.0,0.0021,0.8102,62.7,0
17,0.3224,0.2195,0.0071,0.0,0.0003,0.583,52.5,0
20,1.8155,0.5148,0.0118,0.3789,0.0016,0.2177,36.0,0
7,1.4475,0.0201,0.3059,0.3318,1.5307,0.8706,-28.3,1
15,1.5241,0.1441,0.4105,0.2851,0.5417,0.2205,98.9,0
13,1.6667,0.1772,0.0,0.0438,0.0266,0.5867,5.1,0
7,1.125,0.0,0.3631,0.4877,0.0691,0.0,9.8,1
12,1.8066,0.0,0.0066,0.1401,0.0031,0.0,11.9,0
7,1.6861,0.3403,0.0,0.1638,0.0012,0.6994,118.5,0
15,0.6927,0.0,0.3682,0.0484,0.0005,0.118,57.4,0
6,0.8155,0.0,0.106,0.0,0.2582,0.7973,86.3,0
13,0.924,0.1853,0.5267,0.5178,0.0507,0.6236,48.0,0
6,0.0,0.4032,0.0,0.2914,0.1064,0.8848,-2.5,1
6,1.12,0.8397,0.0129,0.4214,0.3579,0.1715,75.5,0
20,0.2416,0.0,0.3232,0.2515,0.0906,0.4493,82.1,0
14,0.1778,0.2495,0.2103,0.1486,0.0015,0.0655,103.4,0
8,1.5912,0.0,0.1941,0.0,0.0362,0.7164,31.3,0
14,0.0,0.0113,0.0797,0.1991,0.1053,0.237,40.1,0
3,1.7504,0.0,0.1075,0.0,2.4439,0.005,90.9,1
1,1.0334,0.3809,0.1661,0.0,2.8961,0.2742,49.8,1
5,0.461,0.0,0.0,0.0,0.1751,0.5726,0.5,0
6,1.85,0.0,0.344,0.3703,0.0075,0.5926,27.2,0
17,0.8755,0.3012,0.2081,0.0,0.0077,0.8002,43.4,0
17,1.1677,0.0495,0.0,0.4043,0.0066,0.2491,50.1,0
1,1.3985,0.0,0.0251,0.4896,0.0917,0.5,80.6,0
13,1.0572,0.2406,0.0,0.0,0.0001,0.5477,97.8,1
9,1.5117,0.5475,0.0,0.3721,0.0088,0.8875,103.9,0
9,1.228,0.183,0.1215,0.4152,0.115,0.3126,9.5,0
1,1.2838,0.5966,0.55,0.0,0.0045,0.6104,73.4,0
17,0.6384,0.0,0.1331,0.0,0.0243,0.4724,1.4,0
14,1.562,0.2006,0.1778,0.0396,0.3955,0.4406,66.3,0
11,1.7032,0.0,0.0849,0.0,0.1775,0.2854,45.3,0
13,1.8858,0.2457,0.0,0.3014,0.5761,0.0459,21.0,0
12,0.7703,0.4835,0.2122,0.0,0.0141,0.3248,114.2,0
12,0.6251,0.2237,0.3409,0.4137,0.001,0.8548,9.1,0
12,0.5099,0.0,0.0,0.0,6.0828,0.4582,5.7,1
5,0.4906,0.0,0.2461,0.5229,0.0631,0.4582,1.7,0
16,1.3361,0.0,0.049,0.0,0.128,0.2293,97.5,0
7,1.6641,0.2558,0.082,0.2135,0.0005,0.7902,88.0,0
10,1.9527,0.0,0.0822,0.0,0.0017,0.9399,3.5,0
2,0.0065,0.0,0.0065,0.3782,0.0227,0.9356,63.2,0
15,0.2589,0.4426,0.2221,0.0896,0.0007,0.4372,109.0,0
7,1.148,0.4935,0.3147,0.0,0.318,0.4918,46.3,0
10,1.078,0.0,0.0763,0.282,0.5939,0.6073,51.8,0
7,1.1231,0.191,0.0711,0.0,0.2905,0.489,2.7,0
9,1.3389,0.27,0.0,0.0,0.0644,0.9682,38.1,0
7,1.8134,0.1572,0.4088,0.3667,0.0715,0.5739,48.5,0
6,1.9682,0.2101,0.0,0.2989,0.0532,0.7201,72.0,0
15,0.2871,0.0,0.0951,0.0,0.0052,0.7877,4.9,0
1,0.8035,0.2901,0.2377,0.418,8.3742,0.3236,1.5,1
7,0.1351,0.1172,0.0,0.0,0.0014,0.8171,92.4,0
8,0.4963,0.0,0.0,0.1105,10.0,0.365,-15.3,1
12,1.9311,0.0,0.2577,0.4323,0.0734,0.7155,19.9,1
15,1.8313,0.1779,0.1732,0.0,0.0037,0.9316,-8.1,1
8,0.1034,0.0,0.0809,0.5385,0.3658,0.5228,15.1,0
11,0.8411,0.224,0.0,0.4677,0.3784,0.2048,15.2,0
16,1.9019,0.0828,0.0,0.355,0.0044,0.2198,66.3,0
13,0.5481,0.0,0.1143,0.0,0.0007,0.3447,43.7,0
12,0.0672,0.343,0.0,0.0,0.1014,0.6881,48.4,0
17,0.9547,0.0,0.0,0.0977,0.001,0.1207,68.7,0
18,1.4156,0.3166,0.0,0.2755,0.0008,0.4367,113.7,0
10,0.7336,0.0,0.0,0.3342,0.0407,0.4465,20.5,0
13,1.0689,0.3497,0.0,0.0575,0.0177,0.763,36.0,0
2,0.3744,0.5015,0.0623,0.0,0.3556,0.4182,33.0,0
12,1.8771,0.0,0.028,0.168,0.0014,0.0882,118.5,0
2,0.002,0.3144,0.0,0.0,0.0055,0.1749,46.1,0
12,0.2757,0.151,0.2406,0.0,0.0021,0.7922,11.4,0
7,0.6933,0.0,0.1448,0.223,0.0049,0.5495,21.1,0
7,0.9478,0.141,0.0,0.0,0.9085,0.0888,25.1,1
13,1.0354,0.0,0.0,0.0,0.0688,0.7307,113.6,0
16,1.37,0.0228,0.0,0.0,0.0098,0.5494,39.9,0
2,0.7164,0.0,0.0911,0.0216,0.02,0.1813,34.5,0
13,0.3185,0.5321,0.019,0.0,0.0022,0.9704,111.1,0
14,0.3369,0.1374,0.0,0.3894,0.0137,0.2942,15.2,0
17,0.0,0.193,0.111,0.162,0.0182,0.73,108.8,0
2,1.9155,0.1118,0.2661,0.2562,0.6715,0.1202,74.0,1
14,1.2381,0.0,0.147,0.2935,0.001,0.9171,82.0,0
19,1.4527,0.0,0.2949,0.0275,0.0854,0.0,43.9,1
7,1.4594,0.0,0.0439,0.008,0.2127,0.6826,6.6,0
9,0.793,0.0,0.5068,0.0,0.0338,0.6775,92.9,0
4,1.1186,0.0,0.3366,0.4142,0.8505,0.0,51.8,1
4,1.3588,0.2071,0.0558,0.1219,1.4645,0.5306,25.8,1
12,1.4235,0.0989,0.366,0.2388,0.0031,0.4092,119.9,0
11,0.7089,0.1044,0.3815,0.0,6.6433,0.1598,-26.2,1
11,1.5655,0.4198,0.5782,0.5028,0.0005,0.2443,119.0,0
10,1.4285,0.248,0.105,0.1525,0.201,0.209,92.6,0
18,0.0781,0.0,0.0873,0.0,0.0024,0.815,85.3,1
17,1.1597,0.0,0.0,0.3217,0.1306,0.8846,-21.4,1
8,0.0,0.5439,0.2806,0.3331,0.1556,0.6543,80.8,0
4,0.0,0.1313,0.2225,0.5397,1.0384,0.0,18.2,1
20,0.1515,0.4374,0.2442,0.3332,0.0142,0.0636,43.6,0
5,1.1117,0.0,0.1209,0.4772,0.0119,0.965,-29.2,1
9,1.8002,0.4894,0.0,0.203,0.6426,0.0,96.8,1
5,0.9231,0.0,0.0134,0.0,0.6022,0.3802,-1.2,1
3,1.7784,0.3538,0.2287,0.0,0.0152,0.8042,30.7,0
18,0.6824,0.5567,0.0936,0.0716,0.0015,0.2454,116.2,0
17,1.5751,0.0419,0.0123,0.3088,0.1354,0.2022,-24.4,1
3,1.9241,0.2582,0.0,0.0986,0.0269,0.6017,10.5,0
11,0.2466,0.1075,0.0,0.278,0.0001,0.8695,98.2,0
20,0.6666,0.1489,0.1684,0.0,0.0256,0.947,18.6,0
1,1.9511,0.0,0.0413,0.4479,10.0,0.6731,-7.3,1
3,0.6639,0.6459,0.0,0.0,0.0197,0.4412,80.7,0
17,0.0,0.0,0.1035,0.0,0.0272,0.9089,5.3,0
2,0.0,0.1828,0.03,0.1192,10.0,0.8534,-2.8,1
1,0.3116,0.0631,0.0,0.5539,0.0184,0.5932,110.9,0
7,1.6325,0.3199,0.2794,0.2902,0.0294,0.7244,5.3,1
10,1.4884,0.5915,0.4299,0.0,0.0023,0.7431,6.3,0
9,0.4579,0.1405,0.0387,0.0,10.0,0.4246,-5.0,1
7,1.2421,0.1977,0.5092,0.0061,0.3421,0.0,32.2,0
15,0.1484,0.0,0.0763,0.0,0.183,0.4503,51.1,0
5,1.9839,0.0,0.0,0.4476,10.0,0.1528,-14.2,1
15,0.0489,0.0456,0.3544,0.0,0.0028,0.1012,38.6,0
3,0.6024,0.1659,0.0718,0.5307,0.1811,0.0028,3.1,0
10,0.5767,0.0884,0.1934,0.0585,0.1749,0.0325,61.0,0
19,1.962,0.0,0.0,0.0,0.0318,0.0706,91.1,0
18,0.9494,0.0,0.0697,0.481,10.0,0.2258,-27.2,1
16,1.1686,0.0,0.1432,0.0,0.0015,0.0,49.1,0
10,0.4562,0.4401,0.2565,0.2132,0.005,0.4021,19.7,0
8,1.4537,0.0,0.2269,0.0,0.271,0.1822,27.8,0
17,0.8524,0.0,0.1241,0.0,0.1795,0.3804,-0.4,1
11,0.6915,0.0,0.0283,0.1904,0.0696,0.0168,18.9,1
18,1.2086,0.0,0.5573,0.2805,0.0317,0.5994,18.7,0
10,0.1312,0.0406,0.1374,0.142,0.1808,0.0879,-21.5,1
19,0.2397,0.1,0.0,0.1067,0.0023,0.4236,118.6,1
17,0.2005,0.1179,0.092,0.1906,1.066,0.1112,19.2,1
18,1.4572,0.1967,0.0,0.0,0.1158,0.4082,59.9,0
1,0.0557,0.0,0.0441,0.5104,10.0,0.0408,0.7,1
12,0.1252,0.0,0.0478,0.3478,0.002,0.5715,16.6,0
11,1.1084,0.2889,0.2118,0.5676,0.1524,0.3074,36.4,0
12,0.9882,0.0344,0.0,0.5547,0.0559,0.7222,47.5,0
13,1.1723,0.0,0.0,0.0,0.0006,0.7664,102.5,0
18,0.0852,0.0,0.0,0.2753,0.0015,0.3386,109.8,0
6,1.8247,0.0,0.0732,0.0349,0.0912,0.1611,33.9,0
7,0.1066,0.5972,0.1364,0.0,0.3079,0.0805,68.9,0
15,0.0,0.3176,0.0128,0.311,0.0016,0.2186,44.8,0
1,1.1306,0.5469,0.0,0.4044,10.0,0.0548,-20.8,1
9,1.7153,0.0,0.0,0.152,1.4358,0.5343,-3.5,1
8,1.425,0.0,0.0,0.0,0.0227,0.9419,48.3,0
14,1.9962,0.1299,0.0207,0.234,0.1823,0.1183,72.9,0
7,0.1887,0.1668,0.3615,0.0,0.3402,0.3936,74.5,0
15,0.0071,0.0,0.03,0.0,10.0,0.2631,-2.2,1
19,0.0,0.3598,0.0,0.2088,0.0364,0.1982,63.5,1
16,0.0,0.0,0.0,0.5571,0.0007,0.574,51.0,0
7,0.4841,0.3596,0.0,0.2333,0.1833,0.3582,115.9,0
18,0.0,0.4251,0.1302,0.0,0.0001,0.7921,95.6,0
20,1.0992,0.0767,0.0,0.2184,0.0033,0.0336,10.3,0
17,1.8026,0.5467,0.0,0.0,0.0057,0.8305,101.7,0
8,0.335,0.362,0.5359,0.0,0.0044,0.0519,40.6,0
7,1.902,0.268,0.0,0.0,0.0179,0.7688,36.3,0
5,1.7513,0.0,0.4433,0.2669,0.0005,0.767,106.9,1
4,1.934,0.0712,0.0,0.3903,0.3828,0.4138,9.8,0
12,1.8697,0.0406,0.1467,0.2162,0.0011,0.8879,21.5,0
6,0.9709,0.0,0.2748,0.355,0.0052,0.3517,56.1,0
10,1.8575,0.0,0.0,0.0,0.3958,0.3972,79.2,0
10,0.0,0.1201,0.0381,0.4327,0.01,0.3875,119.9,0
15,1.3404,0.2503,0.0,0.0,0.0075,0.2071,108.0,0
1,0.0,0.0,0.1324,0.0571,10.0,0.1322,-4.6,1
2,0.2913,0.5662,0.0,0.2515,0.0661,0.4242,80.0,0
15,0.1641,0.0535,0.0,0.0484,0.1204,0.3833,98.5,0
1,0.9714,0.0776,0.2806,0.4484,10.0,0.2034,-28.5,1
5,0.2337,0.2267,0.1507,0.0,0.0004,0.9553,50.6,0
6,1.3805,0.4446,0.0,0.0565,0.0981,0.0696,110.2,0
20,1.9266,0.0,0.0,0.3839,5.1455,0.7428,-20.8,1
15,0.7704,0.139,0.0302,0.1917,0.6364,0.4168,-11.0,1
19,1.2332,0.3885,0.0,0.0,0.5524,0.354,58.9,0
19,0.0,0.4005,0.1865,0.3359,0.3805,0.1019,89.5,0
11,0.477,0.3023,0.1286,0.0205,2.022,0.0491,1.6,1
3,1.8274,0.3579,0.0977,0.0,0.4818,0.3504,28.4,0
10,0.5557,0.0,0.0068,0.0,0.3545,0.4163,78.0,0
19,0.0,0.078,0.0,0.0985,5.4578,0.0858,-29.5,1
17,1.51,0.4971,0.064,0.4199,0.4278,0.6313,-9.9,1
17,0.0023,0.1349,0.3259,0.0,0.0008,0.6802,39.6,0
13,1.1932,0.0,0.0,0.0,0.0015,0.4,41.9,0
3,1.5313,0.0,0.0,0.3852,0.0189,0.5369,88.4,0
19,0.7371,0.0,0.182,0.0,3.7778,0.6975,-12.8,1
12,0.0,0.0,0.0,0.0,0.1053,0.0,110.5,0
9,0.6891,0.0455,0.1016,0.094,1.2759,0.9528,-9.3,1
9,1.0896,0.2424,0.0,0.0,0.3799,0.2613,74.7,0
15,0.0126,0.0476,0.2284,0.0345,0.0455,0.0611,-14.6,1
13,1.2202,0.2515,0.0,0.1706,0.0148,0.8786,97.6,0
11,0.6601,0.4808,0.0,0.4482,0.0102,0.7423,5.4,0
6,0.1115,0.0,0.0,0.5424,2.5679,0.2491,-20.3,1
6,1.9049,0.2514,0.1656,0.0,0.016,0.7425,12.6,0
13,0.7979,0.0,0.0,0.0399,0.4681,0.3649,25.0,0
2,0.3896,0.5207,0.0,0.4463,0.3643,0.2966,65.3,1
6,0.8742,0.0,0.0,0.0,2.5035,0.2281,-2.2,0
4,0.1575,0.2407,0.2302,0.035,0.0751,0.0,29.4,0
15,1.7427,0.0,0.0,0.0,0.343,0.6156,-26.1,1
5,1.8052,0.2332,0.2008,0.4503,0.0402,0.1444,108.4,0
14,1.6294,0.0,0.1282,0.0,0.3759,0.7012,-18.4,1
5,0.1343,0.0945,0.096,0.0,0.0011,0.9687,46.3,1
12,0.7492,0.2134,0.0,0.235,0.0009,0.9281,40.4,0
3,1.6936,0.0,0.0,0.0224,0.1794,0.5861,51.3,0
14,1.3833,0.0853,0.0,0.4997,0.855,0.6852,14.1,0
15,0.2256,0.3117,0.0,0.5717,0.0061,0.5477,34.5,0
16,0.9025,0.0,0.1557,0.0,0.0137,0.5693,35.6,0
15,1.0037,0.4202,0.0,0.1714,0.0012,0.4812,116.2,0
2,1.8238,0.2012,0.0985,0.5305,0.0206,0.6354,82.4,0
10,0.7792,0.0686,0.0,0.1797,0.0028,0.597,36.9,0
20,0.1935,0.2975,0.4553,0.0,0.1867,0.3263,22.8,0
11,1.394,0.4271,0.0,0.0,0.3422,0.7263,-26.9,1
9,1.43,0.1116,0.0603,0.2693,0.1504,0.2056,60.6,0
9,0.1707,0.0,0.3658,0.2715,0.012,0.0806,77.5,0
18,1.1582,0.3484,0.082,0.5331,3.2628,0.0,-12.8,1
16,0.0345,0.2398,0.0,0.164,0.0016,0.4856,67.1,0
5,1.4219,0.3319,0.0,0.2724,10.0,0.2889,-9.3,1
3,1.122,0.0447,0.3405,0.0902,0.0231,0.2227,102.3,0
10,0.2805,0.0463,0.0,0.3916,0.0093,0.9459,-16.5,1
13,0.0,0.0562,0.1242,0.1234,3.7653,0.1869,-0.6,1
6,0.0,0.0,0.0,0.5741,0.4684,0.0,64.6,0
4,0.4367,0.0,0.1499,0.5505,0.9156,0.1081,-19.0,1
16,0.8987,0.2825,0.3483,0.0586,0.0134,0.0525,73.0,0
5,1.1663,0.0,0.0,0.3718,1.1379,0.4369,71.0,1
19,1.2004,0.2954,0.288,0.2911,0.039,0.0996,10.7,0
19,0.5164,0.0,0.0,0.4317,0.9302,0.428,-10.6,1
17,0.232,0.0,0.2418,0.3492,0.007,0.5108,111.1,0
4,1.4836,0.3931,0.0,0.315,7.1208,0.0,-29.6,1
12,0.6218,0.2984,0.2764,0.0,0.1893,0.2369,19.1,0
10,1.9919,0.4194,0.0,0.0759,0.0008,0.1021,93.3,1
19,0.0968,0.0,0.3034,0.436,6.4199,0.0,17.3,1
4,1.8073,0.0,0.1042,0.0256,0.003,0.539,24.9,0
12,1.4249,0.3241,0.0279,0.527,0.0056,0.7207,106.9,0
16,0.0,0.2368,0.1177,0.3554,0.1448,0.312,46.9,0
13,1.6786,0.0,0.0,0.3181,0.0178,0.1838,15.0,0
3,1.385,0.1729,0.1621,0.0,0.0971,0.7914,7.7,0
9,1.8239,0.0,0.0,0.0,0.0051,0.4144,44.9,0
11,0.3068,0.0777,0.1915,0.0,0.0509,0.2618,78.5,0
16,1.9284,0.0,0.0,0.0086,0.0097,0.5942,60.7,0
20,1.8688,0.2279,0.0,0.5365,0.0105,0.8376,94.8,1
16,1.4298,0.0,0.0727,0.1107,0.0012,0.3222,115.2,0
9,1.1118,0.3424,0.2193,0.0,2.192,0.5344,10.2,1
3,1.9132,0.0,0.0,0.2443,2.5707,0.1395,30.8,1
5,1.7784,0.0,0.3286,0.0828,0.8708,0.4891,62.0,1
7,0.8914,0.0728,0.0,0.0,0.0076,0.0,41.3,1
14,1.5586,0.304,0.4493,0.0221,7.249,0.3986,-1.3,1
5,0.0,0.3126,0.1412,0.5979,0.1119,0.2547,27.7,0
7,0.6478,0.1142,0.0748,0.2428,0.1518,0.833,27.0,0
9,0.0,0.6942,0.0584,0.5081,0.0017,0.6756,113.1,0
13,0.504,0.3179,0.0,0.1512,0.8078,0.3873,-11.1,1
12,1.3746,0.2204,0.2619,0.4199,0.2173,0.0335,51.6,0
13,1.9472,0.2826,0.4083,0.0,0.1716,0.4788,92.9,0
11,1.9214,0.3246,0.0,0.2662,0.04,0.8201,63.6,0
1,1.5469,0.0,0.626,0.0,0.8889,0.15,66.8,1
2,1.5802,0.3407,0.2016,0.4548,2.7327,0.0635,-0.1,1
1,0.079,0.0163,0.0,0.0221,0.1633,0.4756,72.8,0
20,0.8197,0.0,0.1428,0.0177,1.3676,0.5302,-15.9,1
18,1.4942,0.0167,0.3001,0.4401,0.4911,0.0,41.0,0
20,1.6639,0.3818,0.1084,0.2017,0.2766,0.0143,41.5,1
17,1.8803,0.1219,0.0,0.0325,0.7599,0.5604,9.5,1
3,0.0,0.1362,0.0,0.0473,7.3432,0.0581,24.0,1
6,0.0997,0.3667,0.0,0.4808,10.0,0.0,-2.2,1
8,0.4635,0.0888,0.0773,0.0,0.0606,0.8792,59.8,0
8,0.3032,0.0933,0.5034,0.2233,0.0333,0.0665,66.7,0
18,0.894,0.0,0.7566,0.2046,0.0068,0.4704,104.8,0
8,0.0,0.2017,0.1661,0.4817,0.0485,0.6457,51.4,0
16,1.2396,0.1221,0.0441,0.0784,0.0039,0.6095,67.3,0
20,1.6703,0.0,0.2809,0.3074,0.2414,0.3105,18.5,0
20,0.9081,0.3299,0.1805,0.5426,0.0001,0.7777,88.9,0
4,0.0,0.1117,0.2333,0.0212,0.0063,0.2926,48.6,0
10,1.6476,0.0,0.1156,0.3476,2.9632,0.5657,18.6,1
15,0.0,0.4665,0.0,0.0,0.01,0.5293,92.6,0
16,0.1188,0.1625,0.1691,0.0,0.0587,0.1083,53.9,0
12,0.882,0.0566,0.0515,0.1464,0.0707,0.4672,89.4,0
15,0.1002,0.1287,0.3682,0.0843,2.3572,0.0,10.6,1
13,0.3903,0.2822,0.2792,0.2168,0.0051,0.7218,65.2,0
6,0.3794,0.4092,0.303,0.0364,0.0048,0.2861,61.2,1
9,0.3845,0.0612,0.0,0.0711,0.0462,0.004,54.5,0
3,0.0108,0.3834,0.3872,0.1725,0.1373,0.5255,-25.6,1
10,1.5172,0.0,0.0,0.1213,0.0184,0.6923,63.4,0
14,1.3513,0.0,0.0579,0.0,8.296,0.649,1.3,1
11,0.7332,0.1782,0.0012,0.0891,3.7775,0.573,-8.3,0
9,0.8854,0.0,0.0302,0.0466,2.0964,0.662,-23.6,1
13,1.8357,0.1403,0.2255,0.4361,0.6051,0.1761,10.9,0
9,0.3724,0.1353,0.0,0.5693,0.003,0.6337,39.7,0
20,1.2585,0.3034,0.1765,0.567,1.3955,0.1598,3.5,1
18,1.1943,0.2933,0.0,0.0,0.0012,0.4359,55.1,0
12,0.3868,0.0148,0.1478,0.0,0.105,0.8348,-12.5,1
14,0.4973,0.5217,0.0,0.0,10.0,0.0257,-8.2,1
11,1.7409,0.0214,0.3531,0.5332,0.0084,0.4966,24.3,0
18,1.5326,0.3453,0.0467,0.0,0.0003,0.3948,97.6,0
16,0.9251,0.1817,0.1039,0.0,0.0016,0.4314,106.9,0
3,1.5822,0.0,0.2702,0.5424,0.1001,0.8409,11.1,0
15,0.6277,0.0,0.0,0.0,0.0305,0.4983,-23.8,1
7,0.5445,0.0,0.1567,0.3304,0.0073,0.8316,107.6,0
13,1.5084,0.0654,0.0,0.0,10.0,0.5525,-21.2,1
16,1.3076,0.1087,0.176,0.0,0.0069,0.2909,65.2,0
5,1.5655,0.0638,0.0707,0.0,0.0006,0.7283,115.4,0
13,1.6623,0.4726,0.0582,0.2789,0.7337,0.0685,44.5,1
10,0.5122,0.1353,0.0,0.0,0.7213,0.712,50.6,0
14,0.9632,0.4328,0.1386,0.2592,0.594,0.4169,-10.3,1
8,1.4619,0.5554,0.2037,0.0671,0.0061,0.3266,77.6,0
14,1.8651,0.515,0.0,0.4598,0.0498,0.1563,44.1,0
20,1.0427,0.1453,0.2671,0.0,0.1464,0.4452,-4.2,1
8,0.9027,0.5925,0.0,0.1344,0.0099,0.2644,43.6,0
3,1.3809,0.0,0.2013,0.0,0.8029,0.1394,-16.4,1
13,1.2003,0.5005,0.0,0.3886,0.1668,0.0767,-17.1,0
11,1.3029,0.0666,0.5426,0.0,0.0013,0.6859,20.2,0
19,1.9088,0.0402,0.3069,0.0,0.0578,0.4453,39.3,0
14,1.6449,0.0,0.0,0.0,0.4446,0.777,-15.9,1
11,1.6076,0.2327,0.0631,0.2317,0.0018,0.5367,85.9,0
13,0.0,0.0,0.7533,0.1426,0.9057,0.2733,13.1,1
19,0.0,0.2272,0.3606,0.203,0.0838,0.839,69.8,0
12,1.577,0.5511,0.0,0.1555,0.0007,0.0,93.7,0
10,1.824,0.0,0.424,0.1719,0.0279,0.2778,114.6,0
19,1.8486,0.4645,0.0,0.0464,0.0091,0.1015,29.6,0
8,1.3938,0.0,0.075,0.0,0.0851,0.1537,81.9,0
4,0.1443,0.0,0.1028,0.5074,0.0024,0.0,114.0,0
15,0.0,0.0,0.0744,0.2325,0.0688,0.7397,34.3,0
5,0.9121,0.3662,0.0,0.1548,0.2209,0.8911,-18.0,1
18,0.2043,0.3847,0.0,0.4326,0.0465,0.5667,84.6,0
9,1.8805,0.0635,0.0,0.5835,0.0026,0.7925,95.5,0
16,0.0,0.2291,0.2883,0.0,6.6475,0.2881,-24.6,1
4,0.6135,0.2768,0.0,0.0,0.0012,0.5754,76.4,0
19,0.1853,0.1602,0.2727,0.0,0.0006,0.7573,105.5,0
7,0.0338,0.0,0.0,0.0,1.6622,0.1582,41.9,1
10,0.2912,0.4633,0.0274,0.0,0.0222,0.8981,56.4,0
14,1.3017,0.0,0.4883,0.4352,0.005,0.4461,84.5,0
6,0.0197,0.0673,0.0,0.0,0.1897,0.0132,-12.1,1
1,0.7416,0.1468,0.0041,0.3822,0.0382,0.0,78.1,0
9,1.1086,0.0,0.0,0.0,0.0597,0.0,49.5,0
11,0.7674,0.0,0.0205,0.4904,0.0696,0.5352,56.1,0
11,1.9661,0.0,0.0,0.2607,0.6004,0.0,54.0,0
16,0.335,0.109,0.3851,0.4089,0.0004,0.196,90.4,0
2,0.1423,0.0,0.2562,0.0,0.0365,0.0,104.7,0
17,1.1929,0.0,0.0483,0.0,0.2774,0.1001,106.0,1
9,1.2926,0.3392,0.2054,0.0,0.203,0.4405,33.9,0
19,1.262,0.1883,0.4977,0.0,0.858,0.5866,10.3,1
13,0.4973,0.1865,0.0,0.135,0.0418,0.938,21.1,0
4,0.6162,0.2029,0.0561,0.2811,10.0,0.0,-13.6,0
7,0.0,0.4863,0.3047,0.0,0.1066,0.6123,101.1,0
16,0.5573,0.49,0.0,0.4559,0.0005,0.8798,54.3,0
18,0.2069,0.0,0.2998,0.0,0.1923,0.059,60.6,0
3,0.7815,0.0,0.3876,0.3673,4.6634,0.2244,-7.8,1
14,0.9276,0.0,0.037,0.122,0.5864,0.8596,-22.1,1
8,1.3263,0.5299,0.3511,0.3294,0.0173,0.5923,21.5,0
7,0.0,0.6174,0.0,0.2841,0.0011,0.9444,105.4,0
1,1.8346,0.1507,0.0,0.2727,10.0,0.1645,29.4,1
20,1.2425,0.0474,0.1147,0.5414,0.0296,0.7372,-21.6,1
18,1.0393,0.0,0.2433,0.0,0.0277,0.0,78.4,0
6,1.0631,0.0,0.0,0.4433,0.0903,0.3905,6.6,0
15,0.9535,0.0,0.0,0.2561,6.0925,0.0266,11.9,1
8,1.4342,0.0,0.0,0.4743,0.0026,0.5636,104.8,0
8,1.7053,0.6848,0.0,0.0,0.0631,0.0,101.5,0
15,0.3105,0.1475,0.0216,0.0,0.0023,0.3583,84.8,0
11,1.8585,0.0,0.0,0.3527,0.1092,0.7658,73.7,0
4,0.4236,0.0,0.0,0.0,10.0,0.0158,-15.0,1
1,1.3885,0.8037,0.2528,0.0117,10.0,0.0,-28.1,1
19,0.9241,0.2267,0.0,0.3717,0.7971,0.4009,-9.0,1
19,0.542,0.2454,0.3581,0.5155,0.0755,0.1246,-28.2,1
1,0.7674,0.0,0.0,0.4742,0.1451,0.0388,112.2,0
20,0.0,0.3391,0.7504,0.0,10.0,0.6455,-20.0,1
5,0.598,0.3135,0.0289,0.3574,0.1469,0.093,3.1,0
7,0.814,0.0,0.1859,0.0,0.0446,0.7466,-17.2,1
4,0.4754,0.0,0.0,0.3391,0.0007,0.7522,75.5,0
19,0.0482,0.137,0.0,0.2615,0.0216,0.4974,91.1,0
3,1.719,0.0245,0.0,0.1952,2.0757,0.5518,24.1,1
20,0.8573,0.3047,0.1476,0.2114,0.0002,0.5656,86.4,0
13,1.4229,0.3346,0.0419,0.0,0.2648,0.36,56.1,0
6,1.2962,0.0,0.0,0.0,10.0,0.6432,-3.3,1
1,0.8334,0.395,0.0,0.0,0.1489,0.0,103.0,0
1,1.3955,0.0,0.0017,0.0358,0.6229,0.3104,9.4,0
5,0.2371,0.4051,0.1074,0.0,0.0028,0.1834,119.1,0
12,0.4632,0.0,0.293,0.0,0.3482,0.6988,-14.8,1
1,1.0423,0.0,0.0,0.0,2.8692,0.7017,-6.0,0
14,0.0,0.0,0.0,0.1457,0.0001,0.96,58.0,0
10,1.8832,0.5736,0.1687,0.3823,0.0087,0.7353,62.6,0
2,1.4829,0.0,0.0653,0.0,0.0011,0.7121,114.6,0
1,0.2063,0.0713,0.0,0.5668,0.0192,0.3292,55.2,0
2,0.0,0.1001,0.0,0.0438,0.2498,0.0,41.4,0
17,0.0,0.0,0.3108,0.2043,0.0001,0.9778,76.4,0
11,0.1665,0.4466,0.7188,0.0,0.0833,0.5224,64.6,0
6,0.076,0.0,0.0035,0.3101,0.1952,0.9028,87.4,0
8,0.4386,0.3177,0.0129,0.1441,0.0278,0.6709,23.0,0
20,1.9276,0.0,0.0,0.0,0.3285,0.5388,22.8,1
7,0.2903,0.0811,0.067,0.4085,0.0076,0.1195,97.8,0
16,1.9971,0.516,0.0628,0.0731,0.0004,0.9007,54.6,0
13,0.2364,0.4375,0.0625,0.1062,0.0014,0.8011,76.4,0
15,0.3184,0.0,0.0,0.0,7.7765,0.7433,-28.1,1
12,1.5983,0.3605,0.0,0.0,1.2637,0.8947,-30.0,1
15,1.5724,0.2815,0.4464,0.0,0.0383,0.0,107.2,0
19,0.3201,0.5785,0.2634,0.0615,0.0011,0.9614,89.2,0
1,1.8759,0.4408,0.158,0.0,0.0273,0.6644,100.5,0
11,1.9107,0.0755,0.0778,0.0646,0.005,0.9333,62.4,0
7,0.1401,0.3381,0.0938,0.1382,0.2894,0.5311,112.4,0
7,0.9984,0.3305,0.2662,0.0,10.0,0.1723,-19.6,1
14,1.7463,0.1698,0.0,0.2937,0.003,0.4166,15.9,0
11,0.3996,0.0,0.2083,0.0,0.0212,0.72,26.1,0
8,0.0419,0.3772,0.0,0.0,0.3761,0.0407,105.5,0
11,1.8333,0.0,0.0,0.0,0.0003,0.462,98.9,0
20,1.4256,0.1604,0.0,0.0,1.2285,0.848,-6.9,1
18,1.266,0.1987,0.0,0.0,0.034,0.0888,19.2,0
13,1.2187,0.0,0.2299,0.0734,0.0012,0.3171,66.4,0
14,1.9954,0.4567,0.0,0.0,0.0312,0.8604,100.1,0
3,0.9261,0.6615,0.0,0.279,10.0,0.0467,-16.6,0
5,1.9399,0.0,0.0771,0.4351,0.0029,0.6116,117.0,0
16,1.1159,0.0,0.1824,0.3061,0.0014,0.1571,64.9,0
17,1.4258,0.4166,0.0,0.332,0.0017,0.067,29.2,0
4,0.8177,0.3423,0.2297,0.0,0.1091,0.9388,100.2,0
18,1.6052,0.0,0.1962,0.0116,0.1561,0.5407,48.6,0
5,0.4568,0.0,0.4821,0.4203,0.0245,0.2222,61.4,0
20,1.7713,0.2783,0.0573,0.4788,0.0043,0.4427,117.1,0
5,0.9105,0.2068,0.1347,0.0,0.0863,0.0,55.4,0
17,0.2476,0.6607,0.0,0.0,1.35,0.0,7.6,1
15,1.3922,0.5804,0.0,0.0,0.991,0.4305,26.6,1
2,0.9951,0.0,0.0,0.0,0.0158,0.2071,67.2,0
6,0.0,0.0,0.0533,0.1836,0.0074,0.2455,108.6,0
5,1.9462,0.0,0.1811,0.2285,1.6282,0.9369,-10.7,1
1,1.6808,0.3121,0.0,0.2396,0.0892,0.6304,82.4,0
17,1.7739,0.1802,0.213,0.0,0.0011,0.9313,45.9,0
7,1.9749,0.0,0.0836,0.3841,0.0401,0.8394,50.3,0
4,1.4023,0.0,0.0,0.3568,3.58,0.7094,8.3,1
12,0.7037,0.0,0.1555,0.4645,1.801,0.0271,43.4,1
13,1.0121,0.0,0.2594,0.3868,0.008,0.9335,96.0,0
18,1.4441,0.4548,0.3228,0.0,6.1031,0.3771,-16.1,1
8,1.3086,0.2176,0.0,0.1515,0.0027,0.3778,92.2,0
6,0.1314,0.0,0.1425,0.51,0.0149,0.2308,109.0,1
7,1.0836,0.0,0.0,0.1839,0.0734,0.0,84.3,0
18,0.5245,0.0,0.0,0.0,0.0195,0.3297,14.4,1
20,0.8081,0.1565,0.018,0.0,0.0013,0.0,104.8,0
4,1.07,0.1485,0.0,0.0,0.0092,0.4701,68.8,0
11,0.7507,0.0,0.011,0.0,0.2391,0.5951,46.9,0
1,0.6296,0.282,0.0,0.2304,0.0013,0.8658,49.7,0
19,0.0216,0.1895,0.0,0.3246,0.0088,0.1704,37.2,0
10,0.0841,0.1838,0.1576,0.4015,0.0005,0.456,97.7,0
9,1.2141,0.0705,0.033,0.5206,0.5605,0.1387,13.1,0
16,0.4207,0.3682,0.2651,0.0417,0.0144,0.5963,26.7,0
15,1.0657,0.5923,0.1392,0.5099,0.0578,0.3876,27.9,0
5,0.5082,0.1605,0.0,0.0,1.5974,0.3287,54.2,1
17,0.1105,0.0,0.2093,0.2114,0.085,0.6363,34.8,0
11,0.0,0.1817,0.0,0.0,2.4225,0.271,2.0,0
12,1.9234,0.2425,0.0574,0.046,0.0011,0.1945,115.3,0
2,1.6324,0.2788,0.2741,0.0,0.0038,0.0,117.0,0
12,0.0,0.2315,0.0,0.2924,0.0657,0.3216,-9.3,1
18,1.9508,0.5445,0.0799,0.2758,0.0001,0.8734,69.2,0
20,1.2998,0.0,0.0,0.0,0.1768,0.761,77.8,0
5,1.5212,0.1343,0.6559,0.1913,0.1242,0.0262,76.2,0
3,0.1413,0.0746,0.1464,0.0,1.3359,0.1053,-6.6,1
11,1.7944,0.1387,0.2463,0.0,0.0165,0.0,74.4,0
1,1.3968,0.4925,0.0209,0.1379,0.003,0.6842,69.4,0
3,0.5872,0.0,0.1567,0.243,0.0205,0.0,9.5,0
2,1.2777,0.0,0.0,0.0,0.1529,0.941,40.2,0
18,0.8633,0.1076,0.0,0.0,7.2398,0.5043,-2.7,1
14,0.1696,0.0,0.0,0.0156,0.2188,0.3325,79.6,0
10,1.3073,0.2399,0.0,0.3458,0.0376,0.8137,27.3,1
2,1.9359,0.0132,0.0585,0.0,0.3428,0.3882,98.6,0
4,0.8911,0.4406,0.0,0.4461,1.8373,0.0752,-21.1,1
3,0.959,0.4562,0.2921,0.2209,0.0582,0.1938,98.4,0
5,0.072,0.3892,0.1623,0.4021,7.2816,0.8109,-20.0,1
4,1.4536,0.5243,0.0,0.2648,0.0836,0.4342,69.9,0
17,1.7794,0.2102,0.0604,0.4542,0.4007,0.0,-16.9,1
11,0.6034,0.343,0.0416,0.0,0.0256,0.5589,-9.0,1
17,1.2085,0.0,0.0,0.0,0.2401,0.3278,5.9,0
19,0.477,0.3163,0.3498,0.2043,0.0204,0.1065,81.7,0
13,0.0,0.1044,0.0241,0.4143,0.0023,0.7998,86.7,0
7,1.6281,0.4869,0.4965,0.0,0.0098,0.1901,98.4,0
5,1.9044,0.0,0.0,0.0334,0.446,0.3443,56.8,0
19,1.4068,0.0,0.144,0.0,0.002,0.8931,34.6,0
1,1.9519,0.0,0.0436,0.0,0.0061,0.7972,105.6,0
5,0.9469,0.1647,0.1493,0.0,0.0045,0.9716,26.9,0
18,1.9349,0.0,0.0,0.4089,0.1392,0.1941,32.2,0
12,0.967,0.0,0.2367,0.1518,0.0001,0.8594,104.3,0
9,0.0,0.0,0.0,0.0,0.0154,0.0,33.6,0
19,1.2697,0.4474,0.0,0.0345,0.0001,0.8595,70.5,0
4,0.1992,0.3976,0.0109,0.5604,0.0254,0.9132,69.2,0
20,1.4104,0.2493,0.1114,0.2362,0.185,0.4183,-13.7,1
4,1.4999,0.7351,0.1713,0.3335,0.0107,0.9718,118.2,0
5,1.5433,0.0981,0.0,0.5435,0.4121,0.2882,82.5,1
20,0.7101,0.0658,0.0,0.0,0.0025,0.0803,116.5,0
17,0.4761,0.0,0.16,0.4556,0.1389,0.4001,71.4,0
16,1.6638,0.6148,0.28,0.5343,0.2833,0.0,-28.3,1
6,0.0,0.0895,0.3297,0.2217,2.0039,0.3446,54.0,0
5,0.9612,0.0,0.2383,0.0,0.9894,0.7396,35.4,1
12,0.114,0.3691,0.1547,0.3079,4.388,0.2168,-26.3,1
16,0.9346,0.0,0.0056,0.0,0.0058,0.8506,86.2,0
10,1.6144,0.0988,0.0,0.0,10.0,0.0,0.3,1
8,1.5685,0.1155,0.0,0.2859,0.0301,0.0821,41.3,0
1,0.0,0.0,0.1358,0.2177,9.6895,0.0843,4.6,1
11,0.3306,0.1437,0.0,0.4585,0.0033,0.2247,44.3,0
11,1.9905,0.4322,0.0994,0.0964,0.1052,0.5959,44.2,1
11,0.0629,0.4672,0.3692,0.249,0.1576,0.3261,-14.2,1
7,1.0881,0.0,0.0,0.0,0.0902,0.1399,32.0,0
4,0.0,0.052,0.2975,0.4234,0.0176,0.0715,93.9,0
14,1.9483,0.0935,0.213,0.0,2.4584,0.281,-13.4,0
20,1.8213,0.0,0.0,0.1896,0.0007,0.1078,79.2,0
1,0.0,0.6045,0.0,0.1472,0.003,0.4637,107.1,0
2,0.0347,0.0,0.3834,0.4038,0.0375,0.2082,60.8,0
19,0.4392,0.7704,0.1607,0.0,0.0004,0.8723,42.7,0
3,0.8617,0.4062,0.0951,0.0,0.0009,0.5975,82.1,0
4,1.5242,0.1094,0.0,0.1845,0.1013,0.5298,4.1,0
20,0.7433,0.0,0.3437,0.0,0.2118,0.8118,55.1,0
17,0.6453,0.0,0.05,0.0,0.0009,0.4141,81.0,0
6,1.8494,0.3581,0.0548,0.2573,0.0044,0.7394,96.5,0
16,0.0,0.0,0.6136,0.0,0.268,0.2275,-2.0,1
18,0.889,0.277,0.0047,0.0,0.0004,0.0,61.1,0
13,0.653,0.0,0.244,0.3171,7.0977,0.2936,-9.2,1
11,0.5517,0.2522,0.0,0.4722,0.006,0.3012,60.6,0
18,0.9469,0.0639,0.2201,0.0393,0.1489,0.0,53.8,0
16,1.9499,0.6937,0.0,0.3451,0.0035,0.5055,101.7,0
14,1.7077,0.0593,0.113,0.0,0.0697,0.9323,-14.6,1
18,1.9082,0.0,0.0,0.0,0.0065,0.1782,109.7,0
6,0.6522,0.0,0.1211,0.4915,0.7819,0.1808,-11.9,1
18,1.4155,0.0,0.0196,0.0,0.0008,0.4623,115.9,0
14,0.0,0.1543,0.8411,0.1405,0.1062,0.4071,-24.3,1
1,0.8108,0.1029,0.0,0.1304,10.0,0.0293,-25.6,1
9,0.6019,0.2718,0.0,0.5482,2.5072,0.0,6.0,1
17,0.3564,0.0,0.0,0.4562,0.1256,0.0237,32.8,0
12,1.545,0.0,0.4743,0.0,0.4116,0.0,54.4,0
12,1.8484,0.0,0.0,0.4913,0.0093,0.8294,86.1,0
3,1.8401,0.0,0.1483,0.4074,1.9156,0.5898,67.2,1
16,0.0,0.1615,0.4223,0.4393,0.1801,0.042,-29.2,1
16,1.998,0.0,0.0,0.0,8.785,0.7715,-19.2,1
11,0.5521,0.1902,0.2094,0.2279,0.0059,0.9102,59.6,0
16,1.0014,0.3995,0.1588,0.1647,0.0239,0.649,39.6,0
9,1.0267,0.3656,0.0,0.0731,0.001,0.517,118.4,0
2,1.9951,0.3989,0.0,0.0,1.8103,0.0,-16.6,1
1,1.9982,0.0903,0.6203,0.1438,3.2432,0.113,35.4,1
2,1.7878,0.5738,0.0038,0.5312,1.5492,0.073,29.1,1
18,0.8374,0.427,0.4846,0.0,0.0743,0.3143,82.8,0
12,0.1154,0.1389,0.3481,0.4921,0.149,0.0,112.8,1
16,1.9706,0.2229,0.1577,0.1133,0.1666,0.6349,33.7,0
4,1.1444,0.0,0.1962,0.0,1.5231,0.7011,28.4,1
5,0.9576,0.2476,0.1782,0.0,0.0025,0.8257,95.1,0
14,1.6858,0.0396,0.1089,0.0,0.5633,0.6241,44.5,0
17,0.9991,0.4238,0.0,0.0,0.0102,0.651,-5.2,1
9,0.9341,0.0,0.0,0.0,0.0103,0.4104,55.7,0
19,1.5382,0.0952,0.0806,0.0,0.0108,0.8562,47.2,0
7,1.7105,0.0852,0.0565,0.2974,1.3973,0.479,55.9,1
19,1.3075,0.0,0.0362,0.2017,0.0731,0.2841,1.6,0
12,0.6666,0.1757,0.327,0.0,0.2544,0.615,-8.7,1
16,1.966,0.5076,0.1392,0.4776,0.802,0.0318,111.1,1
20,0.0645,0.0,0.1095,0.4036,0.0153,0.8224,13.6,0
18,0.0471,0.0,0.008,0.4747,0.0625,0.0032,89.6,0
9,1.7964,0.3395,0.1584,0.2425,0.0353,0.5815,73.1,0
7,1.4486,0.113,0.2169,0.0,0.0011,0.689,78.3,0
9,1.3707,0.3657,0.0,0.1618,0.0206,0.7527,73.0,0
1,0.9902,0.1199,0.0,0.0,5.7157,0.2593,19.9,1
11,1.2775,0.3971,0.0983,0.4197,0.0097,0.5887,82.0,0
11,1.5832,0.222,0.0895,0.1658,1.9749,0.6731,18.4,1
13,0.5702,0.136,0.0,0.3874,0.0015,0.7239,77.6,0
1,1.5166,0.0907,0.0,0.3115,0.0048,0.8651,96.6,0
13,1.7358,0.3699,0.0048,0.0,0.1873,0.7235,78.5,0
6,0.0,0.0,0.0594,0.0,0.0038,0.9325,89.4,0
1,0.909,0.2046,0.0,0.17,6.9951,0.3971,32.6,1
5,0.5146,0.2591,0.0795,0.21,0.0014,0.7346,115.2,0
2,1.6442,0.2529,0.1743,0.0,8.2801,0.3957,33.4,1
7,0.985,0.3356,0.0421,0.0,0.0004,0.9288,55.4,0
19,0.3612,0.1001,0.662,0.3119,10.0,0.2758,-25.4,1
14,1.3145,0.2404,0.0,0.5757,0.0006,0.5902,88.1,0
7,1.6537,0.2594,0.0522,0.0,0.0056,0.5152,115.8,0
18,0.375,0.3085,0.0298,0.5704,0.0289,0.8003,8.0,0
15,0.0453,0.0,0.1274,0.359,0.0032,0.4037,106.0,1
9,0.0,0.0,0.1914,0.4715,0.0001,0.9192,85.7,0
12,0.4249,0.004,0.1484,0.0131,0.0247,0.436,62.8,0
2,0.1071,0.0,0.0031,0.1042,0.0346,0.0396,7.7,0
10,1.5164,0.4654,0.1319,0.3826,0.1016,0.0,9.5,0
20,0.8241,0.0,0.1066,0.4968,0.0032,0.0,95.2,0
10,0.6895,0.0,0.3389,0.377,2.0807,0.4657,-15.0,1
10,1.816,0.0,0.1205,0.4475,0.0008,0.898,116.8,0
19,0.5189,0.7787,0.019,0.0,0.1597,0.4989,29.2,0
4,0.0519,0.0,0.0,0.0,0.2648,0.3418,82.9,0
19,1.3887,0.5771,0.6134,0.0,0.0013,0.0,104.1,0
20,0.0,0.2744,0.0,0.1032,0.0669,0.7418,86.9,0
2,0.0,0.0817,0.17,0.0,0.7958,0.2987,106.4,0
14,1.0769,0.4148,0.0,0.1897,0.002,0.5676,21.7,0
10,0.169,0.0,0.0741,0.0073,0.0094,0.6375,62.2,0
11,0.7171,0.0876,0.0,0.0,2.353,0.5068,24.2,1
7,1.9828,0.1275,0.0,0.0,10.0,0.6203,-0.9,1
11,1.1526,0.0,0.0517,0.4081,0.0026,0.0272,114.8,0
18,1.7149,0.4755,0.188,0.0654,0.0006,0.4423,78.5,0
5,0.0,0.0,0.0285,0.0,0.0273,0.8162,55.5,0
2,1.2702,0.4255,0.0809,0.1967,0.002,0.843,37.6,0
20,0.0,0.0654,0.2401,0.302,0.0263,0.889,42.8,0
5,1.6475,0.1128,0.3679,0.0831,0.0403,0.4314,20.4,0
16,0.2937,0.235,0.0571,0.5394,0.0046,0.8639,76.9,0
10,1.6754,0.4596,0.0,0.053,0.1232,0.0,95.3,0
10,0.226,0.2022,0.0,0.2573,1.0746,0.3663,41.3,1
13,1.908,0.0,0.1477,0.1211,0.0011,0.0481,102.1,0
17,1.8222,0.0,0.0642,0.0,0.0974,0.4876,-29.4,1
6,0.4603,0.0,0.2403,0.2776,0.2183,0.9581,-11.1,1
4,0.0,0.0,0.2494,0.4414,1.1702,0.1559,-7.2,1
7,0.6279,0.0,0.0,0.0778,0.0027,0.8623,26.5,0
13,1.8829,0.2265,0.0,0.1354,0.0174,0.7287,93.5,0
20,1.5109,0.311,0.0277,0.0525,0.0179,0.5673,46.6,0
15,1.3068,0.5336,0.0,0.0,0.1166,0.0,65.3,0
11,0.0496,0.6667,0.0,0.0,0.4303,0.0,102.6,0
13,1.4378,0.0,0.0,0.2818,0.0036,0.8877,29.4,0
4,1.6242,0.0984,0.277,0.0,1.0401,0.1519,-25.4,1
10,0.2857,0.0,0.1745,0.3258,0.6618,0.1372,95.2,0
2,0.2051,0.0,0.5196,0.4861,0.053,0.2024,103.5,0
11,1.0335,0.569,0.1539,0.0683,0.0035,0.4377,10.0,1
13,1.7164,0.0,0.2455,0.0,0.0672,0.3815,-28.8,1
15,0.3947,0.0,0.351,0.0191,0.4993,0.2309,32.5,0
8,0.297,0.225,0.136,0.0,0.5344,0.7654,31.3,0
5,0.135,0.1731,0.4021,0.0,0.0399,0.035,4.6,0
10,1.3587,0.0878,0.0,0.1455,0.0056,0.2672,94.6,0
4,0.5015,0.7242,0.1979,0.591,0.0005,0.923,75.6,0
19,1.8536,0.1239,0.2732,0.0814,1.1125,0.0,39.1,1
19,0.4755,0.0,0.0,0.0,0.0006,0.7052,58.8,0
17,0.9663,0.0,0.1496,0.0474,0.0008,0.1581,111.9,0
6,1.869,0.0,0.0945,0.1847,0.7988,0.2744,117.9,1
19,1.4468,0.5519,0.4078,0.0,2.1237,0.0,3.7,1
1,1.9249,0.1221,0.0,0.119,4.5928,0.9153,6.0,1
19,0.0195,0.0,0.249,0.0,0.0564,0.7115,29.6,0
14,0.0431,0.0,0.3253,0.3451,0.0004,0.7106,117.1,0
10,0.1101,0.0,0.1182,0.0152,0.8865,0.2268,18.7,1
17,1.1664,0.6232,0.4588,0.0223,0.3717,0.557,78.1,0
2,0.9317,0.0,0.0,0.4552,10.0,0.3779,15.3,1
12,0.0,0.0,0.2369,0.0,0.0,0.9687,74.6,0
11,1.5811,0.0847,0.0978,0.0359,0.3347,0.5285,70.8,0
8,1.2415,0.5051,0.0496,0.2266,0.2255,0.8635,43.3,0
16,0.0,0.0,0.0,0.3914,0.0002,0.6392,116.4,1
18,0.3757,0.0857,0.0964,0.1644,0.1167,0.4455,62.2,0
20,1.9818,0.0,0.0,0.0,0.6332,0.4243,-17.6,1
15,1.3998,0.0,0.0529,0.3703,0.1067,0.3055,53.8,0
9,0.9515,0.0,0.1558,0.0,0.0125,0.9194,45.3,0
20,0.8958,0.2531,0.0,0.4306,0.0008,0.3109,78.9,0
18,1.7757,0.2781,0.0245,0.0,0.0008,0.5417,101.0,0
18,0.7822,0.0287,0.2024,0.1868,0.207,0.4361,64.2,0
1,1.4961,0.0,0.0293,0.0147,1.6628,0.7588,74.2,1
3,0.6323,0.0,0.2671,0.0911,0.0295,0.296,73.0,0
10,0.553,0.0,0.0,0.498,0.504,0.5976,2.9,0
14,0.0,0.3418,0.4888,0.4959,0.0014,0.2174,109.8,0
14,1.3988,0.0,0.5065,0.0,0.0858,0.6836,-26.0,1
6,1.8314,0.314,0.0,0.0994,0.3838,0.0,1.7,0
5,0.2791,0.6697,0.2679,0.1234,0.0413,0.0534,13.7,0
19,1.7547,0.2473,0.0,0.0,0.0053,0.977,94.5,0
16,1.368,0.5236,0.0,0.4105,6.2652,0.0376,-3.0,1
2,0.0,0.1359,0.4234,0.4485,0.1852,0.0,60.8,0
3,0.5037,0.0346,0.0528,0.0447,0.328,0.2298,91.8,0
12,0.7739,0.0,0.0,0.3243,0.0322,0.881,64.2,0
6,1.2617,0.3835,0.0465,0.4919,0.0023,0.9714,104.5,0
11,0.2054,0.0,0.3337,0.0,0.0007,0.6757,62.2,0
13,1.1857,0.0,0.2381,0.595,6.6205,0.0,-22.7,1
9,0.2267,0.0953,0.2623,0.4116,0.104,0.0277,117.6,0
9,1.3577,0.6053,0.0279,0.3571,0.3918,0.6355,45.4,0
16,0.2696,0.0173,0.2174,0.5104,0.0696,0.4024,101.5,0
13,1.4737,0.1028,0.0954,0.3421,0.086,0.2105,8.1,0
11,1.6365,0.0,0.2222,0.0,0.0035,0.037,100.4,0
1,0.8688,0.0,0.0431,0.0719,0.832,0.0279,-29.4,1
12,0.8248,0.5165,0.0,0.0,0.0103,0.0,26.0,1
17,0.5418,0.0497,0.0636,0.4133,0.0813,0.8583,-28.5,1
20,0.7014,0.0,0.3043,0.4965,0.1381,0.5011,102.8,0
6,1.3674,0.1576,0.0,0.0439,0.1722,0.5712,90.9,0
8,1.6383,0.2402,0.0272,0.5206,0.1046,0.9165,42.2,0
18,0.7757,0.5541,0.3562,0.0,0.0088,0.6776,1.7,0
8,1.4083,0.141,0.0,0.0171,0.0007,0.7915,71.9,0
15,1.1117,0.3016,0.0,0.3516,10.0,0.4862,-21.9,1
18,0.5169,0.0,0.2081,0.0623,0.0056,0.071,47.3,0
20,1.7724,0.3348,0.0,0.2743,0.0286,0.0,36.2,0
16,0.8847,0.1607,0.2182,0.0,10.0,0.4677,-22.7,1
4,1.7016,0.3281,0.2268,0.4115,5.3258,0.481,2.9,1
9,0.0221,0.0,0.3518,0.4697,0.0425,0.158,22.9,0
3,0.1973,0.0,0.0235,0.0,0.5657,0.1154,-22.1,1
13,0.1663,0.5341,0.0,0.26,0.3975,0.2202,49.9,0
6,0.3871,0.2589,0.0902,0.2945,0.0028,0.1162,105.2,0
10,0.5584,0.5969,0.2918,0.2676,1.9179,0.5981,-2.7,1
13,0.0,0.4583,0.2139,0.0615,0.4749,0.5324,3.2,1
3,1.9402,0.0,0.0,0.056,10.0,0.8005,-16.2,1
1,1.1052,0.0,0.0547,0.0,0.0055,0.9346,60.4,0
10,1.1827,0.2937,0.0,0.0251,0.0175,0.5974,90.1,0
3,0.0974,0.443,0.0,0.0,0.7508,0.9071,-2.2,1
3,1.6555,0.6431,0.0,0.3737,0.0731,0.4415,8.6,1
18,1.2108,0.7743,0.2757,0.0024,0.2136,0.1137,32.8,0
11,1.7065,0.0618,0.0,0.0592,0.3825,0.8549,-23.3,1
13,1.9701,0.2962,0.0,0.375,0.2119,0.3638,92.2,0
13,1.2388,0.1724,0.0,0.2232,0.7951,0.0,-0.4,1
1,0.7886,0.0,0.0,0.3416,1.6372,0.9201,7.8,1
2,1.2846,0.0,0.037,0.0,0.0324,0.5121,59.0,0
19,0.9679,0.0,0.0,0.0,5.2211,0.0,4.5,1
19,0.9551,0.1065,0.0979,0.0,0.131,0.3487,92.0,0
7,0.0,0.2189,0.0,0.3288,0.0029,0.9178,109.4,0
17,1.1468,0.0,0.0588,0.0,0.0003,0.9452,41.8,0
14,1.4278,0.2167,0.345,0.0,0.3309,0.6356,8.4,1
19,1.5812,0.1763,0.5119,0.273,0.0008,0.8211,86.6,0
11,0.0568,0.2244,0.0,0.0,0.0182,0.0,82.9,0
20,1.4274,0.403,0.2797,0.0,0.0019,0.1914,36.0,0
6,0.0,0.2412,0.0649,0.0,0.6547,0.2751,76.6,0
16,0.4562,0.7516,0.0446,0.0,0.0104,0.8534,74.6,0
6,0.0,0.2065,0.0,0.1685,0.0338,0.7337,105.5,0
18,0.2877,0.192,0.0,0.0,0.0071,0.6718,72.8,0
10,1.9262,0.5144,0.0357,0.406,0.4898,0.3652,106.5,0
20,0.4472,0.1502,0.1702,0.0,0.0082,0.1089,76.5,0
17,0.5847,0.0,0.0,0.0,0.0013,0.0,106.0,0
19,1.5557,0.0,0.5056,0.0,10.0,0.3743,-5.1,1
19,0.2373,0.1108,0.0767,0.0,0.0915,0.0916,95.0,0
3,0.9701,0.4841,0.296,0.573,1.2214,0.7943,21.2,1
19,0.6065,0.2683,0.0443,0.0,0.6897,0.1731,15.4,0
7,1.2954,0.1147,0.6627,0.0658,0.8814,0.2354,86.1,1
14,0.6601,0.0,0.0782,0.5169,0.0014,0.3404,36.9,0
19,0.0,0.0399,0.2093,0.5393,1.0112,0.492,14.8,1
18,0.681,0.0,0.0883,0.0,0.0128,0.8384,36.9,0
16,0.8992,0.1436,0.0,0.0,10.0,0.6329,-10.1,0
17,0.0,0.5892,0.0,0.1387,0.4619,0.3283,-25.3,1
13,0.5215,0.0,0.3818,0.0978,0.0047,0.3606,12.5,0
14,1.6529,0.382,0.4328,0.1063,0.0194,0.4831,28.2,0
5,0.0,0.1834,0.0445,0.5101,0.0027,0.097,113.2,0
20,0.7827,0.437,0.1358,0.349,0.0511,0.924,47.6,0
4,1.66,0.4539,0.6493,0.2759,0.2807,0.1165,116.2,0
1,1.8116,0.0,0.2309,0.0,0.0399,0.5116,62.0,0
16,1.9909,0.3384,0.034,0.3161,10.0,0.2399,3.4,1
19,0.0,0.5599,0.0,0.3589,2.4696,0.058,-18.0,1
5,1.2094,0.6613,0.1498,0.381,0.8838,0.8737,19.7,1
20,0.7404,0.1114,0.0,0.0215,0.0287,0.2383,85.8,0
13,0.0,0.0861,0.3024,0.0,10.0,0.107,-4.6,1
16,1.9426,0.5322,0.667,0.3427,0.0372,0.7655,91.2,0
4,0.1827,0.0411,0.0,0.2424,0.0109,0.0137,101.9,0
19,1.0154,0.0,0.4281,0.0,0.0154,0.9355,52.1,0
4,0.2867,0.0,0.0,0.4341,0.2153,0.2234,72.3,0
15,0.1578,0.0525,0.0,0.3167,0.0017,0.8215,27.8,0
11,1.8349,0.0,0.348,0.2628,0.801,0.0952,-26.5,1
6,0.7525,0.2248,0.0362,0.4057,0.0077,0.2531,103.8,0
7,0.0,0.3348,0.0985,0.1448,0.9092,0.0375,-24.7,1
17,0.6838,0.0,0.1402,0.1815,0.1089,0.885,-13.1,0
16,1.5297,0.0,0.0,0.0,0.0153,0.0924,75.9,0
1,0.5264,0.0,0.0,0.0534,10.0,0.7303,-22.6,1
10,0.4156,0.0,0.0,0.0,0.0006,0.3543,111.8,0
14,0.0,0.0,0.0,0.3888,0.5036,0.7606,35.0,0
17,0.8941,0.1614,0.0732,0.4966,3.9644,0.0719,19.2,1
20,0.3897,0.4261,0.1268,0.1001,0.0006,0.7804,30.3,0
14,0.0056,0.4112,0.0,0.3854,0.0433,0.0,65.6,0
6,0.3919,0.444,0.3044,0.4736,0.0037,0.5089,47.0,0
15,0.0,0.6394,0.0267,0.0,0.0144,0.1909,60.4,0
20,1.3384,0.0,0.4694,0.0,0.0049,0.6099,8.0,0
19,1.7304,0.0,0.0506,0.0,0.0093,0.5676,116.0,0
15,0.49,0.0,0.0,0.0005,0.0184,0.967,38.7,0
1,0.7655,0.0,0.1645,0.0,0.1049,0.7856,99.8,0
11,1.7593,0.0,0.2795,0.3312,0.2213,0.0,62.6,0
19,0.9393,0.0,0.0,0.582,0.0073,0.0666,62.9,0
14,0.0,0.0,0.2473,0.0152,1.8393,0.0252,25.4,1
5,0.0,0.6937,0.0,0.3161,0.3642,0.3391,10.8,0
7,0.9004,0.0,0.648,0.0,0.0392,0.8089,58.7,0
3,0.7012,0.0,0.1475,0.0,0.0056,0.3943,90.9,0
18,0.3474,0.0,0.0,0.0,0.0488,0.2854,72.9,0
4,0.0,0.3564,0.0227,0.0,3.1753,0.5667,-2.1,1
9,0.715,0.0,0.0,0.0,3.2025,0.9419,-28.4,1
13,1.4094,0.1848,0.2701,0.0138,0.0068,0.0568,94.1,0
5,1.272,0.5554,0.3234,0.3347,0.0345,0.3738,48.3,0
9,1.5009,0.0,0.1898,0.0842,0.007,0.611,60.4,0
11,0.3495,0.0,0.0,0.0285,0.0003,0.5015,98.5,0
17,1.4894,0.455,0.0168,0.4337,1.3033,0.082,77.9,1
9,0.0,0.662,0.5642,0.3996,0.2725,0.4767,110.0,0
20,1.9217,0.1094,0.0973,0.0,0.0038,0.0,107.9,0
20,0.2732,0.0876,0.262,0.0,0.0031,0.0822,24.8,0
9,1.8006,0.0,0.1922,0.1937,1.7832,0.7766,-14.5,1
10,1.3109,0.1464,0.0631,0.5256,0.0028,0.9175,75.2,0
15,1.5841,0.4313,0.0285,0.0,0.0643,0.6651,80.6,0
9,0.7909,0.0,0.0691,0.3246,0.0003,0.7298,119.5,0
4,0.0,0.0,0.1721,0.0,0.0172,0.9403,-20.5,1
1,0.0,0.4389,0.0,0.3288,2.8215,0.0,-0.6,1
4,0.1521,0.0,0.189,0.0,2.0898,0.1211,-6.7,1
16,1.7365,0.3059,0.5433,0.039,0.0843,0.0,30.2,0
16,1.8972,0.0,0.1167,0.0,10.0,0.2204,-23.2,1
1,0.1621,0.3013,0.1029,0.0,10.0,0.0947,-22.8,1
2,1.6226,0.1121,0.0,0.1833,2.233,0.035,59.4,1
7,0.0,0.0,0.3684,0.4649,0.0024,0.3714,106.7,0
10,0.8131,0.0828,0.0771,0.0,0.034,0.8859,99.5,0
3,0.8295,0.0,0.0,0.3335,2.7274,0.2913,1.6,1
2,1.985,0.0,0.0,0.5436,0.1758,0.2875,13.2,0
4,1.5811,0.3994,0.0,0.0,9.0007,0.386,20.8,1
10,0.0106,0.0,0.0982,0.4099,0.0182,0.2937,85.9,0
16,1.2205,0.0376,0.0,0.2209,0.001,0.7511,41.8,0
11,0.7145,0.0,0.5998,0.0,0.0675,0.6261,91.2,0
8,0.0602,0.0,0.0892,0.0,0.0005,0.6926,92.7,0
4,1.8376,0.212,0.0512,0.4963,0.0025,0.0,111.5,0
1,0.9769,0.0,0.2399,0.0,1.2319,0.7499,10.4,0
6,0.6517,0.0,0.0789,0.0,0.0016,0.9565,34.2,0
16,1.5798,0.0,0.0,0.0,0.0573,0.2634,86.5,0
9,0.0,0.1509,0.0,0.5669,0.0691,0.67,58.3,0
19,0.0,0.244,0.0414,0.2771,0.1513,0.6083,30.0,0
7,1.0901,0.0,0.0,0.4254,0.0083,0.5933,112.5,0
2,1.1153,0.047,0.0,0.4509,1.4835,0.9165,52.3,1
7,1.0608,0.1726,0.0146,0.2007,0.0204,0.6276,89.5,0
1,0.7372,0.0,0.5817,0.3253,0.0444,0.2143,100.0,0
1,0.9248,0.0,0.0897,0.4204,0.0049,0.8933,98.2,0
16,0.9285,0.0,0.0088,0.2564,0.0002,0.8255,107.1,0
13,0.6204,0.0025,0.0993,0.0,0.3515,0.7272,-2.9,1
19,0.9363,0.0,0.2172,0.1363,0.0745,0.7357,105.0,0
3,1.6484,0.0,0.0,0.0,0.1181,0.29,116.9,0
18,0.6309,0.2075,0.028,0.0,0.003,0.6369,27.9,0
16,0.1666,0.0582,0.1127,0.582,0.0015,0.8201,104.9,0
9,0.9956,0.8261,0.3312,0.326,0.0037,0.4314,78.7,0
3,0.8998,0.1088,0.4854,0.0,0.0351,0.6312,88.0,1
4,1.7071,0.0,0.0,0.0771,4.0233,0.9686,-4.5,1
16,0.673,0.0,0.0,0.1818,0.0038,0.2991,83.2,0
12,0.6114,0.1187,0.0452,0.0019,0.0868,0.2241,26.7,1
11,0.0,0.0,0.0,0.3194,0.2693,0.1667,96.8,0
12,1.5687,0.0639,0.1194,0.1691,0.0159,0.2621,37.3,0
17,0.2397,0.073,0.0316,0.349,0.2796,0.9261,-10.6,1
8,1.0445,0.3033,0.0702,0.2569,10.0,0.0,-7.2,1
14,0.4864,0.1949,0.0,0.1692,0.0083,0.6115,89.5,0
20,1.8685,0.1716,0.1226,0.0546,0.8805,0.0263,-2.7,1
19,0.063,0.2354,0.0,0.0,0.1648,0.384,97.2,0
10,0.401,0.0,0.0,0.0811,10.0,0.1615,-15.2,1
1,1.6283,0.0,0.0,0.3533,1.3203,0.0,92.0,1
6,0.7497,0.0796,0.1478,0.0,4.1455,0.3603,28.4,1
2,0.0,0.0,0.1889,0.1974,6.6802,0.6259,-25.9,1
13,1.5354,0.3957,0.2794,0.4296,0.0067,0.0,40.4,0
3,1.0091,0.5647,0.0689,0.3384,0.0024,0.7089,110.9,0
5,1.274,0.2144,0.0,0.0,0.1188,0.5597,-5.6,1
9,1.7336,0.0,0.1237,0.0,0.9762,0.4476,-9.1,0
1,0.9849,0.0,0.1051,0.0,2.6419,0.7153,34.7,1
7,1.4477,0.0211,0.0,0.5014,0.023,0.7752,109.5,0
19,0.0061,0.0,0.2286,0.0,0.1006,0.0304,29.3,0
18,0.4487,0.1544,0.0262,0.0,0.0004,0.8734,111.3,0
17,1.4469,0.4789,0.3455,0.1224,0.0288,0.7578,80.1,0
13,1.161,0.6149,0.0,0.1602,1.2761,0.8887,-27.5,0
1,1.8232,0.2718,0.0632,0.5139,6.0598,0.0172,-20.2,1
5,1.0466,0.1263,0.0368,0.0,0.0385,0.6012,90.5,0
9,1.7784,0.3369,0.4825,0.5241,0.0104,0.5894,117.4,0
15,1.8266,0.0,0.1346,0.1001,0.0249,0.3638,103.8,0
3,0.5562,0.0,0.3099,0.3623,0.0087,0.5534,10.8,0
11,0.9121,0.0,0.3559,0.1731,0.0021,0.3476,93.6,0
1,1.6465,0.2039,0.0,0.4523,0.5497,0.2001,58.5,1
4,1.0221,0.1354,0.0,0.0566,0.0021,0.5851,106.2,0
6,1.4705,0.0,0.0324,0.2103,10.0,0.7261,-28.5,1
4,1.4024,0.0,0.1611,0.0,2.0944,0.2573,89.7,1
13,1.5014,0.0424,0.0,0.4485,0.4541,0.4057,60.6,0
14,1.7089,0.0,0.114,0.0,0.6857,0.6242,7.8,1
14,0.0,0.2948,0.0,0.5012,0.5887,0.2653,77.8,0
12,0.8046,0.1127,0.3734,0.0,2.9772,0.1875,-28.4,1
12,0.1848,0.278,0.1217,0.0,0.0055,0.9524,69.8,0
15,1.9266,0.0,0.0,0.0,0.0875,0.185,-12.4,1
2,0.938,0.09,0.3374,0.0,0.0101,0.0,78.0,0
15,0.1946,0.3171,0.0,0.1756,0.0058,0.0,77.2,0
4,0.0,0.1,0.1621,0.5828,0.2932,0.3551,38.8,0
13,1.3702,0.0,0.0,0.0,0.2627,0.4244,12.4,0
13,1.1801,0.0,0.0,0.0,0.7677,0.0,-23.2,0
17,1.1716,0.0558,0.4267,0.5998,3.37,0.4793,-5.7,1
11,0.4554,0.4186,0.0202,0.4684,0.0004,0.843,50.9,0
12,1.6221,0.0,0.0973,0.3022,0.2112,0.9009,16.3,0
9,1.3866,0.0,0.2341,0.3195,10.0,0.0728,-12.3,1
1,0.2298,0.0,0.2369,0.5061,10.0,0.1744,-7.4,1
1,0.504,0.0,0.0,0.1512,0.4295,0.1218,80.9,0
6,1.1529,0.0,0.0252,0.0,0.9432,0.2307,17.0,1
19,1.9438,0.3768,0.0,0.1503,0.0167,0.912,91.4,0
12,1.4026,0.0,0.0,0.0559,0.0139,0.1123,40.6,0
14,0.6032,0.485,0.0558,0.0,0.0029,0.4936,23.4,0
2,0.9235,0.4187,0.0968,0.0,10.0,0.0477,-11.8,1
1,1.3589,0.0,0.0414,0.0,0.5018,0.3631,-24.9,1
7,0.2189,0.0713,0.0,0.0,0.9131,0.0,32.1,1
12,1.0701,0.5618,0.3954,0.0,0.2107,0.3836,56.9,1
19,1.4625,0.307,0.105,0.0,0.2682,0.1912,12.5,1
7,1.9164,0.0,0.0,0.0,0.0358,0.3511,72.4,0
19,1.5957,0.2328,0.0271,0.217,0.0107,0.077,100.2,0
9,1.9373,0.3198,0.2805,0.124,0.0012,0.6755,96.8,0
1,1.895,0.0668,0.421,0.1081,0.0572,0.8337,15.7,0
3,0.4231,0.0,0.2888,0.1739,0.0058,0.299,76.6,0
7,0.797,0.3816,0.0,0.0,10.0,0.6871,-17.3,1
9,0.0,0.4388,0.0,0.4135,3.3988,0.7675,-9.8,1
10,1.8867,0.0,0.0,0.5729,0.0012,0.6093,52.2,0
1,0.0,0.0353,0.2461,0.303,0.2113,0.0,23.5,0
12,0.6758,0.0361,0.0,0.0,0.1336,0.317,94.3,0
15,0.269,0.0,0.0,0.4938,0.8424,0.8308,-0.0,1
9,1.6755,0.0998,0.0137,0.1885,0.0071,0.7156,60.5,0
14,1.8963,0.0,0.0,0.1717,1.3309,0.0,-23.2,1
9,0.6892,0.2986,0.3375,0.4662,0.0002,0.9679,45.7,0
5,0.0,0.1584,0.1882,0.0,0.0186,0.0,53.0,0
1,0.4178,0.0,0.1171,0.5887,0.0133,0.7651,26.0,0
4,1.4606,0.2965,0.1324,0.0,10.0,0.7851,1.2,1
7,0.0362,0.3969,0.0,0.0734,0.0017,0.8648,43.9,0
17,1.0622,0.1774,0.0,0.4977,0.2719,0.485,120.0,0
3,1.1464,0.2847,0.0,0.0,0.0058,0.8549,21.6,0
15,1.5214,0.3252,0.2013,0.5337,0.1687,0.6514,66.1,0
15,1.8642,0.0,0.0,0.5912,10.0,0.3759,-25.3,1
12,0.3445,0.2317,0.0173,0.0841,0.5022,0.5702,50.5,0
13,0.0195,0.5855,0.3194,0.3825,0.2749,0.1524,74.7,0
6,0.8907,0.0,0.6859,0.0,0.3885,0.8743,29.0,0
4,0.0582,0.0,0.0,0.1105,10.0,0.1887,-16.1,1
2,0.7722,0.1073,0.0914,0.439,5.6161,0.3635,62.8,1
3,0.4557,0.2965,0.0,0.4954,1.5733,0.0,95.0,1
10,1.0411,0.0623,0.3711,0.5083,0.0106,0.972,-19.5,1
5,0.4285,0.0549,0.0938,0.4052,0.9318,0.0,104.9,0
18,1.228,0.4509,0.1816,0.0,6.2828,0.2901,0.6,1
8,1.1738,0.5577,0.1108,0.0,10.0,0.6066,-14.2,1
6,0.5046,0.5205,0.3427,0.5949,0.029,0.9183,-10.9,1
12,1.1493,0.0,0.1361,0.0,0.0107,0.7186,-10.0,0
2,1.4188,0.1745,0.4416,0.0361,2.3734,0.0,96.7,1
3,0.7806,0.1972,0.3257,0.4873,10.0,0.2425,5.3,1
14,1.1804,0.2497,0.2576,0.4371,10.0,0.8649,-13.7,0
16,1.4636,0.2272,0.1226,0.3079,0.0154,0.1779,56.2,0
2,1.5768,0.3964,0.1298,0.3914,0.1324,0.0,111.6,0
4,1.1947,0.2483,0.2054,0.0,0.0111,0.5509,65.9,0
12,0.0,0.2485,0.0015,0.0,0.0655,0.1259,8.7,0
14,1.4763,0.0,0.1202,0.2943,0.0036,0.0,106.2,0
8,0.2849,0.2344,0.0,0.0,0.0117,0.0,101.5,0
6,0.8549,0.1359,0.0,0.3417,0.1314,0.9065,52.1,0
16,1.1473,0.1125,0.0,0.0,0.0267,0.8575,-27.7,1
17,0.5524,0.0442,0.1894,0.2454,0.0589,0.3334,49.0,0
6,0.3134,0.0,0.048,0.2619,7.1943,0.1469,-14.1,1
9,0.0,0.176,0.0633,0.2887,10.0,0.5617,-9.9,0
10,0.4948,0.0,0.0,0.344,0.0082,0.7702,104.9,0
4,1.8899,0.0992,0.0267,0.5903,0.0015,0.9791,6.3,0
3,1.0449,0.0818,0.238,0.0,0.0101,0.7531,22.7,0
10,1.8776,0.122,0.1411,0.0357,10.0,0.139,12.1,1
18,0.9451,0.369,0.0,0.1589,0.0132,0.6099,-2.3,1
10,0.7626,0.7173,0.0,0.2801,0.1519,0.0,7.0,0
6,0.0627,0.0,0.0,0.0,0.0176,0.8739,109.6,0
2,1.0603,0.0,0.0,0.5569,2.0839,0.2288,44.8,1
17,0.3446,0.0,0.0,0.4664,0.0014,0.1736,115.4,0
18,1.5674,0.2185,0.0459,0.0,0.3098,0.5752,74.8,0
7,1.0038,0.2355,0.182,0.4138,0.053,0.6173,-11.4,1
14,1.4727,0.7156,0.0,0.3449,0.0389,0.0,5.3,0
10,1.6114,0.0,0.2435,0.0,6.5884,0.5155,-21.5,1
14,1.2136,0.4713,0.4572,0.2862,10.0,0.5956,1.7,1
15,0.7716,0.0,0.0,0.5443,0.0148,0.868,76.8,0
18,1.6316,0.0,0.1301,0.0,0.0009,0.1885,112.2,0
1,0.8001,0.1024,0.0513,0.1261,5.4465,0.072,36.6,1
15,0.2295,0.0,0.4678,0.0,0.0021,0.2606,58.9,0
19,1.59,0.0,0.0,0.4824,0.0063,0.5778,27.5,0
14,0.0241,0.1488,0.2936,0.1791,0.0011,0.8363,24.5,0
13,1.1833,0.1983,0.0797,0.2345,1.285,0.2091,41.1,1
3,0.887,0.2668,0.0,0.5314,2.4866,0.1244,50.4,1
18,1.5742,0.0494,0.0483,0.0,0.0008,0.678,17.5,0
5,0.8222,0.0,0.0,0.4628,0.7644,0.3999,59.0,0
12,0.3966,0.169,0.0836,0.0,0.4995,0.0125,-10.7,1
10,1.8688,0.2751,0.0,0.3923,0.0004,0.375,102.3,0
17,0.7644,0.0,0.1229,0.2076,0.0009,0.6288,49.0,0
17,1.3276,0.0,0.0025,0.1649,0.0026,0.5159,79.5,0
6,0.2963,0.0,0.002,0.0,0.0002,0.976,83.7,0
18,0.5912,0.1415,0.0705,0.0,0.0017,0.8338,109.2,0
6,1.8344,0.0191,0.1441,0.0,0.1869,0.418,-12.4,1
3,0.8471,0.0,0.0,0.2162,0.1396,0.9016,-29.6,1
2,0.0,0.0,0.0,0.1376,0.0856,0.2841,7.2,0
14,1.9159,0.2752,0.0,0.0,0.002,0.3718,28.9,0
7,1.1057,0.0,0.213,0.3656,0.0643,0.9652,73.7,0
11,1.2153,0.0,0.1001,0.5734,0.0266,0.0,116.3,0
19,1.1217,0.0,0.2163,0.0,8.8122,0.3054,-19.9,1
5,0.758,0.0,0.0,0.0367,0.0097,0.8626,60.2,0
20,1.944,0.0,0.1524,0.0188,0.0021,0.3591,55.0,0
1,0.0,0.3408,0.244,0.0,0.0023,0.9632,115.4,0
12,0.0,0.0,0.0866,0.0,0.0821,0.6975,88.6,0
19,0.9848,0.0,0.0,0.583,0.0005,0.1273,109.2,0
18,0.0,0.2195,0.352,0.4331,0.0064,0.569,15.7,0
12,0.0165,0.0,0.6337,0.0,0.0028,0.9678,66.6,0
1,1.0456,0.0,0.0,0.4636,0.0474,0.4795,16.7,0
20,1.0621,0.0,0.0458,0.3881,0.0,0.9781,70.7,0
13,0.8866,0.0,0.0,0.3618,0.0008,0.751,14.4,0
15,0.7556,0.0,0.0,0.0,2.4991,0.4409,1.7,1
6,0.0,0.2409,0.0,0.0418,0.0877,0.0,112.6,0
8,0.0,0.3058,0.1124,0.1017,0.0003,0.6824,92.3,0
15,1.3198,0.2357,0.7752,0.4741,0.0028,0.6971,117.3,0
15,0.0,0.0,0.0,0.4074,0.0135,0.6251,33.7,0
8,0.1642,0.3273,0.1101,0.0,0.0034,0.46,97.1,0
11,1.0465,0.0,0.0,0.0,2.2609,0.5455,2.5,1
10,1.9879,0.0,0.0361,0.0088,0.0208,0.1991,8.9,0
20,0.0,0.0816,0.0134,0.1318,0.0026,0.5191,6.6,0
2,1.2289,0.0,0.0,0.0,2.2436,0.3674,36.0,1
2,0.1056,0.4578,0.1446,0.0,2.5035,0.2809,-29.0,1
9,1.0043,0.1135,0.0,0.0,1.0241,0.3962,45.7,1
8,0.0,0.1581,0.0,0.5981,0.0676,0.7892,55.2,0
7,0.0558,0.1917,0.0,0.0,0.0012,0.2865,113.5,0
7,1.1147,0.1755,0.1551,0.4727,0.0098,0.1664,96.2,0
6,1.7851,0.182,0.2004,0.2809,0.0342,0.0,73.9,0
11,1.4615,0.5543,0.0,0.2554,0.2923,0.3785,42.9,0
15,0.0,0.0,0.0327,0.0,0.0019,0.6683,72.0,0
3,0.0,0.4013,0.1727,0.0,0.3628,0.5444,3.9,0
8,0.0426,0.2803,0.0,0.5799,0.0026,0.2673,101.8,0
10,0.0,0.0443,0.0437,0.3491,0.0002,0.858,58.6,0
2,0.5488,0.2046,0.1973,0.0674,2.2958,0.0,71.3,0
1,0.4773,0.0985,0.3644,0.4522,0.0318,0.6926,19.4,0
1,0.2272,0.1994,0.0,0.0,0.1381,0.6576,10.4,0
19,1.6878,0.3141,0.2954,0.0,0.0039,0.8352,108.0,0
5,0.0,0.2119,0.0,0.0,2.542,0.0109,16.0,1
19,0.9311,0.2997,0.0,0.0,0.0384,0.1666,88.2,0
4,1.3832,0.4125,0.0231,0.4707,0.2661,0.4204,18.4,0
19,0.0,0.2077,0.0,0.5868,0.0061,0.0547,63.9,0
11,1.4068,0.1464,0.1182,0.0,1.2098,0.0,49.8,1
7,0.8892,0.5848,0.2678,0.0,0.3692,0.2197,49.4,0
2,1.3589,0.5139,0.3996,0.3071,1.8363,0.7586,83.0,1
2,1.8434,0.0,0.0,0.0,0.0436,0.0,48.8,0
11,1.8649,0.0,0.0,0.2682,0.0221,0.5622,22.1,0
13,1.8001,0.0,0.0,0.0,0.1098,0.0,114.8,1
5,0.8323,0.0307,0.0,0.0554,6.9982,0.5103,-22.7,1
14,0.395,0.1733,0.3739,0.0,0.0007,0.7486,38.0,0
15,0.951,0.0184,0.0,0.0136,0.0357,0.5508,51.6,0
1,0.1544,0.2732,0.0509,0.1236,0.0123,0.4581,110.7,0
7,1.8724,0.0458,0.0,0.0,0.0219,0.3631,30.6,0
15,0.748,0.0,0.1447,0.0,4.9422,0.599,-2.8,1
18,0.9902,0.0,0.0212,0.3073,0.1343,0.1582,-9.1,1
20,0.4124,0.0,0.0,0.0,0.0402,0.4951,-14.1,1
6,1.8615,0.0878,0.3194,0.0,5.1988,0.1511,-12.6,1
2,0.5976,0.3488,0.0361,0.2762,10.0,0.1664,-5.8,1
20,0.0,0.3489,0.0,0.0288,0.0001,0.4859,111.9,0
16,0.3662,0.1375,0.0,0.0939,10.0,0.3411,-24.4,1
10,1.9061,0.2773,0.0,0.491,0.0112,0.2296,35.1,0
13,1.3801,0.0,0.0,0.4803,0.0007,0.48,84.1,0
18,0.5344,0.0,0.0,0.5237,0.0022,0.7804,16.4,0
18,0.8816,0.0,0.0519,0.206,0.0022,0.385,41.9,0
20,0.0,0.0,0.0166,0.0,0.0145,0.2951,56.9,0
15,0.6303,0.0611,0.0252,0.3663,0.2087,0.3959,38.7,0
5,1.6136,0.0,0.0946,0.5672,0.7685,0.3567,109.2,1
3,0.0,0.5167,0.1754,0.4058,0.1223,0.4998,72.9,0
10,0.0,0.2563,0.0833,0.4422,0.1107,0.5711,87.6,0
13,0.8501,0.1304,0.0,0.1794,0.1524,0.7191,0.6,0
20,0.9027,0.0,0.3065,0.5723,0.0019,0.9606,4.6,0
8,0.6269,0.0,0.4472,0.3424,3.783,0.7457,-11.9,0
4,0.0,0.1604,0.1874,0.0,0.2713,0.2971,99.6,1
19,1.466,0.3073,0.0,0.0,0.1537,0.0318,25.8,0
18,1.785,0.0,0.0,0.0036,0.0058,0.598,28.8,0
11,1.1521,0.0071,0.0061,0.0,2.1273,0.1525,25.4,1
14,0.0181,0.0964,0.0636,0.5354,2.2731,0.3285,12.2,1
8,0.8718,0.1743,0.0782,0.0,0.0039,0.3801,115.7,0
20,0.4984,0.0,0.0507,0.4021,0.1224,0.1113,106.0,0
4,0.9802,0.0,0.0294,0.4325,0.1341,0.5846,23.2,0
13,0.7989,0.0,0.0,0.2986,0.0005,0.0796,97.2,0
18,1.0552,0.0,0.1696,0.2998,0.1024,0.6983,28.8,0
7,0.1444,0.3978,0.2258,0.2521,1.1973,0.8153,-18.3,0
12,0.0,0.081,0.0959,0.0,0.0534,0.564,34.8,0
8,0.4171,0.4237,0.0,0.5824,0.0056,0.715,31.4,0
12,1.7343,0.0,0.2979,0.1953,0.3643,0.1425,68.5,0
16,0.606,0.0638,0.0,0.2185,0.0073,0.8161,112.0,0
12,0.4031,0.1968,0.0,0.0,0.0017,0.1574,27.0,0
8,1.861,0.0,0.0,0.021,0.2655,0.8154,15.3,0
13,1.8366,0.5619,0.2629,0.5732,0.011,0.5866,58.8,0
20,1.6763,0.0,0.229,0.3237,0.1467,0.8019,93.7,0
9,0.2696,0.4675,0.0,0.0744,0.0005,0.159,74.5,0
8,0.9308,0.0,0.2421,0.0,0.1818,0.4778,-3.6,1
15,0.4128,0.5179,0.0247,0.4232,0.0093,0.6889,60.5,0
5,1.3727,0.0,0.2338,0.3566,0.701,0.1755,22.1,0
9,0.1496,0.0015,0.0,0.0191,0.007,0.4673,97.2,0
18,1.2755,0.0,0.3371,0.2864,0.0512,0.7699,2.0,0
2,1.848,0.2964,0.0,0.0,7.9684,0.0931,78.8,1
11,0.6311,0.4528,0.1987,0.1882,0.0019,0.9464,51.3,0
6,0.0,0.274,0.0492,0.0,0.0064,0.1561,21.5,0
11,0.7424,0.0,0.2434,0.0754,0.0009,0.0,83.3,0
20,0.3563,0.5041,0.0986,0.4572,0.1974,0.6724,91.4,0
7,0.0,0.0,0.6184,0.3925,0.0152,0.4343,108.4,0
17,0.3632,0.1751,0.0,0.0,10.0,0.6302,0.4,1
9,0.0681,0.0,0.2536,0.5315,0.4791,0.316,111.2,0
11,0.0,0.3351,0.1935,0.0,0.009,0.746,2.4,0
5,1.3294,0.0,0.0,0.0,0.0083,0.1197,26.8,0
19,1.3447,0.1305,0.0,0.337,0.0051,0.3787,64.4,0
13,0.8768,0.206,0.0761,0.5148,0.0032,0.2598,58.3,0
17,0.0,0.0546,0.0915,0.2454,0.0018,0.0,95.7,0
12,0.3773,0.4382,0.0,0.5466,0.8083,0.0177,118.9,0
9,0.8484,0.0,0.1573,0.0,0.0555,0.815,0.7,0
19,0.6512,0.0,0.077,0.327,0.1177,0.1742,15.4,0
6,0.3922,0.0,0.1264,0.0,1.7451,0.715,9.3,1
12,1.5261,0.0394,0.0738,0.4113,0.0009,0.1368,63.4,0
2,0.0,0.0,0.0,0.4043,10.0,0.2295,-26.7,0
18,0.576,0.3851,0.0,0.5786,0.0917,0.8697,40.6,0
6,1.3371,0.0,0.3477,0.0,0.3067,0.3996,75.7,0
9,0.6657,0.0,0.0,0.0,0.0195,0.8116,32.7,0
9,0.5746,0.0,0.0256,0.0,0.0104,0.2457,10.8,0
1,1.6805,0.2129,0.0,0.0,0.0215,0.0,107.6,0
3,0.0,0.0,0.0,0.0,0.1252,0.8473,115.9,0
16,0.3848,0.0,0.172,0.0,0.3519,0.0,82.4,0
1,0.0,0.0,0.0705,0.3118,0.0471,0.2181,45.7,1
5,0.9693,0.3472,0.0,0.1656,0.4555,0.5856,6.8,0
5,1.3749,0.0,0.0,0.101,0.0029,0.8648,17.7,0
16,0.9477,0.4797,0.1108,0.2479,0.0052,0.0681,115.6,0
5,1.1555,0.0,0.0524,0.0,0.0058,0.512,24.8,0
4,0.7645,0.0,0.3301,0.2617,0.0172,0.0,27.0,0
13,0.0,0.0,0.1681,0.5026,0.0582,0.0,51.3,0
13,0.0,0.3101,0.0734,0.2278,0.0357,0.2937,42.8,0
18,1.4988,0.1806,0.0,0.1215,4.4647,0.3253,-15.3,1
7,1.6584,0.0157,0.0,0.0319,7.5984,0.0549,-19.2,1
12,1.4085,0.0772,0.1206,0.0849,0.0027,0.0579,45.2,0
3,0.6715,0.0,0.0,0.3664,10.0,0.5794,-13.5,0
12,1.5026,0.0121,0.004,0.2214,0.6708,0.6034,-18.3,1
17,1.0954,0.1687,0.0,0.0,0.021,0.7759,39.9,1
3,1.5114,0.0,0.0,0.0,0.0039,0.4761,108.5,0
10,1.7075,0.2874,0.0734,0.0,0.0005,0.7772,78.3,0
1,1.6047,0.0,0.2579,0.0,0.0559,0.3458,106.1,0
5,1.2541,0.0326,0.2558,0.0,0.0066,0.4967,12.1,0
18,0.5165,0.4458,0.5062,0.0,0.4521,0.7263,-23.7,1
10,1.355,0.0,0.2517,0.2557,0.0012,0.0,111.1,0
20,0.4409,0.0675,0.3337,0.0,0.0611,0.5164,113.8,0
9,0.393,0.4044,0.0,0.1733,0.002,0.5365,26.7,0
3,1.4524,0.1533,0.4067,0.3941,10.0,0.3039,-9.7,1
11,0.465,0.0,0.035,0.463,0.0031,0.0027,37.7,0
1,0.6147,0.3188,0.0,0.5711,0.0094,0.8242,72.4,0
15,1.6033,0.0,0.133,0.0,0.0071,0.6567,50.7,0
19,1.7275,0.0,0.2353,0.0438,0.0191,0.6796,15.5,0
15,0.0,0.3882,0.0,0.2078,0.0048,0.1878,114.0,0
11,0.802,0.3504,0.1414,0.0,0.345,0.0,12.1,0
14,1.068,0.0696,0.4428,0.0,0.5008,0.3355,27.3,0
5,1.3202,0.137,0.0,0.3972,10.0,0.2001,-29.9,1
4,0.7536,0.1527,0.0224,0.0,0.4336,0.7668,22.2,0
8,0.2579,0.2509,0.0,0.0,0.1783,0.466,96.4,0
1,0.6674,0.0,0.0578,0.446,0.2576,0.7107,23.7,0
17,1.9461,0.0,0.0599,0.2103,0.0011,0.8507,10.2,1
10,1.0395,0.1325,0.0,0.2802,0.217,0.3606,92.1,1
19,0.4112,0.5686,0.23,0.3708,0.0152,0.0304,18.3,0
12,1.0988,0.0,0.0,0.4652,0.0078,0.5161,72.1,0
5,0.1653,0.0,0.0215,0.3303,0.0469,0.1604,38.6,0
8,0.2888,0.1939,0.0,0.0,0.6574,0.3881,24.1,0
2,1.4873,0.0,0.0,0.0,4.2558,0.071,18.4,1
1,0.9441,0.0234,0.2424,0.0,0.6563,0.7289,-28.4,1
4,0.4801,0.0,0.0,0.3671,0.1027,0.7887,94.6,0
1,1.1692,0.0,0.4699,0.176,0.0295,0.7776,40.6,0
5,1.002,0.3101,0.3111,0.0,0.3952,0.3654,20.4,0
16,0.7854,0.3557,0.2439,0.0881,0.0135,0.0679,49.1,0
6,1.1264,0.0,0.091,0.5536,0.9001,0.0,71.7,0
11,1.4057,0.0,0.6588,0.4328,0.1218,0.8538,26.8,0
7,1.3315,0.0,0.4583,0.5251,5.1896,0.2386,-27.8,1
15,0.7558,0.1421,0.1733,0.0,0.0044,0.8993,31.8,0
7,1.1284,0.1008,0.6656,0.5589,0.0052,0.242,53.1,0
5,0.2697,0.2248,0.2778,0.2367,0.0021,0.8288,118.8,0
14,0.704,0.0,0.0,0.4918,0.4317,0.1082,68.6,0
2,1.9193,0.0,0.2618,0.0,0.5767,0.8099,53.9,0
9,0.3127,0.2365,0.0,0.4739,10.0,0.4181,6.2,1
14,0.0,0.1163,0.0,0.5886,2.2544,0.3826,-26.9,1
3,0.0,0.0,0.2369,0.029,0.2134,0.3221,119.1,0
20,1.3732,0.6568,0.2583,0.0,0.0171,0.3299,90.4,0
15,1.9777,0.3713,0.0969,0.0,0.0541,0.8342,96.3,0
15,0.3109,0.018,0.0,0.2746,0.2343,0.0605,116.5,0
16,0.7006,0.0,0.5206,0.4351,0.3431,0.501,57.5,0
11,1.7709,0.0,0.3709,0.0,1.6075,0.4803,3.5,1
20,1.9381,0.0566,0.0641,0.4902,0.0008,0.7944,86.9,0
17,0.8842,0.2818,0.5802,0.2441,0.1648,0.5804,109.7,0
2,1.0794,0.1784,0.0246,0.0415,0.0496,0.8352,-29.8,1
9,1.1878,0.2167,0.0,0.0,0.0113,0.2085,33.0,0
5,1.0096,0.0,0.2514,0.0,1.576,0.2468,105.2,1
3,1.7305,0.2771,0.0409,0.0,0.4355,0.5903,92.9,0
3,0.1834,0.0313,0.0,0.242,0.1615,0.6701,38.7,0
2,0.0,0.2429,0.3411,0.0,7.5957,0.4657,14.7,1
16,1.4698,0.2906,0.008,0.1804,0.1412,0.6059,93.0,0
2,0.0,0.4231,0.4477,0.0,0.0017,0.955,15.9,0
19,0.6914,0.4817,0.2072,0.1193,0.041,0.0,51.7,0
2,1.2696,0.0,0.0028,0.0,0.0162,0.5865,104.4,0
5,1.9269,0.2381,0.2511,0.0357,0.4651,0.28,63.9,0
12,1.0421,0.0857,0.0,0.4212,0.068,0.2128,28.6,0
17,1.071,0.0,0.1873,0.0922,0.1773,0.0,104.8,0
6,0.9154,0.0572,0.0494,0.0426,0.0101,0.0,56.2,0
8,0.5963,0.1719,0.2667,0.0,0.0036,0.8874,93.6,0
10,0.1197,0.0,0.0,0.0,0.0011,0.0,89.4,0
14,0.9458,0.3836,0.245,0.0,2.1293,0.3737,-16.1,1
15,0.2669,0.0,0.0,0.221,0.056,0.4175,96.8,1
6,1.6141,0.0,0.0267,0.0133,0.0465,0.4979,108.8,0
2,0.2384,0.625,0.1236,0.0933,0.1351,0.7335,30.1,0
19,0.7086,0.2536,0.5712,0.0,0.0018,0.2989,93.0,0
13,1.3642,0.3869,0.0582,0.2427,0.0166,0.1709,16.9,1
6,1.4641,0.0096,0.2293,0.0192,0.0112,0.8577,9.7,0
4,1.538,0.2918,0.0,0.3549,5.8033,0.0538,16.7,1
14,1.1271,0.4553,0.1943,0.1206,10.0,0.2204,-13.3,1
8,1.6376,0.0,0.346,0.2496,0.2476,0.7086,76.5,0
14,0.0,0.0673,0.0,0.2011,0.0306,0.3885,52.1,0
6,0.0,0.3246,0.1366,0.1585,0.0103,0.0,21.8,0
13,0.704,0.2202,0.1304,0.3694,10.0,0.0,-8.5,1
18,1.5103,0.0,0.0,0.3188,0.2999,0.2119,115.7,0
8,1.9948,0.056,0.0,0.2987,0.2419,0.706,104.3,0
10,0.0244,0.0284,0.0001,0.4274,0.0023,0.8322,59.3,0
15,1.1688,0.1341,0.0,0.0905,0.0318,0.1658,-7.9,1
9,1.8718,0.3266,0.0,0.3023,0.5814,0.3351,71.9,0
7,0.0,0.4565,0.3981,0.0,0.484,0.1079,93.1,0
17,0.1555,0.0804,0.053,0.4404,0.1041,0.1238,4.3,0
12,0.0,0.0,0.0,0.2264,0.8255,0.5167,-14.8,1
13,0.9304,0.0,0.109,0.0303,0.0846,0.8422,-24.9,1
19,0.6854,0.1625,0.0,0.0,0.3223,0.7837,25.4,0
12,0.0745,0.074,0.0696,0.1866,0.0104,0.0,102.3,0
3,1.7205,0.0,0.0,0.0304,0.0269,0.2085,7.8,0
7,0.5176,0.4118,0.0,0.0,0.0568,0.6835,-1.5,1
1,0.0,0.0543,0.0885,0.2954,0.0044,0.2674,108.6,0
7,0.1461,0.0,0.0048,0.0,0.1114,0.6376,-25.4,1
14,0.0,0.0,0.2825,0.4952,1.0496,0.0,-11.6,1
20,1.1889,0.0,0.0,0.0623,0.0018,0.9647,28.9,0
12,0.0,0.0654,0.0,0.2715,0.2358,0.0,54.2,0
20,0.7193,0.191,0.0,0.0,0.0157,0.0229,95.9,0
6,0.0,0.0,0.3102,0.0,0.0144,0.4666,22.0,0
8,0.0566,0.0,0.1063,0.2394,1.003,0.0,-5.3,1
10,0.6711,0.2097,0.0861,0.0,0.0007,0.7581,90.9,0
5,0.3228,0.2637,0.1649,0.4901,0.2729,0.6669,-8.6,1
1,0.0,0.2586,0.0,0.1651,10.0,0.4451,-0.7,1
20,1.8549,0.2332,0.0,0.1692,0.0078,0.9213,37.5,0
18,0.3832,0.0753,0.144,0.0,0.1329,0.0927,85.5,0
5,1.154,0.349,0.2458,0.0,0.0316,0.3082,87.5,0
18,1.6989,0.2331,0.0,0.549,0.0758,0.0,41.7,0
6,0.4637,0.0,0.0,0.0,0.0054,0.824,51.3,0
1,1.8285,0.0,0.5496,0.3246,10.0,0.0,14.5,1
16,1.8988,0.1352,0.4275,0.0,0.0917,0.1688,-25.2,1
4,0.5993,0.1493,0.2662,0.3008,10.0,0.0332,-14.4,0
2,1.5974,0.3329,0.0,0.2343,10.0,0.031,-29.1,1
8,0.7793,0.0,0.1949,0.0184,0.0079,0.7735,20.4,0
11,1.8345,0.487,0.4307,0.2168,1.6856,0.2137,-2.1,1
7,0.0907,0.0,0.1812,0.2568,0.3794,0.3016,56.6,1
4,0.8706,0.1197,0.1857,0.1361,0.0325,0.0557,101.0,0
10,0.2975,0.0,0.4182,0.5392,0.448,0.3267,67.4,0
12,0.0805,0.3931,0.0,0.0,0.0868,0.0725,97.4,0
19,1.0236,0.238,0.2792,0.008,0.0013,0.6191,88.5,0
3,1.9279,0.0,0.1383,0.53,2.0171,0.2604,40.7,1
1,0.5473,0.656,0.0,0.0,0.0736,0.3629,103.9,0
1,1.4495,0.1225,0.0,0.287,0.8228,0.7591,109.9,0
13,0.0,0.0,0.0544,0.0,0.0053,0.2468,115.9,0
4,1.6332,0.0656,0.0,0.4437,0.158,0.2703,100.5,0
6,0.0195,0.0,0.1472,0.0,6.2718,0.0395,6.4,1
14,1.4552,0.3563,0.5023,0.1101,0.2278,0.0238,84.4,1
1,1.5236,0.0,0.1739,0.0,2.8959,0.0363,58.9,1
19,0.4005,0.1291,0.2488,0.0,0.0378,0.5308,20.0,0
2,1.2795,0.3558,0.0,0.5448,0.0163,0.5543,20.3,0
2,0.0,0.0,0.4443,0.1321,0.0543,0.869,110.9,0
14,0.8174,0.0,0.0,0.1274,0.0053,0.931,112.3,0
15,0.7102,0.0,0.3866,0.1772,0.0007,0.1062,91.4,0
18,1.907,0.2269,0.6738,0.0,0.0008,0.409,80.2,0
18,0.2044,0.0531,0.0,0.4623,3.335,0.0,-17.7,1
18,0.1353,0.1963,0.0,0.5001,10.0,0.502,-6.7,1
4,1.3793,0.0,0.0,0.4975,0.0044,0.4308,107.5,0
1,1.4049,0.0189,0.0,0.3806,1.6503,0.8364,38.9,1
2,1.8555,0.0,0.0,0.2195,7.0963,0.8619,-29.7,0
12,1.0325,0.2585,0.0614,0.2684,0.0003,0.4442,94.2,0
19,1.367,0.0,0.0211,0.157,0.0879,0.565,30.2,0
3,0.5363,0.4889,0.0,0.4092,10.0,0.1138,20.8,1
1,1.552,0.0,0.2551,0.0766,0.2498,0.54,-15.3,1
7,0.7513,0.5829,0.1356,0.0,7.9893,0.653,-7.6,1
18,1.0228,0.0,0.0873,0.1072,0.0047,0.4633,80.7,0
18,0.9607,0.0,0.0153,0.3034,0.0151,0.5502,33.1,0
12,0.6118,0.0,0.2485,0.1138,1.7666,0.0,13.7,1
6,0.3552,0.0888,0.0,0.2273,1.1395,0.9648,-18.7,1
12,1.6915,0.1173,0.5069,0.5867,0.1365,0.8975,-1.3,1
15,0.8313,0.2314,0.2504,0.1624,0.1578,0.6444,37.8,0
20,1.1408,0.1549,0.4227,0.0,0.0016,0.5582,37.9,0
13,1.3337,0.1676,0.2596,0.0,0.2745,0.8367,25.4,0
6,0.3027,0.0,0.0402,0.0,0.3631,0.0201,42.5,0
19,0.0,0.0632,0.141,0.0,1.1711,0.286,9.7,1
2,1.6235,0.158,0.1604,0.3607,0.9898,0.2027,90.3,1
15,0.165,0.0,0.0756,0.0,0.046,0.3634,40.7,0
5,0.0,0.5941,0.0,0.0,0.0009,0.8561,80.5,0
4,1.1299,0.0516,0.0788,0.3985,0.0001,0.9667,112.6,0
11,0.8489,0.2144,0.0,0.307,1.2103,0.4948,57.8,1
5,0.0555,0.0,0.2668,0.0,0.0575,0.1805,114.0,0
4,1.1627,0.0,0.1668,0.0,0.9797,0.2986,73.9,1
6,1.2095,0.2935,0.1332,0.0,6.4312,0.0733,-11.0,1
3,0.78,0.2284,0.4208,0.0,0.0024,0.5898,88.0,0
9,1.4425,0.2929,0.0,0.4024,0.0177,0.8061,-7.6,1
1,0.0,0.0,0.3504,0.1728,3.3803,0.5626,-20.3,1
10,0.3594,0.1691,0.1101,0.1536,1.3738,0.145,0.4,1
10,1.0447,0.1312,0.2128,0.1621,0.002,0.3975,86.8,0
1,0.9051,0.8038,0.1723,0.3436,0.0042,0.8145,38.5,0
19,1.7424,0.0629,0.0,0.0,0.0988,0.0401,21.7,0
18,1.0307,0.1757,0.0444,0.3068,0.0739,0.5134,10.9,0
20,0.5851,0.0,0.0749,0.447,0.034,0.0243,36.6,0
5,0.8477,0.161,0.2461,0.5678,0.0377,0.0,108.1,0
11,1.0626,0.0,0.0804,0.0,0.013,0.3907,119.9,0
6,1.874,0.0,0.0,0.0,0.0067,0.2003,50.2,0
11,1.9088,0.0,0.0543,0.022,0.0013,0.1551,60.3,0
10,1.5867,0.0,0.5731,0.0,0.0111,0.4169,52.7,0
14,1.6438,0.0,0.0922,0.0,0.0821,0.266,-17.4,1
16,1.6727,0.0281,0.0216,0.5832,0.0056,0.9013,-20.4,1
19,0.5297,0.2549,0.4263,0.0,0.0034,0.7394,85.4,0
12,1.4689,0.5188,0.0,0.1465,0.5412,0.0,49.4,0
4,1.6278,0.1206,0.3326,0.0,0.218,0.8481,-21.1,1
5,0.0,0.6423,0.0,0.0656,10.0,0.3387,-13.2,1
12,1.3209,0.5574,0.0724,0.3187,0.3782,0.3153,112.3,0
17,0.0,0.0,0.1913,0.0,0.0053,0.4908,17.2,0
10,0.7093,0.2191,0.3574,0.0,0.181,0.4371,97.3,0
16,1.0425,0.3408,0.0,0.0,1.7103,0.697,-15.0,1
9,0.3895,0.073,0.0,0.0,0.0162,0.1875,110.0,0
19,0.8435,0.4014,0.1758,0.0248,0.0492,0.0013,3.8,0
13,1.3642,0.1864,0.029,0.4982,0.1019,0.0,60.0,0
8,1.5891,0.1656,0.4544,0.0493,5.6104,0.3017,3.6,1
5,1.5677,0.0758,0.0,0.1056,10.0,0.0997,-10.5,1
18,1.6684,0.2516,0.0548,0.5972,10.0,0.0987,-20.9,1
16,0.3984,0.0,0.0593,0.0,2.1485,0.8341,-16.0,1
6,0.338,0.1129,0.1074,0.3012,0.0589,0.4882,51.4,0
20,1.6755,0.0,0.0154,0.2303,10.0,0.1559,-0.4,1
18,1.5034,0.0,0.4227,0.3438,0.0084,0.5604,32.8,0
20,1.7524,0.4349,0.2185,0.0246,0.1674,0.5967,89.3,1
4,0.1412,0.5065,0.0,0.3365,10.0,0.8273,-8.1,1
8,0.4791,0.0,0.0,0.0,10.0,0.0,-12.7,1
2,0.0508,0.0,0.0,0.0,10.0,0.4288,-7.7,1
11,1.4698,0.3688,0.0,0.3731,0.0169,0.8768,119.4,0
16,0.1262,0.0,0.6873,0.138,10.0,0.3816,-16.0,1
14,0.6644,0.0,0.2273,0.4477,0.0111,0.6538,117.6,1
20,1.2945,0.0027,0.0389,0.0,0.1726,0.4324,14.6,0
10,1.0498,0.3714,0.0,0.0,0.4307,0.0,-0.1,1
17,1.7511,0.3393,0.0863,0.3564,0.4355,0.0,11.8,0
12,1.6701,0.1733,0.2394,0.0612,0.0235,0.9023,3.2,0
4,0.0,0.3193,0.2846,0.0,0.0073,0.4447,75.5,1
13,0.4927,0.0,0.3698,0.1739,0.4622,0.8662,-19.6,1
2,1.1158,0.0,0.0,0.2786,1.0568,0.3196,49.9,1
17,0.0,0.2014,0.4167,0.2646,9.992,0.7665,-29.1,1
18,0.0,0.0,0.1943,0.0,0.0007,0.5304,83.9,0
12,0.0218,0.0,0.0692,0.4648,10.0,0.5962,-15.4,1
15,1.1775,0.3661,0.1578,0.0,0.0364,0.5574,79.2,0
7,1.8085,0.2323,0.0442,0.194,0.0982,0.3787,112.4,0
17,0.6513,0.0502,0.1564,0.1059,0.5648,0.9267,-1.9,1
16,0.0,0.0,0.0517,0.0,10.0,0.3584,-23.2,0
8,0.4776,0.3814,0.0,0.0,0.0028,0.8451,69.1,0
16,0.0,0.5794,0.1373,0.0,10.0,0.6806,-2.2,1
10,1.4003,0.0,0.2541,0.0,0.033,0.483,75.5,0
9,0.1424,0.123,0.0093,0.0492,0.0044,0.1193,99.9,0
2,0.0129,0.1171,0.7847,0.332,0.9146,0.3695,105.5,1
15,0.4848,0.4261,0.0,0.1397,1.0594,0.1589,31.2,1
17,0.3017,0.1289,0.1102,0.0,1.4917,0.7333,-22.9,1
16,1.8446,0.0,0.2482,0.3505,0.3501,0.371,78.2,0
3,1.5511,0.0,0.1674,0.2775,8.3554,0.0,1.4,1
2,0.4866,0.0,0.0,0.4453,10.0,0.3884,0.1,1
6,1.2246,0.4393,0.0,0.0,0.6374,0.8002,21.8,0
11,0.5656,0.4886,0.0,0.0,0.0029,0.0,30.2,0
4,0.9922,0.5805,0.0,0.5535,0.1079,0.0,56.8,0
5,0.0,0.0,0.0795,0.3143,0.0454,0.7727,-7.3,0
15,0.6443,0.0,0.0395,0.5131,10.0,0.1332,-2.7,1
11,0.0,0.1665,0.0,0.1673,1.9518,0.2524,22.4,1
8,1.2118,0.2964,0.0,0.0,0.0063,0.2194,25.6,0
7,1.314,0.0,0.0774,0.0,0.0022,0.0143,48.8,0
14,0.179,0.1445,0.0801,0.0251,2.2353,0.5851,13.0,1
12,0.0471,0.1699,0.0,0.3578,0.0016,0.2573,113.0,0
6,1.2035,0.239,0.329,0.0,0.5655,0.1144,97.1,0
14,1.7043,0.0,0.347,0.2629,0.8863,0.7066,-14.5,1
18,1.1165,0.0338,0.779,0.0,0.5378,0.2575,-12.4,1
12,0.6528,0.0,0.2588,0.592,0.0183,0.4239,37.8,0
4,1.6353,0.5289,0.0,0.0,0.197,0.324,41.0,0
18,1.075,0.077,0.0,0.1065,0.0562,0.18,4.2,0
16,1.8238,0.1191,0.0293,0.0,0.106,0.7245,112.4,1
3,0.7014,0.0,0.6033,0.0,0.1066,0.3986,-23.0,1
20,0.3712,0.0,0.0,0.0,0.0011,0.6017,118.0,0
14,1.2584,0.1785,0.0,0.0709,0.0004,0.3862,77.5,0
12,1.9753,0.4407,0.3178,0.341,0.1774,0.4465,5.0,0
16,0.4946,0.0,0.0,0.5433,6.1948,0.3903,-12.5,1
12,1.7214,0.0,0.0,0.0,0.1699,0.0,84.4,0
4,1.5156,0.2323,0.0,0.0892,0.0257,0.952,-4.9,1
2,1.5869,0.0853,0.0,0.4905,0.0106,0.1395,61.2,0
18,0.227,0.1522,0.0695,0.2226,0.0002,0.33,111.1,0
8,0.863,0.0,0.2577,0.5968,0.0287,0.0368,17.3,0
20,1.4793,0.0,0.1703,0.0607,1.1049,0.1662,42.9,1
2,0.222,0.0,0.2982,0.0,0.8746,0.0267,28.8,1
9,0.2052,0.3326,0.0,0.5536,10.0,0.0,-17.4,1
11,0.0931,0.0,0.2426,0.3416,0.1605,0.3079,28.6,0
5,0.7289,0.4474,0.0,0.0,1.6099,0.156,71.5,1
4,1.9259,0.0809,0.1111,0.5598,0.5602,0.9779,-5.1,1
12,0.2178,0.0,0.0,0.0,5.2724,0.5222,-12.5,1
16,0.1864,0.1898,0.0,0.2748,0.0033,0.6477,111.4,0
15,1.0874,0.0,0.2658,0.4794,0.0441,0.2883,99.2,0
11,0.6982,0.2803,0.2883,0.4122,0.0014,0.9693,119.1,1
5,1.0283,0.0,0.2616,0.4586,3.9137,0.5466,-20.4,1
5,0.7048,0.2164,0.2572,0.4245,10.0,0.5522,-24.5,1
5,1.4747,0.4115,0.0681,0.0,0.162,0.5751,53.5,0
17,1.164,0.0,0.0168,0.0,0.0129,0.7209,71.2,0
19,0.8238,0.2812,0.0,0.0,0.0034,0.1732,34.6,0
13,1.5297,0.0,0.0,0.0,0.0306,0.8104,102.1,0
14,1.0666,0.1193,0.2451,0.3627,0.0528,0.1973,-18.7,1
6,1.5865,0.3363,0.0,0.0568,0.0101,0.8215,89.7,0
3,0.3158,0.4152,0.0,0.0,0.2947,0.7456,116.6,0
15,0.0,0.0,0.0128,0.5736,0.0092,0.9143,49.3,0
11,1.4836,0.0503,0.0,0.0,0.5471,0.2508,45.6,0
12,0.1707,0.0,0.2736,0.2288,0.0448,0.9285,28.6,0
4,1.3201,0.532,0.0579,0.0,0.2591,0.795,54.6,0
17,0.4042,0.2661,0.6931,0.1665,0.0224,0.6915,0.2,1
2,1.8753,0.0,0.0241,0.018,0.887,0.5365,-12.2,1
20,0.2574,0.267,0.0741,0.4108,0.2114,0.3026,83.9,0
5,0.7137,0.453,0.0743,0.4552,0.0017,0.3439,92.4,0
13,0.0,0.5818,0.0,0.0,9.7595,0.0147,-16.3,1
3,0.7288,0.5814,0.0,0.0,0.0314,0.0658,92.1,0
12,0.8703,0.2072,0.1809,0.4679,0.6286,0.0788,-15.1,1
12,0.938,0.0,0.0,0.1508,0.1012,0.8989,-15.3,1
11,1.8369,0.0291,0.4246,0.0,0.0018,0.2885,79.5,0
10,1.645,0.4914,0.0,0.0329,0.0178,0.1996,8.6,0
3,1.9039,0.0,0.0,0.1921,10.0,0.2767,-28.3,1
4,0.4747,0.1803,0.5938,0.0,0.4741,0.4524,44.3,0
1,1.4731,0.0,0.5849,0.3354,0.0444,0.2966,96.2,0
15,1.0689,0.1942,0.0785,0.0,10.0,0.0,-4.7,1
19,1.5486,0.3113,0.0994,0.5817,0.5028,0.4726,50.9,0
12,1.852,0.1076,0.0,0.0,0.0079,0.1685,118.7,1
3,0.0,0.1359,0.6685,0.1208,0.2907,0.728,103.2,0
4,0.1,0.0301,0.0,0.0545,0.617,0.8472,54.6,0
4,1.9881,0.2407,0.0,0.0735,0.0031,0.8732,35.8,1
18,0.772,0.0,0.0,0.1131,5.1492,0.285,1.0,1
7,0.2596,0.4354,0.0,0.0,1.279,0.6556,-21.4,1
20,1.82,0.6626,0.0,0.3165,0.0016,0.9493,39.9,0
11,1.3997,0.7797,0.0,0.0537,0.977,0.4742,8.6,0
9,0.503,0.2724,0.0,0.0,0.0077,0.2031,59.8,0
10,1.6232,0.0,0.1389,0.2163,0.954,0.093,48.6,1
20,1.2843,0.5762,0.0402,0.0,0.0801,0.2622,61.1,0
2,1.7223,0.0607,0.5466,0.5194,2.8481,0.9799,-21.7,1
7,0.1217,0.0,0.0,0.0,0.9404,0.4749,10.7,1
16,1.2234,0.5942,0.0,0.0,0.0976,0.9502,-18.9,0
7,0.9135,0.4347,0.2107,0.0,0.009,0.012,39.3,0
15,1.3003,0.0,0.0,0.1483,0.0047,0.0041,93.1,0
19,1.1289,0.0377,0.0,0.1585,0.0031,0.6584,100.7,0
17,0.4833,0.0,0.4603,0.5152,10.0,0.296,-13.4,1
6,1.6011,0.372,0.0,0.4066,0.0013,0.1297,118.2,0
16,0.3005,0.0898,0.4642,0.0721,0.1708,0.116,113.7,0
3,0.4545,0.3184,0.296,0.196,0.0454,0.5876,113.6,0
1,0.0217,0.4793,0.2986,0.2477,4.5162,0.4998,-4.6,1
6,0.2351,0.1099,0.0542,0.0,0.1272,0.4374,117.0,0
19,0.0,0.0,0.2162,0.0,1.0111,0.4948,-27.6,1
19,0.6961,0.1929,0.0,0.3465,5.9749,0.2465,-23.5,1
1,0.5883,0.0,0.032,0.0,6.5317,0.51,-0.3,1
18,0.2143,0.2095,0.0,0.0,0.0536,0.2164,53.3,0
10,0.2428,0.0,0.0,0.0,0.0015,0.3559,66.0,0
20,0.6752,0.0,0.0965,0.334,0.0121,0.8576,115.1,0
1,0.0,0.2406,0.0,0.1491,2.7698,0.3872,83.0,1
8,1.891,0.0,0.0005,0.0,0.0017,0.751,41.1,0
1,1.7073,0.5275,0.0,0.0,9.0085,0.4605,54.7,1
5,1.3366,0.0,0.0347,0.381,10.0,0.535,-6.4,1
19,1.7101,0.4793,0.0,0.1265,0.0668,0.5136,32.9,0
17,0.9328,0.0,0.0723,0.4401,0.2203,0.0412,84.2,0
16,1.4634,0.3508,0.0644,0.2253,10.0,0.378,-15.5,1
6,1.7948,0.2337,0.4762,0.0,1.7346,0.0,11.1,1
9,0.2605,0.243,0.0067,0.0562,0.0643,0.8346,-6.5,1
18,1.7592,0.0546,0.0021,0.0,0.0676,0.9647,27.0,0
14,0.0,0.7213,0.0,0.0747,2.3485,0.4068,-17.6,1
5,0.0437,0.0,0.699,0.5849,0.9989,0.3385,-2.2,1
14,1.3305,0.0613,0.0,0.5341,0.0022,0.9382,39.6,1
13,1.4718,0.1131,0.4463,0.5632,0.0061,0.8887,61.6,0
4,0.4874,0.4015,0.0,0.4059,0.0481,0.019,52.0,0
1,0.9559,0.3617,0.4717,0.0,0.0045,0.0179,109.0,0
2,1.7405,0.0,0.147,0.0,8.1066,0.1205,-8.9,1
3,1.7741,0.3459,0.0,0.3144,3.355,0.0531,72.1,1
16,0.6244,0.0,0.0693,0.0,0.0024,0.0841,51.6,1
14,1.9314,0.0,0.0386,0.0,0.4378,0.7099,66.0,0
10,1.8718,0.0027,0.6332,0.0,0.0357,0.8323,-24.8,1
14,0.5461,0.0,0.0,0.099,0.633,0.1608,44.7,0
14,1.0183,0.4722,0.0686,0.3951,10.0,0.0,-24.0,1
16,0.0,0.0,0.082,0.2856,0.0012,0.884,51.0,0
7,0.6551,0.2221,0.1162,0.0,0.3349,0.4745,95.3,0
4,1.8525,0.0,0.0067,0.0,0.0619,0.9365,-13.5,1
20,1.1382,0.2745,0.0,0.2988,0.0005,0.0,103.5,0
20,0.6826,0.1548,0.0,0.0371,0.0014,0.0,51.2,0
16,0.736,0.0,0.3205,0.5668,0.7627,0.1322,4.3,0
2,1.608,0.0989,0.024,0.0,2.7972,0.0,65.0,1
1,0.3447,0.6845,0.0,0.3548,10.0,0.196,-0.5,1
15,1.015,0.1833,0.0541,0.0,0.0012,0.2988,65.5,1
6,0.084,0.4859,0.1582,0.0,0.1935,0.1321,-11.9,1
12,0.3653,0.1869,0.0,0.0,0.0121,0.0,85.7,0
10,0.2408,0.3528,0.0,0.438,0.3328,0.7996,17.9,0
19,1.4303,0.0,0.0,0.0,0.0044,0.3877,60.9,0
8,0.3374,0.0613,0.0,0.1201,0.0004,0.7344,86.3,0
13,1.6596,0.2415,0.0775,0.4032,0.0008,0.3378,68.3,0
17,1.8578,0.0,0.0,0.5014,0.0058,0.8622,114.4,0
2,0.5909,0.0,0.0742,0.0,0.0428,0.6501,89.9,0
7,0.0916,0.2837,0.0024,0.5981,0.8142,0.0,25.7,0
7,0.0,0.248,0.1899,0.0164,0.8851,0.0651,41.5,1
7,1.1248,0.0,0.238,0.0,0.0024,0.1494,94.7,0
15,0.9556,0.7207,0.1907,0.4626,0.0013,0.6865,71.8,0
7,0.0,0.0354,0.0,0.4417,10.0,0.3269,-1.1,0
10,1.6178,0.2836,0.0,0.2608,0.0189,0.7941,5.2,0
12,0.9454,0.0878,0.0248,0.3786,0.2742,0.078,58.2,1
18,1.1063,0.0,0.2766,0.0,0.084,0.3689,79.7,0
3,0.3855,0.1421,0.3922,0.0,0.0096,0.1328,44.4,0
2,1.9519,0.0,0.1486,0.0,0.0336,0.6421,63.2,0
13,0.1135,0.2529,0.1838,0.1215,0.0001,0.9718,26.0,0
5,0.2905,0.0797,0.0637,0.0785,0.0696,0.579,38.6,0
8,0.2037,0.0,0.0,0.0,0.0538,0.5259,-28.8,1
1,0.4124,0.2452,0.0129,0.5797,4.0223,0.4843,-16.4,1
14,0.6436,0.0,0.1691,0.0,0.1023,0.3067,20.6,0
18,1.8901,0.3403,0.0053,0.2549,0.0928,0.6371,-5.9,0
5,0.5771,0.2303,0.1027,0.3954,0.021,0.2789,105.7,0
18,0.8395,0.0,0.0716,0.3322,0.0215,0.6736,61.1,0
8,0.4659,0.0,0.0,0.5614,0.4562,0.1725,23.9,0
4,0.1301,0.1379,0.1188,0.0,7.1652,0.0,-3.5,1
9,1.4364,0.0619,0.6232,0.3783,0.2565,0.0825,36.4,0
5,0.0,0.3094,0.3375,0.0,0.0189,0.0,6.3,0
8,1.908,0.1814,0.264,0.0,0.0995,0.291,66.6,0
19,0.1119,0.0,0.2046,0.4832,0.0847,0.6606,105.6,0
15,1.5026,0.0,0.3343,0.0,2.3394,0.8621,-27.6,1
9,0.2688,0.2831,0.2687,0.0,0.0011,0.6867,72.2,0
16,1.7547,0.0,0.2161,0.0,0.049,0.0909,113.3,0
9,1.4357,0.0436,0.0668,0.1241,0.0561,0.6149,114.3,0
20,1.1736,0.0,0.0,0.0,2.2359,0.9157,-16.8,1
19,0.3488,0.1641,0.2183,0.1924,0.0232,0.0,16.9,0
8,0.3909,0.1629,0.1597,0.0,0.0417,0.9588,6.2,0
17,1.6003,0.3196,0.289,0.2915,0.0431,0.6738,45.1,0
2,0.0873,0.4776,0.1367,0.0913,10.0,0.2948,-24.4,1
8,1.7019,0.4953,0.1162,0.2215,0.0025,0.9586,43.0,0
16,0.0,0.0,0.5061,0.0,0.0092,0.6038,52.7,0
15,1.629,0.3593,0.0,0.4493,2.1727,0.8543,-13.0,1
8,0.3584,0.0,0.0128,0.0,0.0135,0.0,84.1,0
7,1.0477,0.4763,0.3533,0.2543,0.0019,0.9691,113.1,0
13,0.1791,0.0,0.1813,0.2139,0.0034,0.5743,119.0,0
19,0.7247,0.0,0.0,0.3527,0.0036,0.6108,111.6,0
11,0.2203,0.0,0.0368,0.0118,0.0322,0.4618,87.8,0
11,0.8256,0.2013,0.0857,0.0,0.0017,0.8877,85.7,0
6,1.7551,0.0641,0.0,0.0,0.0039,0.3769,88.3,0
14,1.8857,0.4036,0.4162,0.4741,0.3256,0.0907,37.5,0
5,0.5236,0.3494,0.0,0.0121,4.2973,0.2142,43.0,1
17,1.1822,0.0,0.0008,0.3759,0.0052,0.64,65.9,0
3,0.0,0.1335,0.0,0.0,1.1032,0.1592,23.0,1
15,1.4071,0.1253,0.327,0.0772,0.0063,0.0938,68.1,0
9,1.4573,0.0142,0.2073,0.0,0.0009,0.9077,10.8,0
6,1.7919,0.2971,0.0599,0.0,0.0017,0.9422,88.2,0
16,0.8136,0.1431,0.1234,0.0,0.3808,0.3268,11.7,0
14,0.963,0.3777,0.4661,0.0,2.3314,0.8722,-6.9,1
19,0.027,0.0,0.0619,0.1857,0.0009,0.0272,59.6,0
9,0.9177,0.2136,0.0,0.0,0.0099,0.1869,117.1,0
15,0.8447,0.4481,0.1801,0.0,0.0596,0.9343,57.3,0
10,0.1643,0.2131,0.0,0.3463,0.0021,0.7669,55.6,0
6,0.0,0.0,0.1074,0.0,0.0025,0.6554,110.4,0
5,1.7827,0.4338,0.0991,0.4746,0.0097,0.5118,58.1,0
17,1.4053,0.6657,0.0038,0.4602,0.2714,0.0706,-19.3,1
5,1.2205,0.2028,0.0017,0.5469,0.0177,0.7436,56.4,0
1,0.1821,0.0,0.1231,0.0662,1.1305,0.2418,39.1,1
12,0.037,0.0715,0.0707,0.2406,0.0079,0.6935,49.7,0
15,0.3608,0.2192,0.2677,0.477,0.0026,0.9596,117.3,0
10,0.1709,0.4633,0.0,0.26,0.0244,0.4224,54.0,1
20,0.8496,0.1519,0.0,0.0,0.0154,0.5681,112.2,0
14,1.9572,0.2783,0.0,0.4191,0.1558,0.6792,82.0,0
11,1.8744,0.0,0.0,0.5462,0.0049,0.2206,14.9,0
12,0.4583,0.0,0.0137,0.4422,0.0088,0.309,9.9,0
15,1.5852,0.19,0.0801,0.5433,0.0028,0.8227,112.7,0
4,1.6706,0.6389,0.1349,0.0,10.0,0.0,-3.4,1
9,1.4109,0.1429,0.1535,0.0,0.0015,0.7301,59.8,0
17,1.1547,0.0,0.072,0.1787,0.0004,0.7006,103.5,0
1,0.4642,0.1165,0.2319,0.4842,0.8938,0.0,41.0,1
7,1.8808,0.0,0.0,0.1244,9.6289,0.0598,-12.2,1
11,1.7607,0.2403,0.0,0.5386,10.0,0.4526,-3.0,1
11,0.0853,0.1458,0.2234,0.0,0.0662,0.6724,94.1,0
11,0.9738,0.4058,0.0,0.1083,0.3854,0.1168,88.2,0
5,1.6835,0.2033,0.4093,0.024,0.0015,0.1552,105.1,0
11,1.5983,0.0469,0.0,0.3694,0.0017,0.8025,50.7,0
18,0.7661,0.1271,0.058,0.0,0.0073,0.3909,80.8,0
2,1.2141,0.1894,0.1381,0.0,0.0187,0.6385,108.4,0
17,0.0882,0.0,0.4677,0.1038,0.3174,0.0593,-22.6,1
20,0.0831,0.2824,0.1052,0.0,2.5657,0.4741,-16.5,1
3,1.3286,0.0477,0.0959,0.2688,0.0009,0.9452,79.7,0
7,0.0,0.3472,0.1076,0.435,0.0009,0.6713,27.3,0
11,1.7399,0.4471,0.0,0.0,0.0865,0.0,10.7,0
16,1.9393,0.4647,0.1665,0.0347,0.0027,0.2598,30.2,0
5,0.1474,0.0,0.057,0.0,0.0064,0.8827,81.5,0
10,1.0393,0.2933,0.1555,0.4263,0.0006,0.3505,99.5,0
1,1.3166,0.5786,0.2194,0.3961,7.5121,0.3668,-22.9,1
13,1.4969,0.2287,0.1508,0.4618,0.0054,0.7574,109.1,0
17,1.9899,0.2153,0.0223,0.0182,1.8051,0.0,16.5,1
1,1.2123,0.4748,0.3084,0.04,1.905,0.5494,41.2,1
19,0.1372,0.0,0.0,0.0,2.8925,0.385,-24.1,0
16,1.2905,0.4669,0.0,0.2215,0.2515,0.0801,106.1,0
18,1.4634,0.0414,0.0045,0.0,0.0004,0.1346,67.6,0
4,0.3635,0.0626,0.2003,0.2602,0.9769,0.0134,-21.1,1
14,0.8234,0.0,0.0822,0.5351,0.0001,0.9691,38.9,0
5,0.6102,0.0,0.0794,0.3659,0.2805,0.3157,-9.6,1
14,1.5432,0.0354,0.1042,0.0831,0.003,0.8588,31.4,0
18,1.0731,0.0,0.0732,0.0,0.6007,0.4405,57.9,0
11,1.1255,0.0,0.0487,0.0,0.0001,0.8202,102.8,0
9,0.4459,0.3024,0.0519,0.3901,0.0979,0.6483,109.9,0
3,1.6942,0.1996,0.1114,0.0,0.0025,0.5955,40.8,0
18,0.6999,0.0203,0.1223,0.0,0.0237,0.0175,90.6,0
4,1.3286,0.125,0.4231,0.5329,0.0029,0.6885,49.1,0
2,0.6647,0.1283,0.1354,0.173,10.0,0.3064,-23.0,1
10,0.8015,0.0,0.0402,0.4168,0.3027,0.3672,-26.6,1
6,1.545,0.1572,0.0,0.5743,0.0051,0.2683,52.8,0
3,0.9151,0.0926,0.2058,0.5094,0.4875,0.1364,85.1,0
14,0.6795,0.1487,0.2904,0.0,0.0028,0.6109,17.0,0
2,0.6974,0.1701,0.3853,0.0,10.0,0.5086,-13.5,1
13,0.61,0.0597,0.0,0.0459,1.4512,0.5026,-2.0,1
18,0.0,0.5262,0.0523,0.4535,0.0006,0.4175,88.4,0
11,1.1109,0.3326,0.1785,0.1643,10.0,0.0,-7.1,1
14,1.1745,0.4046,0.482,0.0,0.0001,0.8724,119.3,0
13,1.0699,0.0857,0.0,0.448,0.0969,0.2012,114.4,0
20,0.7859,0.2992,0.0,0.2852,0.001,0.1822,99.5,0
4,1.2894,0.0602,0.5433,0.0539,0.011,0.5774,20.9,0
13,1.4724,0.2778,0.0238,0.3099,0.0046,0.8747,32.0,0
16,1.7015,0.3232,0.0047,0.5228,0.9736,0.2092,30.4,1
5,0.6006,0.1999,0.3276,0.0199,4.5142,0.0816,-25.1,1
15,0.1121,0.0468,0.1656,0.5483,0.217,0.6009,41.1,1
1,1.7341,0.2019,0.3206,0.0,10.0,0.8504,-4.8,1
8,0.3667,0.0,0.0038,0.0,0.0041,0.5928,40.1,0
7,1.1751,0.0,0.136,0.0,0.0094,0.71,41.0,0
15,1.0571,0.5599,0.0449,0.098,0.0005,0.0381,69.6,1
13,1.5318,0.3481,0.2297,0.0085,0.3198,0.0,-20.0,1
6,1.9041,0.2513,0.2773,0.505,0.3967,0.4795,25.2,0
15,0.5991,0.0,0.0,0.4035,0.5201,0.3551,65.3,0
9,1.6987,0.1998,0.2706,0.1338,0.0046,0.4501,75.7,0
2,0.7034,0.2709,0.2616,0.0,0.1918,0.1488,80.0,0
10,1.493,0.1147,0.5437,0.3625,0.0105,0.2938,117.2,0
18,1.883,0.0,0.0,0.391,0.0756,0.468,113.2,0
14,0.0,0.1567,0.2588,0.2434,0.0547,0.496,25.1,0
7,1.9621,0.3032,0.2076,0.3705,0.0119,0.7925,4.4,0
1,1.875,0.3862,0.0306,0.0901,0.3641,0.8257,113.8,0
20,0.3659,0.0553,0.3311,0.0878,10.0,0.3999,-12.8,1
3,1.8115,0.1106,0.0,0.0,0.034,0.1387,22.1,0
16,1.1048,0.0,0.1179,0.0,0.074,0.0,-16.0,1
2,1.9272,0.57,0.0,0.0547,0.1197,0.0,80.5,0
6,0.0,0.5989,0.2548,0.4628,0.0129,0.1583,44.7,0
12,1.0688,0.6149,0.0,0.4195,0.0124,0.1022,92.0,0
6,0.0,0.2202,0.1391,0.0,0.3504,0.0,71.1,0
4,1.1566,0.0,0.2079,0.333,0.0877,0.7149,20.4,0
15,0.3565,0.1887,0.0949,0.0,0.0002,0.9337,48.5,0
7,1.0291,0.4557,0.0,0.1667,0.0155,0.1383,30.2,0
5,0.2719,0.0349,0.1488,0.0,0.0426,0.8395,-10.4,1
4,0.0,0.1932,0.3233,0.0,0.0055,0.6476,116.9,0
16,0.8152,0.3003,0.0,0.0,0.0036,0.7384,80.8,0
5,0.2742,0.3591,0.134,0.1633,0.0002,0.9344,88.2,1
19,1.6054,0.2283,0.0,0.0,0.2192,0.6693,-25.0,1
9,0.8197,0.1834,0.0061,0.3206,0.1257,0.867,119.3,0
6,1.2595,0.0,0.4135,0.0,0.0045,0.5061,88.9,0
11,0.2833,0.225,0.0,0.1368,0.0032,0.3837,48.6,0
13,0.0,0.0,0.0,0.3693,0.5648,0.0215,6.3,0
2,1.8345,0.0,0.0852,0.4844,3.4212,0.0,-6.6,1
12,0.2492,0.0,0.0,0.0203,0.0008,0.8378,100.4,0
13,0.9032,0.2501,0.3555,0.0,0.3904,0.4505,65.8,0
12,0.7108,0.0,0.0,0.0,0.7192,0.4568,-16.4,1
2,0.0,0.2604,0.4183,0.5583,0.4333,0.7181,29.5,0
10,0.0,0.1576,0.0,0.0,0.0452,0.1389,109.4,0
18,1.7798,0.293,0.1026,0.2087,0.0077,0.224,58.0,0
10,0.2293,0.2222,0.0,0.1827,0.0214,0.3088,83.1,0
10,0.0021,0.0,0.0,0.0534,2.3511,0.391,11.6,1
11,0.0,0.274,0.1226,0.455,0.0082,0.8916,80.8,0
11,0.0,0.0,0.1603,0.0,0.0091,0.0913,28.2,0
14,0.3783,0.0,0.1356,0.0563,1.8767,0.7509,-21.3,1
4,0.2738,0.0,0.1094,0.3287,0.0093,0.4481,74.3,1
7,0.0,0.1171,0.0927,0.3158,0.0021,0.1025,96.1,0
9,1.9432,0.3952,0.0,0.4406,0.0128,0.8668,71.1,0
13,0.5366,0.0,0.3176,0.0377,0.0464,0.3367,49.4,0
1,0.4635,0.0,0.3704,0.2897,0.0317,0.7733,48.2,0
14,0.0,0.0904,0.5863,0.0476,0.8858,0.1001,19.5,1
18,0.4821,0.0948,0.0,0.1054,0.0801,0.7569,13.9,0
12,0.3112,0.3827,0.1917,0.0298,0.1779,0.1745,-5.6,1
7,1.4886,0.3179,0.0,0.2022,0.1392,0.4557,-16.6,1
11,0.896,0.2689,0.1161,0.0,10.0,0.5137,-25.8,1
15,1.4752,0.0,0.0,0.011,0.005,0.3554,23.0,0
19,0.2791,0.3421,0.0959,0.0,9.148,0.778,-8.6,1
10,1.1393,0.0,0.0,0.0,0.0012,0.0,110.2,0
9,0.3361,0.2697,0.4145,0.1797,0.0166,0.0377,41.8,0
9,1.2695,0.0,0.0,0.0677,0.0353,0.9047,27.9,0
10,1.868,0.1342,0.119,0.0,0.9556,0.5205,48.1,1
1,1.8368,0.2853,0.0,0.1413,10.0,0.2139,11.0,1
16,1.5281,0.5048,0.2276,0.0064,0.0039,0.6817,110.7,1
11,0.4122,0.0,0.0,0.0903,0.9017,0.0,-16.6,1
5,0.2113,0.0,0.3888,0.0,0.0624,0.8784,16.3,0
13,0.7123,0.0,0.0,0.4843,0.1792,0.2198,47.8,0
17,1.8406,0.0,0.0177,0.0,0.0006,0.0773,42.5,0
19,0.5289,0.3552,0.0,0.0197,0.0413,0.3351,36.8,0
9,0.261,0.3339,0.1522,0.0,0.0155,0.0,104.3,0
9,0.3408,0.1418,0.0203,0.0,0.4554,0.2947,118.9,0
2,0.2639,0.1026,0.0,0.2199,0.4278,0.1383,98.3,0
17,0.2985,0.0,0.0722,0.0,0.0005,0.4563,118.3,0
6,1.8018,0.0,0.1328,0.0,1.9618,0.0924,100.4,1
5,1.4761,0.3339,0.0,0.2657,0.244,0.1355,21.6,0
11,0.0,0.0,0.3164,0.5794,0.4779,0.0,60.0,0
20,1.0363,0.1019,0.0134,0.2663,0.0233,0.2118,4.3,0
1,0.2238,0.0,0.1494,0.0,10.0,0.412,-6.3,1
17,0.1145,0.0,0.1847,0.0,0.0003,0.583,28.2,0
6,0.1724,0.204,0.375,0.4946,10.0,0.3837,-17.4,1
1,0.3363,0.0628,0.0979,0.1989,10.0,0.4951,42.9,1
18,0.3995,0.2461,0.1122,0.5745,0.0213,0.8226,-13.7,1
10,0.1841,0.198,0.0187,0.017,0.0014,0.7364,41.2,1
16,0.1038,0.0,0.1178,0.1452,0.0968,0.8329,97.7,0
17,1.7544,0.2957,0.0266,0.0,0.1313,0.9418,6.3,0
11,1.3531,0.0,0.3321,0.0,1.1091,0.6319,-3.5,0
19,0.0,0.0,0.2815,0.5674,0.18,0.0377,100.9,0
5,1.2088,0.2639,0.0506,0.2744,0.623,0.1015,74.2,1
10,0.0,0.0,0.0612,0.0,0.4403,0.6486,47.8,0
14,0.9743,0.0627,0.0,0.0,0.1108,0.3887,35.9,0
9,0.4646,0.0,0.0,0.1071,0.2839,0.1933,89.7,0
1,1.5409,0.0,0.0,0.0,10.0,0.6215,-15.3,1
8,1.4801,0.0,0.3392,0.2937,0.105,0.8953,23.3,1
16,1.0604,0.1275,0.0,0.0,0.0013,0.7363,37.9,0
13,0.4861,0.115,0.0647,0.5599,0.0032,0.0,80.8,0
10,0.5366,0.3372,0.0332,0.0,0.0657,0.0,64.2,0
13,0.1577,0.0,0.0,0.3783,0.0118,0.2823,46.8,0
17,1.8132,0.1796,0.5822,0.4175,0.0314,0.47,-17.8,1
5,0.2444,0.4352,0.0875,0.0908,0.0025,0.7403,67.3,0
20,1.5366,0.0864,0.1848,0.0,0.9649,0.3444,22.7,1
16,1.8078,0.4418,0.0,0.0,0.0097,0.8429,-4.3,1
3,0.1222,0.5551,0.0005,0.3271,10.0,0.6102,-14.7,1
1,1.4689,0.3057,0.0553,0.3486,3.6349,0.4682,100.6,1
17,1.8351,0.1312,0.0509,0.0,0.0004,0.4716,85.6,0
8,0.0909,0.0,0.0046,0.0,1.6393,0.9392,-10.6,1
7,0.0,0.4944,0.0,0.0,0.0001,0.9465,75.4,0
19,1.8039,0.0,0.0219,0.0,0.0055,0.1518,6.8,0
4,0.0,0.0784,0.0,0.0,0.2182,0.2169,111.4,0
18,0.9047,0.0,0.2361,0.0,0.0375,0.2826,19.2,0
4,0.293,0.7462,0.147,0.4325,0.3674,0.1458,-9.8,1
6,1.7069,0.4052,0.1559,0.0036,10.0,0.0373,-20.5,1
17,0.8403,0.0,0.2356,0.0,0.0964,0.0,-20.4,0
8,1.1674,0.4891,0.3033,0.22,0.04,0.5333,111.2,0
6,0.897,0.0859,0.2715,0.0906,0.5237,0.2713,95.6,0
11,0.0,0.3722,0.0,0.5292,0.0263,0.8315,62.0,0
14,0.0829,0.1118,0.022,0.0,0.0001,0.9774,59.6,0
2,0.1516,0.0951,0.4438,0.1598,0.0048,0.5567,66.7,0
13,1.4574,0.0,0.0389,0.0,0.6795,0.2937,59.4,0
6,0.2293,0.1167,0.139,0.0,2.12,0.9478,-6.6,1
17,0.2929,0.0654,0.2327,0.0,0.0007,0.9492,99.5,0
7,1.9515,0.0,0.1421,0.3067,0.0152,0.3755,111.0,0
10,1.4515,0.0,0.0,0.4937,0.6575,0.4557,22.0,0
16,1.0162,0.5706,0.0,0.1415,0.4578,0.0,63.6,0
10,0.5854,0.0,0.0,0.0,0.9103,0.0376,41.4,1
17,0.3437,0.1393,0.2146,0.0,0.0552,0.5298,-28.6,1
6,1.069,0.5525,0.2188,0.3377,0.0354,0.5206,74.9,0
18,1.3946,0.2968,0.0252,0.3398,3.5724,0.8513,-16.5,1
16,1.756,0.3734,0.4953,0.4571,0.4553,0.063,-10.2,0
18,1.4174,0.0,0.0243,0.0,0.0236,0.0687,19.4,0
6,1.8594,0.0,0.0,0.0,0.3536,0.3922,-26.5,1
10,0.2048,0.0,0.0,0.0,0.0221,0.532,91.8,0
1,0.3203,0.581,0.0,0.1483,0.067,0.5684,13.9,0
4,0.9642,0.4851,0.1707,0.0,0.0052,0.9434,104.6,0
16,1.915,0.0,0.0,0.0,0.8697,0.4601,-20.5,1
18,1.6665,0.0117,0.0,0.0,0.0061,0.1757,83.0,0
10,0.3404,0.0,0.0,0.3474,0.0213,0.8201,103.5,1
4,1.6072,0.0,0.4978,0.2294,0.0044,0.9017,66.4,0
20,0.3173,0.0,0.042,0.028,0.001,0.0335,63.7,0
17,0.5261,0.1877,0.0,0.0,0.0211,0.0,9.6,0
7,1.9727,0.0,0.2234,0.3039,0.0079,0.6552,93.8,0
13,1.4986,0.0,0.0,0.3851,0.0545,0.3418,-10.9,1
17,0.7028,0.4618,0.1356,0.3586,0.0424,0.0774,74.7,0
15,0.2551,0.0,0.0,0.0,0.0975,0.0,56.0,1
5,1.6259,0.0,0.3081,0.0,0.0024,0.0,102.6,0
14,1.8373,0.0,0.1271,0.0472,0.0002,0.5736,97.8,0
7,0.0,0.3727,0.0,0.0,0.0028,0.1462,114.9,0
12,1.6508,0.0,0.289,0.4738,0.3223,0.2148,40.2,0
13,0.253,0.512,0.0209,0.0,0.0169,0.2085,98.1,0
2,0.0,0.3375,0.0144,0.0,0.0431,0.7376,114.3,0
20,0.3311,0.1093,0.0548,0.1201,0.5495,0.0904,25.2,0
3,0.0,0.1408,0.3591,0.3776,0.1271,0.19,49.8,0
11,1.9401,0.2499,0.308,0.0,0.0066,0.0,23.2,0
18,1.424,0.331,0.2162,0.0,3.8887,0.3994,-10.9,1
5,0.1253,0.1642,0.2782,0.0,0.0009,0.8403,93.9,0
19,1.755,0.2849,0.0,0.0,0.0018,0.9528,21.7,0
19,0.4124,0.0,0.0,0.0,0.0018,0.6376,31.7,0
7,0.779,0.3582,0.0637,0.0,3.8421,0.0321,-12.4,1
4,1.2915,0.0,0.4083,0.5763,0.0053,0.3862,78.5,0
14,1.1791,0.3078,0.4131,0.0,0.0616,0.1996,54.7,0
11,1.5567,0.1727,0.2627,0.2192,0.0072,0.3695,99.6,0
4,1.529,0.0,0.1898,0.3486,0.0332,0.4294,104.7,1
7,1.796,0.0,0.0363,0.0,0.6197,0.0,68.7,0
18,1.1669,0.2873,0.1848,0.0538,0.0026,0.1774,17.5,0
14,1.1229,0.0,0.0521,0.1081,0.0445,0.8048,-22.5,1
14,1.7985,0.0,0.0,0.4824,0.3662,0.3095,53.1,0
9,1.1157,0.2051,0.0,0.0799,1.0519,0.4295,7.0,1
8,0.9175,0.7105,0.0,0.0,0.0004,0.8021,115.1,0
10,1.2439,0.6111,0.0,0.2467,0.4346,0.3871,46.6,0
4,0.6205,0.3207,0.1689,0.3191,0.0031,0.7278,54.2,0
10,0.5284,0.0,0.201,0.4101,0.8115,0.1526,104.9,0
3,0.307,0.0,0.2287,0.0,0.3202,0.1581,112.6,0
17,1.7282,0.4878,0.0015,0.3682,0.0009,0.2401,30.7,0
12,1.3184,0.0219,0.0,0.2587,0.3365,0.4266,100.3,0
16,0.3337,0.1228,0.0,0.0,0.0616,0.9766,12.1,0
17,1.5037,0.0,0.1602,0.5379,0.0054,0.9136,76.6,0
7,1.7234,0.6165,0.0,0.3824,0.0776,0.5915,11.3,0
6,0.0,0.0,0.3043,0.4847,0.0091,0.7413,107.7,0
12,0.3232,0.2861,0.0,0.2719,0.0029,0.7928,19.4,0
7,0.7039,0.167,0.2246,0.1873,0.0741,0.5007,89.8,0
12,0.6158,0.0,0.1194,0.0,10.0,0.4191,1.9,1
10,0.0,0.3418,0.0837,0.1524,0.2397,0.323,46.0,0
5,0.8085,0.2922,0.0,0.5285,0.0025,0.9164,84.7,0
11,0.0417,0.1391,0.2281,0.0,0.0543,0.4495,-25.2,1
17,0.989,0.0,0.0,0.0,0.4279,0.3236,108.0,0
12,1.5475,0.0,0.0,0.5514,0.0048,0.7,60.1,0
2,0.0,0.349,0.4143,0.4634,0.8417,0.5604,100.2,1
19,1.254,0.0,0.2637,0.5975,2.3165,0.4237,3.1,1
4,0.0,0.2977,0.1546,0.0,10.0,0.4616,-25.3,1
19,1.6042,0.192,0.0,0.0,0.103,0.3212,116.6,0
6,0.714,0.0,0.0,0.4452,0.6837,0.8452,32.7,0
5,1.6207,0.0802,0.0,0.5387,3.2792,0.0553,60.7,1
7,0.626,0.4007,0.4095,0.371,0.039,0.0794,28.7,0
20,1.0653,0.3237,0.0,0.0,0.0111,0.8465,50.5,0
20,0.628,0.4987,0.0,0.0,0.0015,0.7683,9.7,0
18,0.4434,0.2216,0.2841,0.0,0.0634,0.1129,81.6,0
19,0.0,0.0,0.0,0.3434,0.4147,0.962,2.7,0
11,0.7895,0.3702,0.1473,0.159,0.0132,0.1288,50.4,0
20,0.1426,0.0,0.0,0.0467,0.1664,0.575,104.2,0
5,1.9765,0.2184,0.012,0.2504,0.0016,0.9635,109.2,0
11,1.2603,0.0,0.2029,0.3245,0.2474,0.6306,103.4,0
18,1.9876,0.2006,0.0,0.1088,0.1817,0.7526,6.6,0
6,0.543,0.3128,0.0,0.3737,0.0198,0.0,25.2,0
19,1.1683,0.0,0.5925,0.18,0.0316,0.8607,-17.1,1
20,1.9672,0.0,0.0084,0.0,0.0737,0.8324,84.9,0
19,1.1154,0.0,0.0,0.1271,1.9387,0.4226,2.7,1
10,0.8065,0.0,0.0,0.5699,0.3281,0.7738,47.9,0
4,0.525,0.3432,0.295,0.0,0.0583,0.703,73.9,0
16,0.0449,0.1658,0.0,0.0,0.156,0.1662,48.6,0
8,1.2952,0.1357,0.123,0.0013,0.0566,0.0,73.2,0
19,1.9143,0.0,0.0,0.5614,0.1035,0.5476,97.1,0
10,0.1124,0.3762,0.559,0.0988,0.0021,0.7914,83.1,0
14,1.168,0.1605,0.0363,0.1925,0.0234,0.4648,71.7,0
10,1.9566,0.1772,0.0,0.4537,0.0394,0.173,97.4,0
7,1.1188,0.0,0.0,0.2338,10.0,0.5597,-5.0,1
12,0.6855,0.0,0.0,0.0,0.0685,0.668,76.6,0
9,0.9595,0.2695,0.2548,0.1056,0.0553,0.3016,101.6,0
10,1.2131,0.1549,0.062,0.4841,0.0002,0.8737,62.6,0
5,0.1676,0.1728,0.0416,0.0,1.4449,0.9287,-5.7,1
15,0.6907,0.2045,0.0856,0.4655,0.0296,0.5937,-26.8,1
6,1.2949,0.0532,0.5496,0.5195,0.0007,0.9103,84.8,0
8,1.9127,0.1125,0.0,0.3004,0.0007,0.9169,40.9,0
8,1.6409,0.3766,0.2187,0.0263,0.1432,0.4455,9.6,0
17,1.1744,0.1526,0.0,0.0,0.1947,0.0067,-23.6,1
8,1.2277,0.1954,0.0,0.0,0.3232,0.0,4.4,1
13,1.1508,0.0,0.3783,0.1112,0.0965,0.5441,5.5,0
19,1.3836,0.4053,0.1361,0.4823,0.0001,0.8615,79.8,0
7,1.4038,0.1717,0.0422,0.3205,0.1548,0.7478,117.4,0
9,0.5397,0.3547,0.0,0.0922,5.4309,0.8718,-29.6,1
1,0.5787,0.0,0.0266,0.1993,6.8435,0.3731,17.1,1
8,0.9229,0.028,0.2449,0.0,0.0003,0.7081,92.9,0
2,1.0248,0.0,0.2585,0.0,0.0085,0.0,85.9,0
19,1.7,0.2715,0.1609,0.3451,0.0269,0.2808,68.0,0
15,1.0026,0.0,0.0,0.2884,0.0045,0.3269,48.4,0
14,0.7889,0.0465,0.0256,0.0,0.0026,0.0521,104.6,0
4,1.838,0.0,0.2365,0.1922,0.0849,0.8496,7.9,1
6,0.0393,0.0,0.0,0.2104,0.2844,0.3513,6.6,0
2,0.2905,0.22,0.0,0.0,7.303,0.9154,-3.8,1
5,0.4661,0.0,0.0,0.2898,4.9066,0.5112,-22.6,0
9,1.1363,0.0571,0.4011,0.0,0.6658,0.0417,12.4,1
19,0.4242,0.0,0.4235,0.0,0.0855,0.8059,77.9,0
19,1.2976,0.165,0.6757,0.4579,0.0899,0.9176,39.5,0
6,0.6802,0.3744,0.0,0.46,0.2978,0.768,-17.1,1
20,0.4144,0.3154,0.4128,0.0,0.0005,0.1377,108.0,1
5,1.1458,0.0,0.0,0.1528,0.3338,0.5979,66.8,0
8,0.0278,0.0,0.0367,0.3061,0.119,0.0427,-18.0,1
7,0.1183,0.021,0.0,0.5661,0.0037,0.0,44.4,0
1,0.6962,0.1873,0.0,0.0,0.0995,0.8529,101.2,0
10,1.0489,0.0,0.592,0.3535,0.0002,0.7428,117.8,0
18,0.4169,0.0,0.0,0.492,0.0417,0.6134,22.7,0
14,0.4116,0.0652,0.0,0.0,0.0021,0.3668,18.9,0
19,1.5919,0.0,0.0289,0.0,0.0045,0.7429,9.7,0
12,1.0329,0.0,0.0,0.4586,1.8096,0.15,23.9,1
12,0.1469,0.0,0.2267,0.1411,0.0021,0.0469,89.8,0
14,0.0789,0.0716,0.7811,0.107,0.0022,0.3964,100.0,0
6,1.1124,0.4038,0.0,0.0,0.2356,0.0444,55.7,0
9,1.1996,0.0849,0.083,0.0788,10.0,0.0,-24.7,1
1,0.0879,0.0,0.0,0.0,0.5799,0.1187,104.0,0
9,0.0,0.0,0.0243,0.0,0.0408,0.6412,51.5,0
15,0.1771,0.4328,0.2982,0.4245,0.1294,0.3795,-6.0,1
3,0.2013,0.0,0.0,0.5383,0.4329,0.3834,4.2,0
1,0.7419,0.0,0.0031,0.2398,9.4511,0.0,16.1,1
8,0.5898,0.2461,0.2012,0.0,0.018,0.575,22.3,0
4,1.4271,0.7338,0.0,0.4335,0.0385,0.9206,46.7,0
1,1.9596,0.1001,0.0037,0.5012,1.7523,0.5942,111.0,1
17,1.0261,0.0,0.0,0.0656,1.2263,0.6532,-11.6,1
20,1.6958,0.0,0.2703,0.2769,0.0029,0.4561,101.3,0
9,1.3366,0.3864,0.0,0.0,0.0108,0.0031,116.1,0
6,1.5243,0.0,0.088,0.0667,0.931,0.8535,-15.5,1
20,0.0994,0.4753,0.0,0.0,0.0159,0.6468,87.0,0
7,0.3351,0.0694,0.0,0.187,0.0039,0.7119,53.8,0
16,1.4556,0.053,0.3712,0.2969,0.0165,0.9165,-29.3,1
10,0.3218,0.3137,0.0,0.1426,0.0021,0.932,76.4,0
14,1.1286,0.0,0.2095,0.2488,0.2038,0.6745,75.9,0
14,0.0,0.0,0.0061,0.1269,0.0418,0.1094,44.2,0
7,1.1701,0.1429,0.3116,0.0,0.0878,0.1066,-27.2,1
15,1.0034,0.0,0.2408,0.3282,0.0778,0.3702,-13.3,1
3,1.6361,0.0,0.6838,0.5514,4.1256,0.4918,37.8,1
15,1.5886,0.1521,0.2248,0.0316,0.0001,0.8917,90.5,0
5,1.6512,0.0,0.2425,0.0,0.7788,0.0863,77.3,1
11,1.7298,0.0384,0.0981,0.3712,10.0,0.5351,-23.5,1
4,0.0853,0.063,0.2945,0.0,0.0045,0.3287,83.9,1
8,0.4802,0.3495,0.0769,0.2041,1.1825,0.0,-12.5,1
13,1.633,0.0,0.0,0.2978,0.3303,0.3664,50.5,1
7,0.4636,0.0406,0.0,0.3913,0.1588,0.0636,78.9,0
12,0.4137,0.0,0.4612,0.0,0.0342,0.2516,57.2,0
19,0.4208,0.0,0.0648,0.0,0.3373,0.0,112.9,0
3,0.9135,0.0,0.3346,0.3159,8.3542,0.7877,-5.6,1
15,1.5542,0.4286,0.0,0.4646,0.0342,0.7954,83.1,1
5,1.0196,0.5671,0.4236,0.0,0.0045,0.2151,53.8,0
1,0.0537,0.1365,0.3166,0.561,0.3338,0.3202,19.1,0
2,0.6583,0.1629,0.1562,0.1189,0.0472,0.5529,112.2,0
5,1.8775,0.0,0.0029,0.0,2.9687,0.7982,-20.7,1
6,0.6342,0.4714,0.1534,0.1915,0.0029,0.2639,52.5,0
7,1.8232,0.0,0.0723,0.0,0.0287,0.6796,97.6,0
5,1.8653,0.4521,0.264,0.0,0.0286,0.7158,36.4,0
13,1.0685,0.1873,0.035,0.0915,0.0876,0.5643,55.7,0
10,0.8972,0.2514,0.2946,0.3567,0.0036,0.4359,18.0,0
11,1.4815,0.1768,0.0047,0.2232,0.0198,0.8957,6.5,0
2,1.5939,0.1032,0.4773,0.0,0.1413,0.2307,56.7,0
11,0.3126,0.5587,0.0657,0.0,4.8613,0.8305,-15.1,1
18,1.877,0.3444,0.1446,0.025,0.0005,0.4386,78.9,0
18,1.8013,0.2839,0.1533,0.1163,0.9407,0.4782,-8.7,1
18,0.0248,0.0,0.0,0.0,0.572,0.8616,-27.0,0
15,1.4193,0.0,0.0459,0.0,10.0,0.0,-19.7,1
3,0.346,0.1073,0.128,0.0,1.4414,0.0705,112.6,1
13,1.258,0.0115,0.0,0.5827,10.0,0.7976,-2.8,1
5,0.0,0.0,0.0,0.0,0.0025,0.3677,85.7,0
20,0.8669,0.3828,0.0184,0.5587,0.0093,0.843,23.0,0
18,0.3107,0.0,0.0,0.0,0.2871,0.0,6.1,0
3,0.0021,0.0,0.7479,0.0,0.2858,0.2859,-25.4,1
17,0.124,0.2039,0.7739,0.3799,0.0551,0.0,23.8,0
8,0.715,0.3019,0.0467,0.1749,0.1116,0.3722,100.0,0
14,1.907,0.2182,0.026,0.0,0.1674,0.1168,4.0,0
10,0.3881,0.0527,0.0,0.0324,0.449,0.641,-23.7,1
2,1.7115,0.2397,0.0,0.2637,1.2429,0.823,-1.3,1
10,1.6222,0.0,0.1113,0.4428,0.0004,0.3901,112.9,0
17,1.2178,0.2855,0.0294,0.5478,0.0733,0.588,29.8,0
7,0.6226,0.1659,0.0,0.0,0.0145,0.9519,99.4,0
5,1.5194,0.1647,0.1756,0.0799,1.7055,0.1831,-21.5,1
7,1.1263,0.3041,0.0577,0.0,0.0079,0.8214,47.9,0
5,1.2506,0.0,0.0,0.0,0.003,0.7522,67.6,0
7,1.4737,0.1902,0.2515,0.5825,0.002,0.9196,13.7,0
18,1.9952,0.0,0.0847,0.1518,0.0221,0.4337,96.2,0
19,0.6626,0.0,0.0,0.1416,0.0055,0.5964,109.1,0
18,0.3336,0.1616,0.1532,0.0127,4.0854,0.5193,-1.1,0
18,0.0,0.0,0.1873,0.1596,0.0445,0.6357,98.0,1
2,1.1784,0.1552,0.0,0.5011,0.4372,0.0,52.2,1
17,0.7485,0.0,0.3958,0.264,0.0878,0.5727,19.5,0
2,1.9294,0.2943,0.0,0.0985,10.0,0.1266,-4.4,1
15,0.3248,0.3614,0.0,0.1114,0.0003,0.9382,19.8,0
19,1.1515,0.0014,0.3954,0.0,0.0017,0.4642,26.7,0
16,1.1861,0.0,0.2708,0.0283,0.1784,0.7717,62.9,1
4,0.7636,0.0,0.0592,0.0,0.0006,0.8023,84.9,0
16,1.0504,0.1388,0.269,0.2762,0.0136,0.1688,100.5,0
18,0.662,0.0,0.3435,0.0,0.3931,0.0668,37.3,0
7,0.5705,0.2315,0.1037,0.4216,0.0246,0.5057,57.5,0
11,1.3715,0.1517,0.0035,0.3569,0.0059,0.1128,19.6,0
14,0.2991,0.0195,0.0,0.0,0.0079,0.2794,34.6,0
18,1.9682,0.0091,0.0,0.2109,10.0,0.4075,-0.6,1
8,1.4795,0.1297,0.0,0.5051,0.0155,0.7266,106.9,0
7,1.3879,0.0,0.0759,0.1496,1.8467,0.287,9.1,1
9,0.9486,0.0,0.0,0.0,0.7927,0.3061,32.5,0
16,1.2544,0.0931,0.0,0.1549,0.1306,0.6248,-7.8,1
20,1.4019,0.4795,0.1152,0.0,0.0146,0.2954,113.7,0
2,1.2378,0.1158,0.2157,0.2062,5.2344,0.0,11.7,1
12,0.9618,0.0,0.1375,0.0,0.897,0.325,-29.8,1
18,0.5966,0.1171,0.3501,0.0,0.0018,0.6438,103.9,0
16,1.7975,0.0,0.0,0.0,1.2995,0.0,58.6,1
18,0.6806,0.0663,0.0,0.0532,0.0036,0.0,45.8,0
19,1.4026,0.0,0.0,0.1692,0.0002,0.8608,106.0,0
19,1.9875,0.2491,0.2025,0.56,0.0008,0.2188,105.8,0
7,1.3986,0.4823,0.0,0.0,0.0082,0.0,36.1,0
12,0.8582,0.0401,0.2849,0.0,0.0073,0.0481,102.3,0
15,1.9327,0.3755,0.2803,0.0,0.0025,0.1259,111.4,0
20,0.9217,0.3916,0.5061,0.476,0.3731,0.0863,26.6,0
5,0.2764,0.0,0.0,0.0,2.6523,0.42,20.5,1
5,1.7338,0.366,0.0104,0.4238,10.0,0.1798,35.6,1
1,1.2821,0.4855,0.1794,0.5696,6.5222,0.3605,68.5,1
1,0.6664,0.0,0.1855,0.1174,0.0454,0.2899,119.7,0
1,1.5291,0.2374,0.0761,0.5928,2.997,0.4698,102.5,0
5,0.8336,0.3383,0.0,0.0,0.0083,0.4949,69.1,1
14,0.8295,0.4859,0.0,0.3109,0.0153,0.7254,118.8,0
1,1.8007,0.509,0.0,0.1557,6.2256,0.2691,11.3,1
14,0.6768,0.0835,0.0,0.0,0.0009,0.9492,48.4,0
11,0.0,0.1168,0.0,0.0,0.3791,0.0558,45.1,0
9,1.7432,0.2153,0.0,0.0,0.0284,0.3956,106.4,0
19,1.8027,0.6124,0.0,0.2435,0.0155,0.7564,116.7,0
8,0.27,0.072,0.0,0.0,0.0,0.9789,69.6,0
13,1.4909,0.0,0.0,0.3345,0.4681,0.0,95.0,0
13,1.0327,0.0,0.0,0.4713,0.0047,0.053,69.7,0
11,0.1484,0.2887,0.1925,0.1087,0.0184,0.7367,-20.9,1
9,0.6416,0.1547,0.037,0.2789,0.0006,0.1758,74.6,1
10,1.915,0.0136,0.0,0.3679,1.1932,0.0964,-5.8,1
7,0.6786,0.0092,0.0007,0.2178,0.2153,0.1851,-8.7,1
10,0.0293,0.0,0.3691,0.4057,0.0068,0.6483,66.9,0
5,0.0,0.0,0.3805,0.5674,0.3993,0.1689,47.9,0
7,1.6228,0.1781,0.0,0.1484,0.0161,0.0693,118.5,0
19,1.6725,0.0,0.0565,0.0,0.0001,0.7156,107.6,0
16,1.3266,0.0,0.0306,0.5283,0.0063,0.8146,40.8,0
10,0.5342,0.6396,0.114,0.4835,0.0138,0.3969,101.8,0
1,0.8154,0.5917,0.2512,0.0,9.4105,0.1358,118.5,1
12,1.2999,0.0,0.4099,0.4127,1.1539,0.3695,-7.6,1
4,0.6459,0.1594,0.1047,0.0673,4.1381,0.7996,3.6,1
2,0.0,0.0,0.129,0.0,0.0084,0.707,33.3,0
2,1.1785,0.3376,0.0,0.0239,0.0039,0.3378,47.1,0
13,0.8847,0.4087,0.137,0.0,0.0027,0.7198,35.9,0
6,1.708,0.0,0.0,0.0,1.5673,0.1674,74.7,1
5,1.3804,0.2894,0.1209,0.429,0.0183,0.0777,8.8,0
20,0.4525,0.3032,0.4384,0.0838,0.035,0.7424,24.7,0
11,0.6362,0.0,0.0802,0.4375,0.0005,0.0458,106.6,0
12,1.0032,0.0,0.0336,0.1408,0.0391,0.4557,98.1,0
12,0.0,0.0,0.0864,0.0,0.2456,0.0668,34.8,0
12,1.7482,0.6256,0.0,0.4151,0.2891,0.1508,8.0,0
10,0.0,0.0,0.1697,0.0,0.0873,0.1165,46.8,0
18,0.9883,0.0802,0.2594,0.3051,0.0017,0.0,84.5,0
14,0.0,0.0602,0.0,0.0186,0.0051,0.8603,83.2,0
4,0.0,0.4064,0.4537,0.3921,2.1678,0.2547,3.4,1
8,0.6681,0.4165,0.2013,0.0,0.0167,0.0387,11.9,0
5,1.5698,0.038,0.0001,0.0,0.0356,0.0,23.6,0
20,0.0,0.2306,0.513,0.4056,0.4165,0.2267,62.8,0
5,0.0631,0.3484,0.2393,0.0,10.0,0.4344,-8.7,1
16,1.7472,0.0,0.0252,0.4998,0.0093,0.9577,-29.1,1
14,0.6553,0.0,0.0,0.1618,0.0138,0.1804,108.9,0
20,0.5617,0.1126,0.6449,0.3259,6.7166,0.0,-0.2,1
11,0.0,0.0,0.1254,0.2649,3.0543,0.0,-23.6,0
19,1.8913,0.0,0.0,0.14,0.0193,0.6682,38.0,0
15,0.4004,0.6166,0.4473,0.0,2.3285,0.5184,5.4,1
9,0.5568,0.0,0.0678,0.0,1.2739,0.0,-9.5,1
11,1.1324,0.0,0.3474,0.2279,0.2952,0.0,-3.5,1
15,1.815,0.3206,0.195,0.1466,0.5617,0.0,-8.5,0
12,1.4496,0.5228,0.3956,0.4391,0.0043,0.7884,101.2,0
10,0.0225,0.0,0.1437,0.5166,0.1205,0.0,41.1,0
1,0.1817,0.1056,0.0981,0.0,0.0337,0.089,71.4,0
8,1.8813,0.5253,0.5369,0.0,0.0052,0.8587,76.3,1
4,0.0,0.2831,0.0919,0.0,0.0565,0.0488,109.6,0
17,0.8395,0.0341,0.0,0.0,0.1716,0.2359,79.9,0
3,0.1122,0.0,0.5006,0.0934,10.0,0.0,-28.4,1
18,0.8487,0.0,0.0167,0.0876,0.0515,0.7106,55.9,0
6,1.6869,0.2552,0.0,0.1895,8.6957,0.0,28.1,1
12,0.9217,0.6403,0.1,0.1696,0.0103,0.592,5.3,0
15,0.3009,0.5681,0.0,0.0,0.002,0.4131,83.7,0
14,1.327,0.0,0.0,0.0,0.1601,0.461,33.1,0
18,0.4444,0.0759,0.2346,0.4634,2.9282,0.3048,-18.0,1
4,0.2084,0.0931,0.2502,0.0,0.0003,0.8085,114.2,0
6,1.4178,0.1345,0.0,0.0886,4.7376,0.0,8.5,1
8,0.2534,0.0,0.288,0.0743,10.0,0.2929,-14.0,1
9,0.505,0.3341,0.585,0.0,0.0004,0.8226,75.1,0
7,1.7699,0.0,0.2198,0.4401,0.0006,0.8881,93.7,0
16,1.6511,0.0,0.3361,0.0,0.3368,0.3249,40.8,0
5,1.9549,0.0707,0.0,0.2713,0.0012,0.0,92.0,0
18,1.9742,0.3782,0.0427,0.1301,0.1636,0.4514,-9.9,1
1,0.775,0.1143,0.0,0.0,0.1256,0.6094,69.5,0
1,1.9089,0.0,0.1029,0.0881,0.5645,0.2549,33.6,0
9,1.0771,0.4003,0.2091,0.0,0.1328,0.1568,14.2,0
15,0.0,0.0745,0.2165,0.2104,0.0004,0.6215,90.6,0
19,0.2856,0.1124,0.3169,0.0,0.0552,0.5638,-13.6,0
9,1.0075,0.28,0.0166,0.0504,0.001,0.5385,53.8,0
20,1.079,0.3873,0.2844,0.2522,0.1156,0.2786,-4.7,1
17,0.3188,0.3539,0.0,0.5341,4.8484,0.5559,-8.5,0
9,1.1808,0.4989,0.0995,0.0,0.2536,0.0194,88.3,0
18,1.6788,0.0,0.1767,0.0816,0.0041,0.3139,79.2,0
5,1.7814,0.5403,0.1417,0.0,0.0127,0.6147,44.4,0
12,0.9068,0.0,0.4529,0.0,0.001,0.4562,81.6,0
3,0.8246,0.0,0.3442,0.0,0.0109,0.4103,53.6,0
13,0.4043,0.0651,0.0393,0.1607,0.0135,0.8239,58.9,0
15,0.0771,0.0,0.2808,0.0,10.0,0.3444,-20.7,1
11,1.1125,0.1679,0.0,0.0,0.058,0.1651,41.5,0
10,0.0248,0.0,0.05,0.0,0.5513,0.1822,-1.3,1
8,0.0943,0.0,0.0458,0.0962,1.4496,0.2511,81.1,1
3,0.0,0.1532,0.3725,0.4168,0.0038,0.831,92.4,1
8,0.3937,0.2965,0.1202,0.3408,0.476,0.166,11.4,0
7,1.2897,0.2006,0.3628,0.0,0.4695,0.0634,115.0,0
3,0.7834,0.2449,0.034,0.0,0.0532,0.2773,16.7,0
4,0.2152,0.0,0.0,0.2612,10.0,0.6313,-19.7,1
7,1.034,0.1043,0.1221,0.5287,0.0211,0.1351,70.9,0
12,0.3289,0.4483,0.0,0.0,0.8806,0.0119,76.7,1
8,0.0,0.3262,0.0624,0.0,0.7477,0.6296,-1.5,1
15,1.1683,0.0,0.0955,0.0686,1.7361,0.3323,-2.2,0
7,1.1049,0.0,0.0189,0.0,0.0013,0.1228,55.8,0
4,1.6176,0.1708,0.3735,0.4919,0.0405,0.0,26.3,0
3,1.625,0.0,0.243,0.3748,0.0048,0.8741,113.6,0
19,0.2957,0.2551,0.0596,0.4888,10.0,0.1439,-25.5,1
15,0.8892,0.605,0.0,0.0576,0.0061,0.0,11.9,0
16,1.3773,0.0451,0.563,0.1859,0.0614,0.8784,94.2,0
16,1.1957,0.2425,0.247,0.0126,0.1739,0.0,68.6,1
18,1.0734,0.0,0.2999,0.2588,0.0725,0.7917,14.3,0
13,1.3436,0.2266,0.0,0.4199,0.0064,0.3966,112.7,0
16,1.2966,0.1452,0.0,0.0,0.0056,0.7344,118.1,1
2,1.7077,0.5314,0.1052,0.0,0.1289,0.5804,64.3,0
3,1.2892,0.0,0.0,0.0,10.0,0.6119,-29.0,1
4,1.0954,0.0,0.0,0.4646,0.1853,0.8323,9.8,0
5,1.8809,0.5144,0.0,0.0,4.8184,0.5545,-14.1,1
15,0.6425,0.0,0.0809,0.1095,0.0508,0.257,-10.1,1
13,0.0,0.5403,0.1968,0.094,0.0074,0.4152,65.9,0
1,0.8231,0.0,0.2595,0.1251,0.1801,0.7102,28.5,0
19,0.0,0.7407,0.0,0.3071,0.6217,0.6113,12.5,0
17,0.9246,0.2726,0.144,0.5162,0.0016,0.7222,61.7,0
18,1.8046,0.0,0.0489,0.0,0.0093,0.4218,80.1,0
2,0.5649,0.3511,0.2171,0.4988,0.0251,0.6668,39.5,0
8,0.6339,0.1549,0.0463,0.0,10.0,0.0346,-5.9,1
9,0.2219,0.0,0.0802,0.2138,0.0018,0.8847,113.1,0
5,1.3861,0.0,0.1782,0.0,0.141,0.6008,2.1,0
3,0.5526,0.385,0.0,0.0149,0.001,0.7854,73.7,0
15,0.7042,0.0,0.4025,0.2422,1.297,0.2633,-4.5,1
20,1.1368,0.0132,0.3052,0.1852,0.2814,0.4601,-13.2,1
11,1.1631,0.7155,0.0135,0.0,0.2057,0.7815,29.4,0
14,0.2876,0.4431,0.1581,0.5563,0.053,0.6418,82.8,0
2,1.8155,0.0,0.3585,0.5331,0.0171,0.3613,37.1,0
13,1.6144,0.3734,0.051,0.2926,0.5283,0.1136,34.4,0
20,1.4901,0.5713,0.0374,0.0259,0.0031,0.6005,4.0,0
20,1.7598,0.3868,0.0,0.1396,0.0034,0.2909,25.5,0
6,0.0,0.0574,0.2488,0.1046,0.0654,0.8807,97.5,0
6,0.1726,0.0,0.435,0.0,0.0221,0.4937,81.4,0
8,1.8331,0.0,0.0853,0.0,10.0,0.4782,-9.6,1
10,0.801,0.0,0.0525,0.0102,0.085,0.8988,77.2,1
20,1.9847,0.0,0.1958,0.2098,0.3853,0.5207,-4.3,1
3,1.2816,0.0,0.6326,0.1894,1.0292,0.0069,70.0,1
3,1.8986,0.1708,0.4108,0.186,0.0804,0.8142,71.2,0
1,1.6669,0.0,0.0748,0.0112,3.6631,0.4648,6.6,1
13,1.2018,0.3335,0.0794,0.0221,0.1033,0.7705,28.7,0
19,1.9867,0.2348,0.2831,0.2189,0.6459,0.6299,-11.4,1
5,0.946,0.0,0.076,0.3089,10.0,0.3565,-9.0,1
12,1.2775,0.0,0.3097,0.5664,0.097,0.2243,101.0,0
11,0.4226,0.6457,0.2017,0.5629,0.0028,0.7966,83.6,0
9,0.0,0.0,0.0,0.2536,0.2888,0.0,16.1,0
9,1.2518,0.0,0.0,0.5322,0.0174,0.29,99.7,0
14,0.378,0.1256,0.0,0.3395,0.2054,0.0,-21.9,1
3,0.0,0.0143,0.0,0.0,0.5457,0.4148,98.9,0
6,0.2528,0.0,0.045,0.0644,0.0117,0.0,85.7,0
4,1.1843,0.0329,0.049,0.0,0.2578,0.9116,76.9,0
4,1.349,0.0,0.0504,0.2913,0.051,0.1287,87.4,1
18,1.7427,0.0,0.0,0.3073,0.007,0.3909,113.9,0
19,1.1288,0.1458,0.0615,0.0906,0.0053,0.9466,16.1,0
14,0.9195,0.1632,0.0,0.0,0.1947,0.0,19.4,0
10,0.1132,0.3633,0.1244,0.2718,0.0791,0.1171,65.8,1
9,1.7941,0.0708,0.2348,0.0,0.0024,0.4791,115.7,0
3,0.262,0.0,0.3573,0.0,5.3516,0.0844,8.4,1
11,0.0,0.0,0.1784,0.4421,0.4937,0.2941,54.3,0
15,0.7342,0.0,0.3143,0.5433,10.0,0.389,-7.0,1
1,1.1782,0.0,0.558,0.0,4.0138,0.3993,33.5,1
3,1.7978,0.1143,0.1363,0.0,0.1323,0.0,50.8,0
10,1.9839,0.0343,0.0,0.5115,0.6025,0.0,59.9,0
9,0.0,0.1378,0.0,0.5222,0.006,0.7375,70.2,0
20,0.0,0.3858,0.1073,0.0,0.0062,0.1673,105.6,0
18,1.2854,0.0,0.0,0.3473,0.0006,0.9151,65.1,0
11,1.4161,0.2482,0.4169,0.0,0.0006,0.9749,49.5,0
14,1.7402,0.0705,0.1332,0.0,10.0,0.1776,-18.8,1
12,0.0,0.0,0.1125,0.4488,0.1561,0.0,60.5,0
3,1.2995,0.0,0.3439,0.0,0.0885,0.8936,50.5,0
16,0.6771,0.5241,0.0,0.0,0.0511,0.6418,96.8,0
12,0.0603,0.073,0.296,0.4473,2.0406,0.5613,-26.8,0
2,1.0642,0.0,0.2223,0.0573,0.1891,0.2027,42.3,0
20,1.0825,0.4113,0.0099,0.1978,0.0472,0.0,85.2,0
4,1.667,0.0,0.2838,0.3702,0.0163,0.0419,71.0,0
15,1.7161,0.0,0.0,0.3823,0.0688,0.0523,34.7,0
9,1.8502,0.2813,0.0,0.1173,0.1177,0.203,40.6,1
20,1.7231,0.1185,0.0,0.2124,0.0428,0.1004,21.2,0
20,0.5226,0.0,0.0101,0.0,0.0088,0.0102,7.5,0
11,1.6198,0.2463,0.0,0.0,0.0003,0.9673,67.5,0
19,0.7304,0.1536,0.0659,0.0244,0.5988,0.0774,36.2,0
14,1.0324,0.1147,0.2829,0.2322,0.9864,0.3293,-4.9,1
10,1.7398,0.0633,0.1676,0.5146,0.0036,0.0291,118.3,0
3,0.0,0.0,0.0,0.5857,0.2263,0.9614,-21.1,1
10,0.0,0.36,0.5563,0.1597,0.0019,0.0,49.5,0
12,1.7738,0.1345,0.1435,0.5336,0.0023,0.6152,40.0,1
9,0.0,0.4262,0.3014,0.0969,10.0,0.0464,-4.4,1
18,1.42,0.2919,0.0,0.0589,0.4912,0.4409,-7.1,1
12,0.0,0.0514,0.0,0.0,0.3888,0.1453,48.4,0
5,0.5539,0.5431,0.1255,0.3699,1.0166,0.2616,55.0,1
18,0.8256,0.3097,0.3305,0.3717,0.0075,0.8595,-16.8,1
13,1.5798,0.1564,0.3506,0.0,0.182,0.3694,74.2,0
8,1.9399,0.3631,0.0,0.2221,0.0038,0.5469,109.5,0
3,1.8075,0.0,0.0,0.3531,0.0129,0.1857,30.4,0
5,0.0906,0.0,0.1893,0.0,0.0344,0.0,63.7,1
16,1.706,0.2236,0.3415,0.3281,0.3188,0.3784,111.1,0
16,0.1599,0.4045,0.0,0.0,0.0068,0.2775,16.5,0
8,0.5715,0.3141,0.0325,0.1653,0.3077,0.9452,6.7,0
13,1.5094,0.0864,0.0163,0.1646,0.0274,0.7987,105.8,0
17,0.8668,0.2639,0.0305,0.0,0.0361,0.0613,-5.9,1
1,1.3682,0.1708,0.0,0.4114,0.3281,0.6732,70.3,0
4,0.1853,0.0,0.0,0.0,0.0245,0.7912,100.8,0
2,1.9837,0.0,0.0843,0.515,0.0451,0.1914,119.4,0
4,0.494,0.0,0.3048,0.0,0.1571,0.6205,100.8,0
2,0.6289,0.387,0.0947,0.4718,0.0113,0.2178,56.8,0
3,0.0,0.0,0.0,0.0,0.008,0.7562,92.7,0
7,1.5973,0.0,0.2578,0.0,0.6741,0.2932,2.6,1
